<?xml version="1.0" encoding="UTF-8"?>
<gpx version="1.1" creator="2026-routes" xmlns="http://www.topografix.com/GPX/1/1">
  <metadata>
    <name>第四天路線(10/14)</name>
    <desc>第四天路線(10/14)</desc>
  </metadata>
  <trk>
    <name>Day 4 第四天路線(10/14)</name>
    <trkseg>
      <trkpt lat="26.460020" lon="127.945010"></trkpt>
      <trkpt lat="26.459950" lon="127.944970"></trkpt>
      <trkpt lat="26.459670" lon="127.944600"></trkpt>
      <trkpt lat="26.460170" lon="127.944100"></trkpt>
      <trkpt lat="26.460230" lon="127.944050"></trkpt>
      <trkpt lat="26.460280" lon="127.944000"></trkpt>
      <trkpt lat="26.460280" lon="127.943990"></trkpt>
      <trkpt lat="26.460290" lon="127.943990"></trkpt>
      <trkpt lat="26.460290" lon="127.943970"></trkpt>
      <trkpt lat="26.460300" lon="127.943960"></trkpt>
      <trkpt lat="26.460310" lon="127.943820"></trkpt>
      <trkpt lat="26.460630" lon="127.943820"></trkpt>
      <trkpt lat="26.460800" lon="127.943790"></trkpt>
      <trkpt lat="26.460960" lon="127.943740"></trkpt>
      <trkpt lat="26.461150" lon="127.943660"></trkpt>
      <trkpt lat="26.461400" lon="127.943480"></trkpt>
      <trkpt lat="26.462100" lon="127.942780"></trkpt>
      <trkpt lat="26.462180" lon="127.942720"></trkpt>
      <trkpt lat="26.462200" lon="127.942700"></trkpt>
      <trkpt lat="26.462350" lon="127.942610"></trkpt>
      <trkpt lat="26.462390" lon="127.942580"></trkpt>
      <trkpt lat="26.462480" lon="127.942540"></trkpt>
      <trkpt lat="26.462520" lon="127.942530"></trkpt>
      <trkpt lat="26.462550" lon="127.942510"></trkpt>
      <trkpt lat="26.462720" lon="127.942450"></trkpt>
      <trkpt lat="26.462850" lon="127.942420"></trkpt>
      <trkpt lat="26.462860" lon="127.942410"></trkpt>
      <trkpt lat="26.463170" lon="127.942330"></trkpt>
      <trkpt lat="26.463210" lon="127.942330"></trkpt>
      <trkpt lat="26.463530" lon="127.942280"></trkpt>
      <trkpt lat="26.464110" lon="127.942270"></trkpt>
      <trkpt lat="26.464170" lon="127.942260"></trkpt>
      <trkpt lat="26.464350" lon="127.942210"></trkpt>
      <trkpt lat="26.464390" lon="127.942180"></trkpt>
      <trkpt lat="26.464400" lon="127.942180"></trkpt>
      <trkpt lat="26.464470" lon="127.942140"></trkpt>
      <trkpt lat="26.464480" lon="127.942120"></trkpt>
      <trkpt lat="26.464580" lon="127.942030"></trkpt>
      <trkpt lat="26.465000" lon="127.941370"></trkpt>
      <trkpt lat="26.465100" lon="127.941230"></trkpt>
      <trkpt lat="26.465110" lon="127.941210"></trkpt>
      <trkpt lat="26.465400" lon="127.940810"></trkpt>
      <trkpt lat="26.465430" lon="127.940780"></trkpt>
      <trkpt lat="26.465480" lon="127.940700"></trkpt>
      <trkpt lat="26.465540" lon="127.940570"></trkpt>
      <trkpt lat="26.465570" lon="127.940480"></trkpt>
      <trkpt lat="26.465580" lon="127.940410"></trkpt>
      <trkpt lat="26.465580" lon="127.940350"></trkpt>
      <trkpt lat="26.465520" lon="127.939970"></trkpt>
      <trkpt lat="26.465460" lon="127.939460"></trkpt>
      <trkpt lat="26.465460" lon="127.939190"></trkpt>
      <trkpt lat="26.465480" lon="127.938770"></trkpt>
      <trkpt lat="26.465510" lon="127.938570"></trkpt>
      <trkpt lat="26.465510" lon="127.938520"></trkpt>
      <trkpt lat="26.465560" lon="127.938410"></trkpt>
      <trkpt lat="26.465580" lon="127.938310"></trkpt>
      <trkpt lat="26.465600" lon="127.938280"></trkpt>
      <trkpt lat="26.465660" lon="127.938140"></trkpt>
      <trkpt lat="26.465690" lon="127.938090"></trkpt>
      <trkpt lat="26.465750" lon="127.937930"></trkpt>
      <trkpt lat="26.465830" lon="127.937850"></trkpt>
      <trkpt lat="26.465960" lon="127.937620"></trkpt>
      <trkpt lat="26.466070" lon="127.937460"></trkpt>
      <trkpt lat="26.466140" lon="127.937340"></trkpt>
      <trkpt lat="26.466170" lon="127.937240"></trkpt>
      <trkpt lat="26.465950" lon="127.937100"></trkpt>
      <trkpt lat="26.465770" lon="127.936970"></trkpt>
      <trkpt lat="26.465630" lon="127.936910"></trkpt>
      <trkpt lat="26.465250" lon="127.936690"></trkpt>
      <trkpt lat="26.465010" lon="127.936580"></trkpt>
      <trkpt lat="26.464960" lon="127.936570"></trkpt>
      <trkpt lat="26.464580" lon="127.936460"></trkpt>
      <trkpt lat="26.464570" lon="127.936460"></trkpt>
      <trkpt lat="26.464440" lon="127.936420"></trkpt>
      <trkpt lat="26.464220" lon="127.936370"></trkpt>
      <trkpt lat="26.464190" lon="127.936370"></trkpt>
      <trkpt lat="26.464110" lon="127.936350"></trkpt>
      <trkpt lat="26.463710" lon="127.936280"></trkpt>
      <trkpt lat="26.462750" lon="127.936080"></trkpt>
      <trkpt lat="26.462740" lon="127.936070"></trkpt>
      <trkpt lat="26.462380" lon="127.936010"></trkpt>
      <trkpt lat="26.460530" lon="127.935640"></trkpt>
      <trkpt lat="26.459250" lon="127.935520"></trkpt>
      <trkpt lat="26.459160" lon="127.935520"></trkpt>
      <trkpt lat="26.457250" lon="127.935730"></trkpt>
      <trkpt lat="26.456110" lon="127.935940"></trkpt>
      <trkpt lat="26.455180" lon="127.936060"></trkpt>
      <trkpt lat="26.455150" lon="127.936060"></trkpt>
      <trkpt lat="26.454080" lon="127.936210"></trkpt>
      <trkpt lat="26.453250" lon="127.936180"></trkpt>
      <trkpt lat="26.452560" lon="127.935960"></trkpt>
      <trkpt lat="26.452180" lon="127.935680"></trkpt>
      <trkpt lat="26.452020" lon="127.935550"></trkpt>
      <trkpt lat="26.451890" lon="127.935460"></trkpt>
      <trkpt lat="26.451320" lon="127.934750"></trkpt>
      <trkpt lat="26.451280" lon="127.934660"></trkpt>
      <trkpt lat="26.450250" lon="127.932850"></trkpt>
      <trkpt lat="26.450250" lon="127.932840"></trkpt>
      <trkpt lat="26.450060" lon="127.932490"></trkpt>
      <trkpt lat="26.449760" lon="127.931990"></trkpt>
      <trkpt lat="26.449710" lon="127.931890"></trkpt>
      <trkpt lat="26.449440" lon="127.931420"></trkpt>
      <trkpt lat="26.449370" lon="127.931280"></trkpt>
      <trkpt lat="26.449080" lon="127.930770"></trkpt>
      <trkpt lat="26.448730" lon="127.930090"></trkpt>
      <trkpt lat="26.448500" lon="127.929590"></trkpt>
      <trkpt lat="26.448300" lon="127.929020"></trkpt>
      <trkpt lat="26.448160" lon="127.928530"></trkpt>
      <trkpt lat="26.448090" lon="127.928220"></trkpt>
      <trkpt lat="26.448070" lon="127.928160"></trkpt>
      <trkpt lat="26.447960" lon="127.927720"></trkpt>
      <trkpt lat="26.447940" lon="127.927580"></trkpt>
      <trkpt lat="26.447900" lon="127.927390"></trkpt>
      <trkpt lat="26.447770" lon="127.926470"></trkpt>
      <trkpt lat="26.447770" lon="127.926430"></trkpt>
      <trkpt lat="26.447760" lon="127.926370"></trkpt>
      <trkpt lat="26.447760" lon="127.926260"></trkpt>
      <trkpt lat="26.447750" lon="127.926210"></trkpt>
      <trkpt lat="26.447740" lon="127.926080"></trkpt>
      <trkpt lat="26.447740" lon="127.926000"></trkpt>
      <trkpt lat="26.447730" lon="127.925880"></trkpt>
      <trkpt lat="26.447730" lon="127.925660"></trkpt>
      <trkpt lat="26.447720" lon="127.925570"></trkpt>
      <trkpt lat="26.447720" lon="127.925230"></trkpt>
      <trkpt lat="26.447710" lon="127.925120"></trkpt>
      <trkpt lat="26.447720" lon="127.924930"></trkpt>
      <trkpt lat="26.447720" lon="127.924730"></trkpt>
      <trkpt lat="26.447750" lon="127.924340"></trkpt>
      <trkpt lat="26.447750" lon="127.923950"></trkpt>
      <trkpt lat="26.447770" lon="127.923580"></trkpt>
      <trkpt lat="26.447790" lon="127.922410"></trkpt>
      <trkpt lat="26.447760" lon="127.918260"></trkpt>
      <trkpt lat="26.447750" lon="127.918150"></trkpt>
      <trkpt lat="26.447760" lon="127.917830"></trkpt>
      <trkpt lat="26.447750" lon="127.917140"></trkpt>
      <trkpt lat="26.447770" lon="127.916700"></trkpt>
      <trkpt lat="26.447780" lon="127.916680"></trkpt>
      <trkpt lat="26.448070" lon="127.913130"></trkpt>
      <trkpt lat="26.448080" lon="127.913100"></trkpt>
      <trkpt lat="26.448210" lon="127.912320"></trkpt>
      <trkpt lat="26.448260" lon="127.912130"></trkpt>
      <trkpt lat="26.448270" lon="127.912060"></trkpt>
      <trkpt lat="26.448290" lon="127.912000"></trkpt>
      <trkpt lat="26.448340" lon="127.911750"></trkpt>
      <trkpt lat="26.448350" lon="127.911740"></trkpt>
      <trkpt lat="26.448370" lon="127.911630"></trkpt>
      <trkpt lat="26.448380" lon="127.911520"></trkpt>
      <trkpt lat="26.448390" lon="127.911510"></trkpt>
      <trkpt lat="26.448440" lon="127.911300"></trkpt>
      <trkpt lat="26.448460" lon="127.911180"></trkpt>
      <trkpt lat="26.448530" lon="127.910890"></trkpt>
      <trkpt lat="26.448560" lon="127.910710"></trkpt>
      <trkpt lat="26.448570" lon="127.910690"></trkpt>
      <trkpt lat="26.448570" lon="127.910680"></trkpt>
      <trkpt lat="26.448630" lon="127.910390"></trkpt>
      <trkpt lat="26.448650" lon="127.910320"></trkpt>
      <trkpt lat="26.448650" lon="127.910300"></trkpt>
      <trkpt lat="26.448820" lon="127.909420"></trkpt>
      <trkpt lat="26.448980" lon="127.908770"></trkpt>
      <trkpt lat="26.449010" lon="127.908680"></trkpt>
      <trkpt lat="26.449090" lon="127.908350"></trkpt>
      <trkpt lat="26.449090" lon="127.908240"></trkpt>
      <trkpt lat="26.449110" lon="127.908180"></trkpt>
      <trkpt lat="26.449120" lon="127.908120"></trkpt>
      <trkpt lat="26.449150" lon="127.908070"></trkpt>
      <trkpt lat="26.449150" lon="127.908050"></trkpt>
      <trkpt lat="26.449160" lon="127.908030"></trkpt>
      <trkpt lat="26.449210" lon="127.907960"></trkpt>
      <trkpt lat="26.449240" lon="127.907930"></trkpt>
      <trkpt lat="26.449260" lon="127.907900"></trkpt>
      <trkpt lat="26.449270" lon="127.907900"></trkpt>
      <trkpt lat="26.449310" lon="127.907840"></trkpt>
      <trkpt lat="26.449350" lon="127.907800"></trkpt>
      <trkpt lat="26.449350" lon="127.907790"></trkpt>
      <trkpt lat="26.449360" lon="127.907780"></trkpt>
      <trkpt lat="26.449400" lon="127.907690"></trkpt>
      <trkpt lat="26.449400" lon="127.907670"></trkpt>
      <trkpt lat="26.449410" lon="127.907650"></trkpt>
      <trkpt lat="26.449410" lon="127.907580"></trkpt>
      <trkpt lat="26.449450" lon="127.907480"></trkpt>
      <trkpt lat="26.449450" lon="127.907390"></trkpt>
      <trkpt lat="26.449460" lon="127.907330"></trkpt>
      <trkpt lat="26.449460" lon="127.907300"></trkpt>
      <trkpt lat="26.449470" lon="127.907260"></trkpt>
      <trkpt lat="26.449470" lon="127.907200"></trkpt>
      <trkpt lat="26.449480" lon="127.907180"></trkpt>
      <trkpt lat="26.449480" lon="127.907150"></trkpt>
      <trkpt lat="26.449500" lon="127.907090"></trkpt>
      <trkpt lat="26.449510" lon="127.907030"></trkpt>
      <trkpt lat="26.449600" lon="127.906750"></trkpt>
      <trkpt lat="26.449680" lon="127.906540"></trkpt>
      <trkpt lat="26.449770" lon="127.906180"></trkpt>
      <trkpt lat="26.449770" lon="127.906130"></trkpt>
      <trkpt lat="26.449780" lon="127.906060"></trkpt>
      <trkpt lat="26.449790" lon="127.906020"></trkpt>
      <trkpt lat="26.449790" lon="127.905880"></trkpt>
      <trkpt lat="26.449800" lon="127.905770"></trkpt>
      <trkpt lat="26.449800" lon="127.905570"></trkpt>
      <trkpt lat="26.449790" lon="127.905380"></trkpt>
      <trkpt lat="26.449790" lon="127.904630"></trkpt>
      <trkpt lat="26.449780" lon="127.904390"></trkpt>
      <trkpt lat="26.449710" lon="127.903950"></trkpt>
      <trkpt lat="26.449630" lon="127.903630"></trkpt>
      <trkpt lat="26.449530" lon="127.903290"></trkpt>
      <trkpt lat="26.449470" lon="127.903120"></trkpt>
      <trkpt lat="26.449390" lon="127.902740"></trkpt>
      <trkpt lat="26.449350" lon="127.902390"></trkpt>
      <trkpt lat="26.449350" lon="127.902150"></trkpt>
      <trkpt lat="26.449380" lon="127.901850"></trkpt>
      <trkpt lat="26.449430" lon="127.901580"></trkpt>
      <trkpt lat="26.449490" lon="127.901340"></trkpt>
      <trkpt lat="26.449630" lon="127.900570"></trkpt>
      <trkpt lat="26.449810" lon="127.899820"></trkpt>
      <trkpt lat="26.450140" lon="127.898810"></trkpt>
      <trkpt lat="26.450350" lon="127.898350"></trkpt>
      <trkpt lat="26.450460" lon="127.898070"></trkpt>
      <trkpt lat="26.450490" lon="127.898010"></trkpt>
      <trkpt lat="26.450800" lon="127.897270"></trkpt>
      <trkpt lat="26.450960" lon="127.896940"></trkpt>
      <trkpt lat="26.451250" lon="127.896420"></trkpt>
      <trkpt lat="26.451530" lon="127.895970"></trkpt>
      <trkpt lat="26.451870" lon="127.895510"></trkpt>
      <trkpt lat="26.451970" lon="127.895390"></trkpt>
      <trkpt lat="26.452640" lon="127.894460"></trkpt>
      <trkpt lat="26.452660" lon="127.894440"></trkpt>
      <trkpt lat="26.453940" lon="127.892530"></trkpt>
      <trkpt lat="26.454240" lon="127.892180"></trkpt>
      <trkpt lat="26.454300" lon="127.892130"></trkpt>
      <trkpt lat="26.454360" lon="127.892060"></trkpt>
      <trkpt lat="26.454630" lon="127.891840"></trkpt>
      <trkpt lat="26.454700" lon="127.891770"></trkpt>
      <trkpt lat="26.455350" lon="127.891240"></trkpt>
      <trkpt lat="26.455540" lon="127.891050"></trkpt>
      <trkpt lat="26.455670" lon="127.890890"></trkpt>
      <trkpt lat="26.455750" lon="127.890770"></trkpt>
      <trkpt lat="26.455840" lon="127.890610"></trkpt>
      <trkpt lat="26.455960" lon="127.890320"></trkpt>
      <trkpt lat="26.456000" lon="127.890150"></trkpt>
      <trkpt lat="26.456020" lon="127.890100"></trkpt>
      <trkpt lat="26.456050" lon="127.889940"></trkpt>
      <trkpt lat="26.456050" lon="127.889880"></trkpt>
      <trkpt lat="26.456070" lon="127.889700"></trkpt>
      <trkpt lat="26.456070" lon="127.889280"></trkpt>
      <trkpt lat="26.456050" lon="127.888950"></trkpt>
      <trkpt lat="26.456050" lon="127.888620"></trkpt>
      <trkpt lat="26.456060" lon="127.888530"></trkpt>
      <trkpt lat="26.456060" lon="127.888440"></trkpt>
      <trkpt lat="26.456070" lon="127.888320"></trkpt>
      <trkpt lat="26.456120" lon="127.888080"></trkpt>
      <trkpt lat="26.456150" lon="127.888000"></trkpt>
      <trkpt lat="26.456160" lon="127.887940"></trkpt>
      <trkpt lat="26.456190" lon="127.887870"></trkpt>
      <trkpt lat="26.456220" lon="127.887780"></trkpt>
      <trkpt lat="26.456240" lon="127.887750"></trkpt>
      <trkpt lat="26.456310" lon="127.887600"></trkpt>
      <trkpt lat="26.456420" lon="127.887400"></trkpt>
      <trkpt lat="26.456510" lon="127.887280"></trkpt>
      <trkpt lat="26.456510" lon="127.887270"></trkpt>
      <trkpt lat="26.456590" lon="127.887170"></trkpt>
      <trkpt lat="26.456600" lon="127.887150"></trkpt>
      <trkpt lat="26.457890" lon="127.885380"></trkpt>
      <trkpt lat="26.457990" lon="127.885210"></trkpt>
      <trkpt lat="26.458080" lon="127.885000"></trkpt>
      <trkpt lat="26.458120" lon="127.884880"></trkpt>
      <trkpt lat="26.458160" lon="127.884700"></trkpt>
      <trkpt lat="26.458180" lon="127.884550"></trkpt>
      <trkpt lat="26.458180" lon="127.884210"></trkpt>
      <trkpt lat="26.458120" lon="127.883890"></trkpt>
      <trkpt lat="26.458100" lon="127.883840"></trkpt>
      <trkpt lat="26.458060" lon="127.883700"></trkpt>
      <trkpt lat="26.457950" lon="127.883480"></trkpt>
      <trkpt lat="26.457810" lon="127.883260"></trkpt>
      <trkpt lat="26.457730" lon="127.883170"></trkpt>
      <trkpt lat="26.457690" lon="127.883110"></trkpt>
      <trkpt lat="26.457640" lon="127.883060"></trkpt>
      <trkpt lat="26.457370" lon="127.882750"></trkpt>
      <trkpt lat="26.457270" lon="127.882610"></trkpt>
      <trkpt lat="26.457200" lon="127.882490"></trkpt>
      <trkpt lat="26.457120" lon="127.882330"></trkpt>
      <trkpt lat="26.457060" lon="127.882170"></trkpt>
      <trkpt lat="26.456800" lon="127.881020"></trkpt>
      <trkpt lat="26.456590" lon="127.880200"></trkpt>
      <trkpt lat="26.456580" lon="127.880140"></trkpt>
      <trkpt lat="26.456550" lon="127.880030"></trkpt>
      <trkpt lat="26.456500" lon="127.879760"></trkpt>
      <trkpt lat="26.456370" lon="127.879300"></trkpt>
      <trkpt lat="26.456350" lon="127.879200"></trkpt>
      <trkpt lat="26.456260" lon="127.878960"></trkpt>
      <trkpt lat="26.455650" lon="127.876840"></trkpt>
      <trkpt lat="26.455530" lon="127.876280"></trkpt>
      <trkpt lat="26.455510" lon="127.876100"></trkpt>
      <trkpt lat="26.455490" lon="127.876040"></trkpt>
      <trkpt lat="26.455470" lon="127.875820"></trkpt>
      <trkpt lat="26.455470" lon="127.875600"></trkpt>
      <trkpt lat="26.455480" lon="127.875500"></trkpt>
      <trkpt lat="26.455480" lon="127.875460"></trkpt>
      <trkpt lat="26.455540" lon="127.875130"></trkpt>
      <trkpt lat="26.455570" lon="127.875040"></trkpt>
      <trkpt lat="26.455680" lon="127.874780"></trkpt>
      <trkpt lat="26.455720" lon="127.874720"></trkpt>
      <trkpt lat="26.455730" lon="127.874690"></trkpt>
      <trkpt lat="26.455830" lon="127.874510"></trkpt>
      <trkpt lat="26.457110" lon="127.872460"></trkpt>
      <trkpt lat="26.457160" lon="127.872400"></trkpt>
      <trkpt lat="26.457710" lon="127.871520"></trkpt>
      <trkpt lat="26.457830" lon="127.871300"></trkpt>
      <trkpt lat="26.457890" lon="127.871160"></trkpt>
      <trkpt lat="26.457970" lon="127.870930"></trkpt>
      <trkpt lat="26.458000" lon="127.870820"></trkpt>
      <trkpt lat="26.458050" lon="127.870550"></trkpt>
      <trkpt lat="26.458050" lon="127.870490"></trkpt>
      <trkpt lat="26.458060" lon="127.870410"></trkpt>
      <trkpt lat="26.458060" lon="127.870160"></trkpt>
      <trkpt lat="26.458050" lon="127.870100"></trkpt>
      <trkpt lat="26.458050" lon="127.870010"></trkpt>
      <trkpt lat="26.458010" lon="127.869770"></trkpt>
      <trkpt lat="26.457930" lon="127.869450"></trkpt>
      <trkpt lat="26.457920" lon="127.869430"></trkpt>
      <trkpt lat="26.457710" lon="127.868710"></trkpt>
      <trkpt lat="26.457700" lon="127.868660"></trkpt>
      <trkpt lat="26.457630" lon="127.868460"></trkpt>
      <trkpt lat="26.456260" lon="127.863980"></trkpt>
      <trkpt lat="26.456220" lon="127.863870"></trkpt>
      <trkpt lat="26.456220" lon="127.863860"></trkpt>
      <trkpt lat="26.456210" lon="127.863850"></trkpt>
      <trkpt lat="26.456190" lon="127.863770"></trkpt>
      <trkpt lat="26.456110" lon="127.863550"></trkpt>
      <trkpt lat="26.456090" lon="127.863480"></trkpt>
      <trkpt lat="26.456080" lon="127.863480"></trkpt>
      <trkpt lat="26.455910" lon="127.862980"></trkpt>
      <trkpt lat="26.455890" lon="127.862950"></trkpt>
      <trkpt lat="26.455620" lon="127.862220"></trkpt>
      <trkpt lat="26.455610" lon="127.862220"></trkpt>
      <trkpt lat="26.455610" lon="127.862210"></trkpt>
      <trkpt lat="26.453940" lon="127.857670"></trkpt>
      <trkpt lat="26.453860" lon="127.857500"></trkpt>
      <trkpt lat="26.453640" lon="127.857120"></trkpt>
      <trkpt lat="26.453380" lon="127.856720"></trkpt>
      <trkpt lat="26.453380" lon="127.856710"></trkpt>
      <trkpt lat="26.453250" lon="127.856500"></trkpt>
      <trkpt lat="26.452980" lon="127.855960"></trkpt>
      <trkpt lat="26.452920" lon="127.855800"></trkpt>
      <trkpt lat="26.452830" lon="127.855510"></trkpt>
      <trkpt lat="26.452540" lon="127.854750"></trkpt>
      <trkpt lat="26.452280" lon="127.853930"></trkpt>
      <trkpt lat="26.452010" lon="127.853150"></trkpt>
      <trkpt lat="26.451830" lon="127.852740"></trkpt>
      <trkpt lat="26.451660" lon="127.852400"></trkpt>
      <trkpt lat="26.451650" lon="127.852390"></trkpt>
      <trkpt lat="26.451540" lon="127.852200"></trkpt>
      <trkpt lat="26.451390" lon="127.851980"></trkpt>
      <trkpt lat="26.451290" lon="127.851850"></trkpt>
      <trkpt lat="26.451120" lon="127.851660"></trkpt>
      <trkpt lat="26.451020" lon="127.851560"></trkpt>
      <trkpt lat="26.450940" lon="127.851500"></trkpt>
      <trkpt lat="26.450760" lon="127.851340"></trkpt>
      <trkpt lat="26.450620" lon="127.851240"></trkpt>
      <trkpt lat="26.450600" lon="127.851210"></trkpt>
      <trkpt lat="26.450430" lon="127.851080"></trkpt>
      <trkpt lat="26.450350" lon="127.851010"></trkpt>
      <trkpt lat="26.450270" lon="127.850950"></trkpt>
      <trkpt lat="26.450180" lon="127.850870"></trkpt>
      <trkpt lat="26.450130" lon="127.850840"></trkpt>
      <trkpt lat="26.450070" lon="127.850790"></trkpt>
      <trkpt lat="26.450010" lon="127.850750"></trkpt>
      <trkpt lat="26.449980" lon="127.850720"></trkpt>
      <trkpt lat="26.449880" lon="127.850580"></trkpt>
      <trkpt lat="26.448840" lon="127.849730"></trkpt>
      <trkpt lat="26.448710" lon="127.849640"></trkpt>
      <trkpt lat="26.448540" lon="127.849590"></trkpt>
      <trkpt lat="26.448430" lon="127.849530"></trkpt>
      <trkpt lat="26.445430" lon="127.848300"></trkpt>
      <trkpt lat="26.445420" lon="127.848300"></trkpt>
      <trkpt lat="26.444150" lon="127.847790"></trkpt>
      <trkpt lat="26.444030" lon="127.847730"></trkpt>
      <trkpt lat="26.444020" lon="127.847730"></trkpt>
      <trkpt lat="26.443690" lon="127.847590"></trkpt>
      <trkpt lat="26.443460" lon="127.847510"></trkpt>
      <trkpt lat="26.441830" lon="127.846840"></trkpt>
      <trkpt lat="26.441770" lon="127.846820"></trkpt>
      <trkpt lat="26.441550" lon="127.846700"></trkpt>
      <trkpt lat="26.441450" lon="127.846630"></trkpt>
      <trkpt lat="26.441250" lon="127.846460"></trkpt>
      <trkpt lat="26.441090" lon="127.846290"></trkpt>
      <trkpt lat="26.440950" lon="127.846090"></trkpt>
      <trkpt lat="26.440920" lon="127.846030"></trkpt>
      <trkpt lat="26.440880" lon="127.845970"></trkpt>
      <trkpt lat="26.440380" lon="127.844930"></trkpt>
      <trkpt lat="26.440270" lon="127.844740"></trkpt>
      <trkpt lat="26.440200" lon="127.844640"></trkpt>
      <trkpt lat="26.440000" lon="127.844390"></trkpt>
      <trkpt lat="26.439750" lon="127.844150"></trkpt>
      <trkpt lat="26.436400" lon="127.841530"></trkpt>
      <trkpt lat="26.436300" lon="127.841490"></trkpt>
      <trkpt lat="26.436270" lon="127.841470"></trkpt>
      <trkpt lat="26.436250" lon="127.841450"></trkpt>
      <trkpt lat="26.435720" lon="127.841030"></trkpt>
      <trkpt lat="26.435470" lon="127.840850"></trkpt>
      <trkpt lat="26.435310" lon="127.840700"></trkpt>
      <trkpt lat="26.435090" lon="127.840450"></trkpt>
      <trkpt lat="26.434920" lon="127.840220"></trkpt>
      <trkpt lat="26.434880" lon="127.840140"></trkpt>
      <trkpt lat="26.434860" lon="127.840110"></trkpt>
      <trkpt lat="26.434690" lon="127.839740"></trkpt>
      <trkpt lat="26.434500" lon="127.839230"></trkpt>
      <trkpt lat="26.434440" lon="127.838980"></trkpt>
      <trkpt lat="26.434390" lon="127.838490"></trkpt>
      <trkpt lat="26.434390" lon="127.838350"></trkpt>
      <trkpt lat="26.434410" lon="127.838060"></trkpt>
      <trkpt lat="26.434460" lon="127.837740"></trkpt>
      <trkpt lat="26.434700" lon="127.836760"></trkpt>
      <trkpt lat="26.434750" lon="127.836420"></trkpt>
      <trkpt lat="26.434730" lon="127.836130"></trkpt>
      <trkpt lat="26.434690" lon="127.835880"></trkpt>
      <trkpt lat="26.434630" lon="127.835650"></trkpt>
      <trkpt lat="26.434580" lon="127.835520"></trkpt>
      <trkpt lat="26.434510" lon="127.835370"></trkpt>
      <trkpt lat="26.434180" lon="127.834780"></trkpt>
      <trkpt lat="26.433800" lon="127.834200"></trkpt>
      <trkpt lat="26.433390" lon="127.833480"></trkpt>
      <trkpt lat="26.433160" lon="127.832920"></trkpt>
      <trkpt lat="26.433070" lon="127.832470"></trkpt>
      <trkpt lat="26.433060" lon="127.832370"></trkpt>
      <trkpt lat="26.433060" lon="127.832240"></trkpt>
      <trkpt lat="26.433030" lon="127.831830"></trkpt>
      <trkpt lat="26.433040" lon="127.831710"></trkpt>
      <trkpt lat="26.433010" lon="127.831680"></trkpt>
      <trkpt lat="26.433000" lon="127.831660"></trkpt>
      <trkpt lat="26.433000" lon="127.831560"></trkpt>
      <trkpt lat="26.432990" lon="127.831500"></trkpt>
      <trkpt lat="26.432990" lon="127.831470"></trkpt>
      <trkpt lat="26.432970" lon="127.831400"></trkpt>
      <trkpt lat="26.432950" lon="127.831350"></trkpt>
      <trkpt lat="26.432920" lon="127.831320"></trkpt>
      <trkpt lat="26.432890" lon="127.831280"></trkpt>
      <trkpt lat="26.432840" lon="127.831240"></trkpt>
      <trkpt lat="26.432820" lon="127.831200"></trkpt>
      <trkpt lat="26.432740" lon="127.831170"></trkpt>
      <trkpt lat="26.432720" lon="127.831120"></trkpt>
      <trkpt lat="26.432620" lon="127.831060"></trkpt>
      <trkpt lat="26.432430" lon="127.830890"></trkpt>
      <trkpt lat="26.432290" lon="127.830730"></trkpt>
      <trkpt lat="26.431890" lon="127.830310"></trkpt>
      <trkpt lat="26.431760" lon="127.830440"></trkpt>
      <trkpt lat="26.431740" lon="127.830450"></trkpt>
      <trkpt lat="26.431680" lon="127.830510"></trkpt>
      <trkpt lat="26.431630" lon="127.830530"></trkpt>
      <trkpt lat="26.431610" lon="127.830550"></trkpt>
      <trkpt lat="26.431590" lon="127.830560"></trkpt>
      <trkpt lat="26.431520" lon="127.830580"></trkpt>
      <trkpt lat="26.431500" lon="127.830590"></trkpt>
      <trkpt lat="26.431350" lon="127.830590"></trkpt>
      <trkpt lat="26.431340" lon="127.830580"></trkpt>
      <trkpt lat="26.431310" lon="127.830570"></trkpt>
      <trkpt lat="26.431300" lon="127.830570"></trkpt>
      <trkpt lat="26.431270" lon="127.830550"></trkpt>
      <trkpt lat="26.431240" lon="127.830540"></trkpt>
      <trkpt lat="26.430810" lon="127.830220"></trkpt>
      <trkpt lat="26.430440" lon="127.829970"></trkpt>
      <trkpt lat="26.430350" lon="127.829930"></trkpt>
      <trkpt lat="26.430260" lon="127.829870"></trkpt>
      <trkpt lat="26.429530" lon="127.829550"></trkpt>
      <trkpt lat="26.429200" lon="127.829390"></trkpt>
      <trkpt lat="26.428570" lon="127.829120"></trkpt>
      <trkpt lat="26.428350" lon="127.829000"></trkpt>
      <trkpt lat="26.428100" lon="127.828830"></trkpt>
      <trkpt lat="26.427000" lon="127.827950"></trkpt>
      <trkpt lat="26.427170" lon="127.827550"></trkpt>
      <trkpt lat="26.426050" lon="127.826980"></trkpt>
      <trkpt lat="26.425540" lon="127.826700"></trkpt>
      <trkpt lat="26.424480" lon="127.826390"></trkpt>
      <trkpt lat="26.424280" lon="127.826370"></trkpt>
      <trkpt lat="26.424150" lon="127.826340"></trkpt>
      <trkpt lat="26.424040" lon="127.826290"></trkpt>
      <trkpt lat="26.423930" lon="127.826170"></trkpt>
      <trkpt lat="26.423850" lon="127.826100"></trkpt>
      <trkpt lat="26.422490" lon="127.825860"></trkpt>
      <trkpt lat="26.422360" lon="127.825830"></trkpt>
      <trkpt lat="26.422270" lon="127.826120"></trkpt>
      <trkpt lat="26.422230" lon="127.826210"></trkpt>
      <trkpt lat="26.422020" lon="127.826540"></trkpt>
      <trkpt lat="26.421840" lon="127.826710"></trkpt>
      <trkpt lat="26.421670" lon="127.826810"></trkpt>
      <trkpt lat="26.421630" lon="127.826840"></trkpt>
      <trkpt lat="26.421490" lon="127.826910"></trkpt>
      <trkpt lat="26.420650" lon="127.827390"></trkpt>
      <trkpt lat="26.420450" lon="127.827550"></trkpt>
      <trkpt lat="26.420210" lon="127.827840"></trkpt>
      <trkpt lat="26.420170" lon="127.827870"></trkpt>
      <trkpt lat="26.419760" lon="127.828400"></trkpt>
      <trkpt lat="26.419620" lon="127.828520"></trkpt>
      <trkpt lat="26.419460" lon="127.828620"></trkpt>
      <trkpt lat="26.418930" lon="127.828870"></trkpt>
      <trkpt lat="26.418660" lon="127.829040"></trkpt>
      <trkpt lat="26.418520" lon="127.829170"></trkpt>
      <trkpt lat="26.418260" lon="127.829480"></trkpt>
      <trkpt lat="26.418210" lon="127.829530"></trkpt>
      <trkpt lat="26.418030" lon="127.829780"></trkpt>
      <trkpt lat="26.417940" lon="127.830020"></trkpt>
      <trkpt lat="26.417920" lon="127.830100"></trkpt>
      <trkpt lat="26.417890" lon="127.830410"></trkpt>
      <trkpt lat="26.417870" lon="127.830800"></trkpt>
      <trkpt lat="26.417860" lon="127.830840"></trkpt>
      <trkpt lat="26.417860" lon="127.830880"></trkpt>
      <trkpt lat="26.417790" lon="127.831100"></trkpt>
      <trkpt lat="26.417770" lon="127.831130"></trkpt>
      <trkpt lat="26.417690" lon="127.831300"></trkpt>
      <trkpt lat="26.417440" lon="127.831590"></trkpt>
      <trkpt lat="26.417430" lon="127.831610"></trkpt>
      <trkpt lat="26.417300" lon="127.831750"></trkpt>
      <trkpt lat="26.417230" lon="127.831840"></trkpt>
      <trkpt lat="26.417170" lon="127.831940"></trkpt>
      <trkpt lat="26.417120" lon="127.832050"></trkpt>
      <trkpt lat="26.416880" lon="127.832460"></trkpt>
      <trkpt lat="26.416820" lon="127.832540"></trkpt>
      <trkpt lat="26.416630" lon="127.832760"></trkpt>
      <trkpt lat="26.415790" lon="127.833640"></trkpt>
      <trkpt lat="26.415740" lon="127.833700"></trkpt>
      <trkpt lat="26.415570" lon="127.833860"></trkpt>
      <trkpt lat="26.415140" lon="127.834320"></trkpt>
      <trkpt lat="26.414750" lon="127.834660"></trkpt>
      <trkpt lat="26.414570" lon="127.834790"></trkpt>
      <trkpt lat="26.414550" lon="127.834820"></trkpt>
      <trkpt lat="26.414010" lon="127.835230"></trkpt>
      <trkpt lat="26.413920" lon="127.835280"></trkpt>
      <trkpt lat="26.413870" lon="127.835290"></trkpt>
      <trkpt lat="26.413790" lon="127.835320"></trkpt>
      <trkpt lat="26.413660" lon="127.835330"></trkpt>
      <trkpt lat="26.413540" lon="127.835320"></trkpt>
      <trkpt lat="26.413420" lon="127.835290"></trkpt>
      <trkpt lat="26.413340" lon="127.835260"></trkpt>
      <trkpt lat="26.413310" lon="127.835240"></trkpt>
      <trkpt lat="26.413210" lon="127.835210"></trkpt>
      <trkpt lat="26.413090" lon="127.835200"></trkpt>
      <trkpt lat="26.413020" lon="127.835210"></trkpt>
      <trkpt lat="26.412030" lon="127.835540"></trkpt>
      <trkpt lat="26.411900" lon="127.835570"></trkpt>
      <trkpt lat="26.411610" lon="127.835610"></trkpt>
      <trkpt lat="26.411430" lon="127.835610"></trkpt>
      <trkpt lat="26.411340" lon="127.835580"></trkpt>
      <trkpt lat="26.411250" lon="127.835540"></trkpt>
      <trkpt lat="26.411190" lon="127.835500"></trkpt>
      <trkpt lat="26.410950" lon="127.835180"></trkpt>
      <trkpt lat="26.410890" lon="127.835110"></trkpt>
      <trkpt lat="26.410810" lon="127.835050"></trkpt>
      <trkpt lat="26.410700" lon="127.834980"></trkpt>
      <trkpt lat="26.410600" lon="127.834940"></trkpt>
      <trkpt lat="26.410500" lon="127.834920"></trkpt>
      <trkpt lat="26.410090" lon="127.834870"></trkpt>
      <trkpt lat="26.409710" lon="127.834850"></trkpt>
      <trkpt lat="26.409540" lon="127.834820"></trkpt>
      <trkpt lat="26.409530" lon="127.834810"></trkpt>
      <trkpt lat="26.409400" lon="127.834760"></trkpt>
      <trkpt lat="26.409190" lon="127.834630"></trkpt>
      <trkpt lat="26.409160" lon="127.834620"></trkpt>
      <trkpt lat="26.409100" lon="127.834610"></trkpt>
      <trkpt lat="26.409110" lon="127.834720"></trkpt>
      <trkpt lat="26.409110" lon="127.834860"></trkpt>
      <trkpt lat="26.409100" lon="127.835000"></trkpt>
      <trkpt lat="26.409060" lon="127.835250"></trkpt>
      <trkpt lat="26.409030" lon="127.835360"></trkpt>
      <trkpt lat="26.408920" lon="127.835670"></trkpt>
      <trkpt lat="26.408840" lon="127.835820"></trkpt>
      <trkpt lat="26.408700" lon="127.836030"></trkpt>
      <trkpt lat="26.407710" lon="127.837320"></trkpt>
      <trkpt lat="26.407570" lon="127.837460"></trkpt>
      <trkpt lat="26.407380" lon="127.837620"></trkpt>
      <trkpt lat="26.407270" lon="127.837700"></trkpt>
      <trkpt lat="26.407080" lon="127.837810"></trkpt>
      <trkpt lat="26.405790" lon="127.838380"></trkpt>
      <trkpt lat="26.405480" lon="127.838550"></trkpt>
      <trkpt lat="26.405260" lon="127.838710"></trkpt>
      <trkpt lat="26.405220" lon="127.838750"></trkpt>
      <trkpt lat="26.405140" lon="127.838810"></trkpt>
      <trkpt lat="26.405040" lon="127.838930"></trkpt>
      <trkpt lat="26.404960" lon="127.839010"></trkpt>
      <trkpt lat="26.404830" lon="127.839190"></trkpt>
      <trkpt lat="26.404760" lon="127.839300"></trkpt>
      <trkpt lat="26.404620" lon="127.839580"></trkpt>
      <trkpt lat="26.404590" lon="127.839670"></trkpt>
      <trkpt lat="26.404550" lon="127.839760"></trkpt>
      <trkpt lat="26.404460" lon="127.840150"></trkpt>
      <trkpt lat="26.404430" lon="127.840480"></trkpt>
      <trkpt lat="26.404430" lon="127.840730"></trkpt>
      <trkpt lat="26.404460" lon="127.841150"></trkpt>
      <trkpt lat="26.404480" lon="127.841250"></trkpt>
      <trkpt lat="26.404490" lon="127.841360"></trkpt>
      <trkpt lat="26.404550" lon="127.841590"></trkpt>
      <trkpt lat="26.404600" lon="127.841730"></trkpt>
      <trkpt lat="26.404660" lon="127.841870"></trkpt>
      <trkpt lat="26.404820" lon="127.842170"></trkpt>
      <trkpt lat="26.404950" lon="127.842390"></trkpt>
      <trkpt lat="26.405130" lon="127.842650"></trkpt>
      <trkpt lat="26.405270" lon="127.842890"></trkpt>
      <trkpt lat="26.405310" lon="127.842980"></trkpt>
      <trkpt lat="26.405370" lon="127.843210"></trkpt>
      <trkpt lat="26.405370" lon="127.843440"></trkpt>
      <trkpt lat="26.405350" lon="127.843540"></trkpt>
      <trkpt lat="26.405350" lon="127.843570"></trkpt>
      <trkpt lat="26.405340" lon="127.843640"></trkpt>
      <trkpt lat="26.405250" lon="127.843850"></trkpt>
      <trkpt lat="26.405130" lon="127.844020"></trkpt>
      <trkpt lat="26.404970" lon="127.844180"></trkpt>
      <trkpt lat="26.404640" lon="127.844360"></trkpt>
      <trkpt lat="26.404550" lon="127.844400"></trkpt>
      <trkpt lat="26.404480" lon="127.844440"></trkpt>
      <trkpt lat="26.404150" lon="127.844600"></trkpt>
      <trkpt lat="26.404110" lon="127.844610"></trkpt>
      <trkpt lat="26.402460" lon="127.845380"></trkpt>
      <trkpt lat="26.402240" lon="127.845530"></trkpt>
      <trkpt lat="26.402030" lon="127.845720"></trkpt>
      <trkpt lat="26.401680" lon="127.846080"></trkpt>
      <trkpt lat="26.401530" lon="127.846210"></trkpt>
      <trkpt lat="26.401260" lon="127.846400"></trkpt>
      <trkpt lat="26.401130" lon="127.846470"></trkpt>
      <trkpt lat="26.400680" lon="127.846630"></trkpt>
      <trkpt lat="26.400520" lon="127.846660"></trkpt>
      <trkpt lat="26.400480" lon="127.846660"></trkpt>
      <trkpt lat="26.400110" lon="127.846710"></trkpt>
      <trkpt lat="26.399820" lon="127.846790"></trkpt>
      <trkpt lat="26.399480" lon="127.846930"></trkpt>
      <trkpt lat="26.399360" lon="127.847000"></trkpt>
      <trkpt lat="26.399210" lon="127.847100"></trkpt>
      <trkpt lat="26.399000" lon="127.847270"></trkpt>
      <trkpt lat="26.398830" lon="127.847440"></trkpt>
      <trkpt lat="26.398020" lon="127.848370"></trkpt>
      <trkpt lat="26.397820" lon="127.848630"></trkpt>
      <trkpt lat="26.397720" lon="127.848790"></trkpt>
      <trkpt lat="26.397660" lon="127.848910"></trkpt>
      <trkpt lat="26.397460" lon="127.849260"></trkpt>
      <trkpt lat="26.397260" lon="127.849670"></trkpt>
      <trkpt lat="26.397200" lon="127.849810"></trkpt>
      <trkpt lat="26.397150" lon="127.849900"></trkpt>
      <trkpt lat="26.397030" lon="127.850060"></trkpt>
      <trkpt lat="26.396990" lon="127.850100"></trkpt>
      <trkpt lat="26.396940" lon="127.850160"></trkpt>
      <trkpt lat="26.396600" lon="127.850490"></trkpt>
      <trkpt lat="26.393310" lon="127.853360"></trkpt>
      <trkpt lat="26.393280" lon="127.853380"></trkpt>
      <trkpt lat="26.392930" lon="127.853710"></trkpt>
      <trkpt lat="26.392440" lon="127.854210"></trkpt>
      <trkpt lat="26.392390" lon="127.854270"></trkpt>
      <trkpt lat="26.392340" lon="127.854310"></trkpt>
      <trkpt lat="26.391100" lon="127.855600"></trkpt>
      <trkpt lat="26.390990" lon="127.855730"></trkpt>
      <trkpt lat="26.390620" lon="127.856110"></trkpt>
      <trkpt lat="26.390490" lon="127.856280"></trkpt>
      <trkpt lat="26.389980" lon="127.857060"></trkpt>
      <trkpt lat="26.389950" lon="127.857090"></trkpt>
      <trkpt lat="26.389900" lon="127.857180"></trkpt>
      <trkpt lat="26.389710" lon="127.857410"></trkpt>
      <trkpt lat="26.389560" lon="127.857550"></trkpt>
      <trkpt lat="26.389540" lon="127.857560"></trkpt>
      <trkpt lat="26.389350" lon="127.857730"></trkpt>
      <trkpt lat="26.389270" lon="127.857780"></trkpt>
      <trkpt lat="26.388820" lon="127.857980"></trkpt>
      <trkpt lat="26.388770" lon="127.858010"></trkpt>
      <trkpt lat="26.387670" lon="127.858480"></trkpt>
      <trkpt lat="26.387360" lon="127.858580"></trkpt>
      <trkpt lat="26.387160" lon="127.858630"></trkpt>
      <trkpt lat="26.386990" lon="127.858660"></trkpt>
      <trkpt lat="26.386810" lon="127.858680"></trkpt>
      <trkpt lat="26.386300" lon="127.858780"></trkpt>
      <trkpt lat="26.386160" lon="127.858820"></trkpt>
      <trkpt lat="26.385970" lon="127.858890"></trkpt>
      <trkpt lat="26.385800" lon="127.858940"></trkpt>
      <trkpt lat="26.385740" lon="127.858970"></trkpt>
      <trkpt lat="26.385720" lon="127.858970"></trkpt>
      <trkpt lat="26.385120" lon="127.859160"></trkpt>
      <trkpt lat="26.385090" lon="127.859180"></trkpt>
      <trkpt lat="26.384940" lon="127.859220"></trkpt>
      <trkpt lat="26.384680" lon="127.859270"></trkpt>
      <trkpt lat="26.384410" lon="127.859280"></trkpt>
      <trkpt lat="26.384010" lon="127.859200"></trkpt>
      <trkpt lat="26.383790" lon="127.859110"></trkpt>
      <trkpt lat="26.383230" lon="127.858780"></trkpt>
      <trkpt lat="26.381480" lon="127.861900"></trkpt>
      <trkpt lat="26.381410" lon="127.862040"></trkpt>
      <trkpt lat="26.380290" lon="127.864030"></trkpt>
      <trkpt lat="26.380260" lon="127.864100"></trkpt>
      <trkpt lat="26.379870" lon="127.864780"></trkpt>
      <trkpt lat="26.379810" lon="127.864860"></trkpt>
      <trkpt lat="26.379710" lon="127.864970"></trkpt>
      <trkpt lat="26.379440" lon="127.865200"></trkpt>
      <trkpt lat="26.379230" lon="127.865330"></trkpt>
      <trkpt lat="26.379190" lon="127.865360"></trkpt>
      <trkpt lat="26.379060" lon="127.865400"></trkpt>
      <trkpt lat="26.379020" lon="127.865420"></trkpt>
      <trkpt lat="26.378400" lon="127.865670"></trkpt>
      <trkpt lat="26.378230" lon="127.865730"></trkpt>
      <trkpt lat="26.378000" lon="127.865830"></trkpt>
      <trkpt lat="26.377820" lon="127.865920"></trkpt>
      <trkpt lat="26.377760" lon="127.865960"></trkpt>
      <trkpt lat="26.377650" lon="127.866000"></trkpt>
      <trkpt lat="26.377570" lon="127.866040"></trkpt>
      <trkpt lat="26.377400" lon="127.866160"></trkpt>
      <trkpt lat="26.377280" lon="127.866280"></trkpt>
      <trkpt lat="26.376260" lon="127.867510"></trkpt>
      <trkpt lat="26.376150" lon="127.867630"></trkpt>
      <trkpt lat="26.375750" lon="127.868140"></trkpt>
      <trkpt lat="26.375650" lon="127.868250"></trkpt>
      <trkpt lat="26.374960" lon="127.869100"></trkpt>
      <trkpt lat="26.374800" lon="127.869280"></trkpt>
      <trkpt lat="26.374740" lon="127.869360"></trkpt>
      <trkpt lat="26.374650" lon="127.869460"></trkpt>
      <trkpt lat="26.374540" lon="127.869560"></trkpt>
      <trkpt lat="26.374270" lon="127.869750"></trkpt>
      <trkpt lat="26.374060" lon="127.869880"></trkpt>
      <trkpt lat="26.373920" lon="127.869990"></trkpt>
      <trkpt lat="26.373800" lon="127.870110"></trkpt>
      <trkpt lat="26.373730" lon="127.870170"></trkpt>
      <trkpt lat="26.373660" lon="127.870250"></trkpt>
      <trkpt lat="26.373510" lon="127.870470"></trkpt>
      <trkpt lat="26.373420" lon="127.870650"></trkpt>
      <trkpt lat="26.373380" lon="127.870760"></trkpt>
      <trkpt lat="26.373350" lon="127.870810"></trkpt>
      <trkpt lat="26.373290" lon="127.870980"></trkpt>
      <trkpt lat="26.373250" lon="127.871130"></trkpt>
      <trkpt lat="26.373240" lon="127.871210"></trkpt>
      <trkpt lat="26.373230" lon="127.871230"></trkpt>
      <trkpt lat="26.373200" lon="127.871380"></trkpt>
      <trkpt lat="26.372840" lon="127.871170"></trkpt>
      <trkpt lat="26.372690" lon="127.871100"></trkpt>
      <trkpt lat="26.366980" lon="127.868920"></trkpt>
      <trkpt lat="26.366880" lon="127.868860"></trkpt>
      <trkpt lat="26.366850" lon="127.868830"></trkpt>
      <trkpt lat="26.366800" lon="127.868790"></trkpt>
      <trkpt lat="26.366720" lon="127.868660"></trkpt>
      <trkpt lat="26.366710" lon="127.868660"></trkpt>
      <trkpt lat="26.366690" lon="127.868610"></trkpt>
      <trkpt lat="26.366640" lon="127.868520"></trkpt>
      <trkpt lat="26.366480" lon="127.867900"></trkpt>
      <trkpt lat="26.366300" lon="127.867330"></trkpt>
      <trkpt lat="26.364470" lon="127.868320"></trkpt>
      <trkpt lat="26.363700" lon="127.868700"></trkpt>
      <trkpt lat="26.363420" lon="127.868820"></trkpt>
      <trkpt lat="26.363140" lon="127.868970"></trkpt>
      <trkpt lat="26.363030" lon="127.869000"></trkpt>
      <trkpt lat="26.362440" lon="127.869120"></trkpt>
      <trkpt lat="26.362440" lon="127.869250"></trkpt>
      <trkpt lat="26.362420" lon="127.869300"></trkpt>
      <trkpt lat="26.362420" lon="127.869310"></trkpt>
      <trkpt lat="26.362410" lon="127.869330"></trkpt>
      <trkpt lat="26.362400" lon="127.869340"></trkpt>
      <trkpt lat="26.362380" lon="127.869370"></trkpt>
      <trkpt lat="26.362360" lon="127.869390"></trkpt>
      <trkpt lat="26.362180" lon="127.869510"></trkpt>
      <trkpt lat="26.361480" lon="127.869880"></trkpt>
      <trkpt lat="26.361180" lon="127.870060"></trkpt>
      <trkpt lat="26.360740" lon="127.870290"></trkpt>
      <trkpt lat="26.360700" lon="127.870320"></trkpt>
      <trkpt lat="26.359370" lon="127.871070"></trkpt>
      <trkpt lat="26.359270" lon="127.871160"></trkpt>
      <trkpt lat="26.359220" lon="127.871220"></trkpt>
      <trkpt lat="26.359070" lon="127.871450"></trkpt>
      <trkpt lat="26.359070" lon="127.871460"></trkpt>
      <trkpt lat="26.358780" lon="127.872010"></trkpt>
      <trkpt lat="26.358680" lon="127.872170"></trkpt>
      <trkpt lat="26.358470" lon="127.872400"></trkpt>
      <trkpt lat="26.358290" lon="127.872530"></trkpt>
      <trkpt lat="26.358020" lon="127.872680"></trkpt>
      <trkpt lat="26.357970" lon="127.872700"></trkpt>
      <trkpt lat="26.357750" lon="127.872830"></trkpt>
      <trkpt lat="26.357590" lon="127.872940"></trkpt>
      <trkpt lat="26.357450" lon="127.873050"></trkpt>
      <trkpt lat="26.357270" lon="127.873230"></trkpt>
      <trkpt lat="26.357030" lon="127.873500"></trkpt>
      <trkpt lat="26.356040" lon="127.874440"></trkpt>
      <trkpt lat="26.355930" lon="127.874570"></trkpt>
      <trkpt lat="26.355920" lon="127.874590"></trkpt>
      <trkpt lat="26.355330" lon="127.875310"></trkpt>
      <trkpt lat="26.355280" lon="127.875380"></trkpt>
      <trkpt lat="26.354610" lon="127.876180"></trkpt>
      <trkpt lat="26.353850" lon="127.876990"></trkpt>
      <trkpt lat="26.353380" lon="127.877530"></trkpt>
      <trkpt lat="26.352730" lon="127.878220"></trkpt>
      <trkpt lat="26.352700" lon="127.878260"></trkpt>
      <trkpt lat="26.352080" lon="127.878910"></trkpt>
      <trkpt lat="26.352070" lon="127.878910"></trkpt>
      <trkpt lat="26.351380" lon="127.879610"></trkpt>
      <trkpt lat="26.351290" lon="127.879690"></trkpt>
      <trkpt lat="26.351270" lon="127.879700"></trkpt>
      <trkpt lat="26.351250" lon="127.879720"></trkpt>
      <trkpt lat="26.351130" lon="127.879800"></trkpt>
      <trkpt lat="26.351120" lon="127.879810"></trkpt>
      <trkpt lat="26.351040" lon="127.879860"></trkpt>
      <trkpt lat="26.350260" lon="127.880260"></trkpt>
      <trkpt lat="26.349500" lon="127.880690"></trkpt>
      <trkpt lat="26.349420" lon="127.880750"></trkpt>
      <trkpt lat="26.349110" lon="127.880950"></trkpt>
      <trkpt lat="26.349090" lon="127.880970"></trkpt>
      <trkpt lat="26.349040" lon="127.881000"></trkpt>
      <trkpt lat="26.348710" lon="127.881240"></trkpt>
      <trkpt lat="26.348520" lon="127.881400"></trkpt>
      <trkpt lat="26.347660" lon="127.882000"></trkpt>
      <trkpt lat="26.347370" lon="127.882230"></trkpt>
      <trkpt lat="26.347090" lon="127.882480"></trkpt>
      <trkpt lat="26.345750" lon="127.883880"></trkpt>
      <trkpt lat="26.345720" lon="127.883920"></trkpt>
      <trkpt lat="26.345340" lon="127.884310"></trkpt>
      <trkpt lat="26.345100" lon="127.884520"></trkpt>
      <trkpt lat="26.345030" lon="127.884590"></trkpt>
      <trkpt lat="26.344380" lon="127.885040"></trkpt>
      <trkpt lat="26.343660" lon="127.885480"></trkpt>
      <trkpt lat="26.343520" lon="127.885580"></trkpt>
      <trkpt lat="26.343380" lon="127.885660"></trkpt>
      <trkpt lat="26.343270" lon="127.885740"></trkpt>
      <trkpt lat="26.343130" lon="127.885820"></trkpt>
      <trkpt lat="26.343010" lon="127.885900"></trkpt>
      <trkpt lat="26.342850" lon="127.885990"></trkpt>
      <trkpt lat="26.342330" lon="127.886340"></trkpt>
      <trkpt lat="26.342150" lon="127.886450"></trkpt>
      <trkpt lat="26.341630" lon="127.886820"></trkpt>
      <trkpt lat="26.341450" lon="127.886970"></trkpt>
      <trkpt lat="26.340910" lon="127.887370"></trkpt>
      <trkpt lat="26.340710" lon="127.887540"></trkpt>
      <trkpt lat="26.340630" lon="127.887620"></trkpt>
      <trkpt lat="26.339800" lon="127.888630"></trkpt>
      <trkpt lat="26.339720" lon="127.888750"></trkpt>
      <trkpt lat="26.339560" lon="127.888940"></trkpt>
      <trkpt lat="26.339480" lon="127.889050"></trkpt>
      <trkpt lat="26.339360" lon="127.889280"></trkpt>
      <trkpt lat="26.339320" lon="127.889380"></trkpt>
      <trkpt lat="26.338950" lon="127.890560"></trkpt>
      <trkpt lat="26.338790" lon="127.890970"></trkpt>
      <trkpt lat="26.338650" lon="127.891190"></trkpt>
      <trkpt lat="26.338640" lon="127.891220"></trkpt>
      <trkpt lat="26.338540" lon="127.891380"></trkpt>
      <trkpt lat="26.338530" lon="127.891390"></trkpt>
      <trkpt lat="26.337800" lon="127.892480"></trkpt>
      <trkpt lat="26.337400" lon="127.893010"></trkpt>
      <trkpt lat="26.336890" lon="127.893570"></trkpt>
      <trkpt lat="26.335090" lon="127.895460"></trkpt>
      <trkpt lat="26.335060" lon="127.895500"></trkpt>
      <trkpt lat="26.334300" lon="127.896300"></trkpt>
      <trkpt lat="26.334060" lon="127.896580"></trkpt>
      <trkpt lat="26.333890" lon="127.896800"></trkpt>
      <trkpt lat="26.333740" lon="127.897020"></trkpt>
      <trkpt lat="26.333500" lon="127.897420"></trkpt>
      <trkpt lat="26.332190" lon="127.899740"></trkpt>
      <trkpt lat="26.332030" lon="127.900090"></trkpt>
      <trkpt lat="26.331910" lon="127.900410"></trkpt>
      <trkpt lat="26.331780" lon="127.900870"></trkpt>
      <trkpt lat="26.331690" lon="127.901490"></trkpt>
      <trkpt lat="26.331690" lon="127.902080"></trkpt>
      <trkpt lat="26.331750" lon="127.902790"></trkpt>
      <trkpt lat="26.331790" lon="127.903500"></trkpt>
      <trkpt lat="26.331780" lon="127.903590"></trkpt>
      <trkpt lat="26.331780" lon="127.903740"></trkpt>
      <trkpt lat="26.331760" lon="127.903890"></trkpt>
      <trkpt lat="26.331710" lon="127.904140"></trkpt>
      <trkpt lat="26.331620" lon="127.904390"></trkpt>
      <trkpt lat="26.331520" lon="127.904600"></trkpt>
      <trkpt lat="26.331350" lon="127.904860"></trkpt>
      <trkpt lat="26.331320" lon="127.904890"></trkpt>
      <trkpt lat="26.330970" lon="127.905360"></trkpt>
      <trkpt lat="26.331050" lon="127.905550"></trkpt>
      <trkpt lat="26.331060" lon="127.905590"></trkpt>
      <trkpt lat="26.331120" lon="127.905710"></trkpt>
      <trkpt lat="26.331370" lon="127.906430"></trkpt>
      <trkpt lat="26.331520" lon="127.907020"></trkpt>
      <trkpt lat="26.331640" lon="127.907730"></trkpt>
      <trkpt lat="26.331680" lon="127.908220"></trkpt>
      <trkpt lat="26.331690" lon="127.908490"></trkpt>
      <trkpt lat="26.331700" lon="127.908590"></trkpt>
      <trkpt lat="26.331660" lon="127.923720"></trkpt>
      <trkpt lat="26.331670" lon="127.923920"></trkpt>
      <trkpt lat="26.331670" lon="127.924790"></trkpt>
      <trkpt lat="26.331860" lon="127.924780"></trkpt>
      <trkpt lat="26.331860" lon="127.928400"></trkpt>
      <trkpt lat="26.331940" lon="127.928400"></trkpt>
      <trkpt lat="26.331980" lon="127.928410"></trkpt>
      <trkpt lat="26.332020" lon="127.928430"></trkpt>
      <trkpt lat="26.332060" lon="127.928460"></trkpt>
      <trkpt lat="26.332110" lon="127.928510"></trkpt>
      <trkpt lat="26.332130" lon="127.928550"></trkpt>
      <trkpt lat="26.332150" lon="127.928580"></trkpt>
      <trkpt lat="26.332170" lon="127.928660"></trkpt>
      <trkpt lat="26.332180" lon="127.928780"></trkpt>
      <trkpt lat="26.332190" lon="127.928810"></trkpt>
      <trkpt lat="26.332200" lon="127.928950"></trkpt>
      <trkpt lat="26.332200" lon="127.929080"></trkpt>
      <trkpt lat="26.332180" lon="127.929110"></trkpt>
      <trkpt lat="26.332160" lon="127.929160"></trkpt>
      <trkpt lat="26.332110" lon="127.929190"></trkpt>
      <trkpt lat="26.332070" lon="127.929200"></trkpt>
      <trkpt lat="26.331990" lon="127.929210"></trkpt>
      <trkpt lat="26.331730" lon="127.929210"></trkpt>
      <trkpt lat="26.331730" lon="127.929960"></trkpt>
      <trkpt lat="26.331720" lon="127.929980"></trkpt>
      <trkpt lat="26.331700" lon="127.930050"></trkpt>
      <trkpt lat="26.331670" lon="127.930110"></trkpt>
      <trkpt lat="26.331640" lon="127.930140"></trkpt>
      <trkpt lat="26.331670" lon="127.931080"></trkpt>
      <trkpt lat="26.331680" lon="127.931130"></trkpt>
      <trkpt lat="26.331730" lon="127.931740"></trkpt>
      <trkpt lat="26.331860" lon="127.932490"></trkpt>
      <trkpt lat="26.332110" lon="127.933500"></trkpt>
      <trkpt lat="26.332280" lon="127.934010"></trkpt>
      <trkpt lat="26.332550" lon="127.934730"></trkpt>
      <trkpt lat="26.332550" lon="127.934740"></trkpt>
      <trkpt lat="26.332640" lon="127.934910"></trkpt>
      <trkpt lat="26.332690" lon="127.935030"></trkpt>
      <trkpt lat="26.332920" lon="127.935490"></trkpt>
      <trkpt lat="26.333220" lon="127.936040"></trkpt>
      <trkpt lat="26.333500" lon="127.936470"></trkpt>
      <trkpt lat="26.336160" lon="127.940070"></trkpt>
      <trkpt lat="26.336180" lon="127.940090"></trkpt>
      <trkpt lat="26.338180" lon="127.942750"></trkpt>
      <trkpt lat="26.338540" lon="127.943270"></trkpt>
      <trkpt lat="26.338700" lon="127.943530"></trkpt>
      <trkpt lat="26.338860" lon="127.943750"></trkpt>
      <trkpt lat="26.339110" lon="127.944170"></trkpt>
      <trkpt lat="26.339310" lon="127.944560"></trkpt>
      <trkpt lat="26.339590" lon="127.945180"></trkpt>
      <trkpt lat="26.339780" lon="127.945730"></trkpt>
      <trkpt lat="26.339940" lon="127.946300"></trkpt>
      <trkpt lat="26.339950" lon="127.946300"></trkpt>
      <trkpt lat="26.340130" lon="127.947110"></trkpt>
      <trkpt lat="26.340150" lon="127.947170"></trkpt>
      <trkpt lat="26.340240" lon="127.947750"></trkpt>
      <trkpt lat="26.340330" lon="127.948680"></trkpt>
      <trkpt lat="26.340300" lon="127.951260"></trkpt>
      <trkpt lat="26.340310" lon="127.952100"></trkpt>
      <trkpt lat="26.340260" lon="127.953700"></trkpt>
      <trkpt lat="26.340250" lon="127.954920"></trkpt>
      <trkpt lat="26.340210" lon="127.955010"></trkpt>
      <trkpt lat="26.340190" lon="127.955610"></trkpt>
      <trkpt lat="26.340170" lon="127.955750"></trkpt>
      <trkpt lat="26.340170" lon="127.955790"></trkpt>
      <trkpt lat="26.340100" lon="127.956100"></trkpt>
      <trkpt lat="26.340500" lon="127.956340"></trkpt>
      <trkpt lat="26.340850" lon="127.955650"></trkpt>
      <trkpt lat="26.340440" lon="127.955420"></trkpt>
      <trkpt lat="26.340360" lon="127.955400"></trkpt>
      <trkpt lat="26.340200" lon="127.955390"></trkpt>
      <trkpt lat="26.340210" lon="127.955010"></trkpt>
      <trkpt lat="26.340190" lon="127.954970"></trkpt>
      <trkpt lat="26.340190" lon="127.954960"></trkpt>
      <trkpt lat="26.340180" lon="127.954920"></trkpt>
      <trkpt lat="26.340170" lon="127.952630"></trkpt>
      <trkpt lat="26.340220" lon="127.952120"></trkpt>
      <trkpt lat="26.340240" lon="127.948840"></trkpt>
      <trkpt lat="26.340210" lon="127.948410"></trkpt>
      <trkpt lat="26.340150" lon="127.947840"></trkpt>
      <trkpt lat="26.340060" lon="127.947200"></trkpt>
      <trkpt lat="26.339990" lon="127.946820"></trkpt>
      <trkpt lat="26.339890" lon="127.946430"></trkpt>
      <trkpt lat="26.339690" lon="127.945770"></trkpt>
      <trkpt lat="26.339580" lon="127.945450"></trkpt>
      <trkpt lat="26.339250" lon="127.944630"></trkpt>
      <trkpt lat="26.339130" lon="127.944370"></trkpt>
      <trkpt lat="26.338890" lon="127.943920"></trkpt>
      <trkpt lat="26.338640" lon="127.943500"></trkpt>
      <trkpt lat="26.338470" lon="127.943250"></trkpt>
      <trkpt lat="26.338410" lon="127.943150"></trkpt>
      <trkpt lat="26.338180" lon="127.942830"></trkpt>
      <trkpt lat="26.337830" lon="127.942430"></trkpt>
      <trkpt lat="26.333770" lon="127.936990"></trkpt>
      <trkpt lat="26.333250" lon="127.936240"></trkpt>
      <trkpt lat="26.333100" lon="127.935990"></trkpt>
      <trkpt lat="26.332640" lon="127.935120"></trkpt>
      <trkpt lat="26.332360" lon="127.934470"></trkpt>
      <trkpt lat="26.332270" lon="127.934230"></trkpt>
      <trkpt lat="26.332210" lon="127.934040"></trkpt>
      <trkpt lat="26.332140" lon="127.933860"></trkpt>
      <trkpt lat="26.332120" lon="127.933770"></trkpt>
      <trkpt lat="26.332030" lon="127.933500"></trkpt>
      <trkpt lat="26.332020" lon="127.933480"></trkpt>
      <trkpt lat="26.331800" lon="127.932570"></trkpt>
      <trkpt lat="26.331700" lon="127.932020"></trkpt>
      <trkpt lat="26.331630" lon="127.931500"></trkpt>
      <trkpt lat="26.331570" lon="127.930540"></trkpt>
      <trkpt lat="26.331600" lon="127.914720"></trkpt>
      <trkpt lat="26.331590" lon="127.914690"></trkpt>
      <trkpt lat="26.331590" lon="127.914290"></trkpt>
      <trkpt lat="26.331600" lon="127.914080"></trkpt>
      <trkpt lat="26.331610" lon="127.912280"></trkpt>
      <trkpt lat="26.331620" lon="127.912090"></trkpt>
      <trkpt lat="26.331630" lon="127.909490"></trkpt>
      <trkpt lat="26.331610" lon="127.908350"></trkpt>
      <trkpt lat="26.331550" lon="127.907670"></trkpt>
      <trkpt lat="26.331460" lon="127.907130"></trkpt>
      <trkpt lat="26.331350" lon="127.906670"></trkpt>
      <trkpt lat="26.331130" lon="127.905980"></trkpt>
      <trkpt lat="26.330990" lon="127.905620"></trkpt>
      <trkpt lat="26.330860" lon="127.905340"></trkpt>
      <trkpt lat="26.330800" lon="127.905250"></trkpt>
      <trkpt lat="26.330750" lon="127.905140"></trkpt>
      <trkpt lat="26.330360" lon="127.904440"></trkpt>
      <trkpt lat="26.330300" lon="127.904280"></trkpt>
      <trkpt lat="26.330280" lon="127.904240"></trkpt>
      <trkpt lat="26.330030" lon="127.903830"></trkpt>
      <trkpt lat="26.329810" lon="127.903500"></trkpt>
      <trkpt lat="26.329770" lon="127.903420"></trkpt>
      <trkpt lat="26.329070" lon="127.902440"></trkpt>
      <trkpt lat="26.328530" lon="127.901800"></trkpt>
      <trkpt lat="26.328430" lon="127.901700"></trkpt>
      <trkpt lat="26.328360" lon="127.901640"></trkpt>
      <trkpt lat="26.328270" lon="127.901540"></trkpt>
      <trkpt lat="26.328020" lon="127.901310"></trkpt>
      <trkpt lat="26.327510" lon="127.900700"></trkpt>
      <trkpt lat="26.327270" lon="127.900330"></trkpt>
      <trkpt lat="26.327120" lon="127.900040"></trkpt>
      <trkpt lat="26.327020" lon="127.899790"></trkpt>
      <trkpt lat="26.327000" lon="127.899720"></trkpt>
      <trkpt lat="26.326990" lon="127.899700"></trkpt>
      <trkpt lat="26.326880" lon="127.899330"></trkpt>
      <trkpt lat="26.326840" lon="127.899060"></trkpt>
      <trkpt lat="26.326820" lon="127.898770"></trkpt>
      <trkpt lat="26.326820" lon="127.898340"></trkpt>
      <trkpt lat="26.326830" lon="127.898210"></trkpt>
      <trkpt lat="26.326860" lon="127.898000"></trkpt>
      <trkpt lat="26.326900" lon="127.897800"></trkpt>
      <trkpt lat="26.327060" lon="127.897300"></trkpt>
      <trkpt lat="26.327170" lon="127.897060"></trkpt>
      <trkpt lat="26.327530" lon="127.896450"></trkpt>
      <trkpt lat="26.327770" lon="127.896150"></trkpt>
      <trkpt lat="26.327930" lon="127.895900"></trkpt>
      <trkpt lat="26.327960" lon="127.895830"></trkpt>
      <trkpt lat="26.328000" lon="127.895770"></trkpt>
      <trkpt lat="26.328240" lon="127.895210"></trkpt>
      <trkpt lat="26.328310" lon="127.895020"></trkpt>
      <trkpt lat="26.328400" lon="127.894620"></trkpt>
      <trkpt lat="26.328440" lon="127.894080"></trkpt>
      <trkpt lat="26.328430" lon="127.893760"></trkpt>
      <trkpt lat="26.328380" lon="127.893030"></trkpt>
      <trkpt lat="26.328390" lon="127.892830"></trkpt>
      <trkpt lat="26.328420" lon="127.892570"></trkpt>
      <trkpt lat="26.328500" lon="127.892250"></trkpt>
      <trkpt lat="26.328550" lon="127.892100"></trkpt>
      <trkpt lat="26.328570" lon="127.892070"></trkpt>
      <trkpt lat="26.328810" lon="127.891570"></trkpt>
      <trkpt lat="26.328910" lon="127.891400"></trkpt>
      <trkpt lat="26.329060" lon="127.891090"></trkpt>
      <trkpt lat="26.329120" lon="127.891000"></trkpt>
      <trkpt lat="26.330170" lon="127.888990"></trkpt>
      <trkpt lat="26.330430" lon="127.888460"></trkpt>
      <trkpt lat="26.330500" lon="127.888270"></trkpt>
      <trkpt lat="26.330570" lon="127.888030"></trkpt>
      <trkpt lat="26.330650" lon="127.887640"></trkpt>
      <trkpt lat="26.330680" lon="127.887350"></trkpt>
      <trkpt lat="26.330690" lon="127.887040"></trkpt>
      <trkpt lat="26.330680" lon="127.886840"></trkpt>
      <trkpt lat="26.330640" lon="127.886550"></trkpt>
      <trkpt lat="26.330160" lon="127.883880"></trkpt>
      <trkpt lat="26.330640" lon="127.883800"></trkpt>
      <trkpt lat="26.332630" lon="127.883710"></trkpt>
      <trkpt lat="26.332800" lon="127.883690"></trkpt>
      <trkpt lat="26.332970" lon="127.883680"></trkpt>
      <trkpt lat="26.333410" lon="127.883580"></trkpt>
      <trkpt lat="26.333610" lon="127.883510"></trkpt>
      <trkpt lat="26.334050" lon="127.883330"></trkpt>
      <trkpt lat="26.334290" lon="127.883200"></trkpt>
      <trkpt lat="26.334870" lon="127.882780"></trkpt>
      <trkpt lat="26.335090" lon="127.882590"></trkpt>
      <trkpt lat="26.335430" lon="127.882330"></trkpt>
      <trkpt lat="26.335650" lon="127.882130"></trkpt>
      <trkpt lat="26.336030" lon="127.881880"></trkpt>
      <trkpt lat="26.336070" lon="127.881820"></trkpt>
      <trkpt lat="26.336220" lon="127.881680"></trkpt>
      <trkpt lat="26.336290" lon="127.881630"></trkpt>
      <trkpt lat="26.336370" lon="127.881560"></trkpt>
      <trkpt lat="26.336440" lon="127.881520"></trkpt>
      <trkpt lat="26.336740" lon="127.881310"></trkpt>
      <trkpt lat="26.337170" lon="127.881040"></trkpt>
      <trkpt lat="26.337220" lon="127.881020"></trkpt>
      <trkpt lat="26.337870" lon="127.880690"></trkpt>
      <trkpt lat="26.337920" lon="127.880660"></trkpt>
      <trkpt lat="26.338280" lon="127.880490"></trkpt>
      <trkpt lat="26.338410" lon="127.880420"></trkpt>
      <trkpt lat="26.342220" lon="127.878590"></trkpt>
      <trkpt lat="26.342500" lon="127.878410"></trkpt>
      <trkpt lat="26.342710" lon="127.878240"></trkpt>
      <trkpt lat="26.342980" lon="127.877990"></trkpt>
      <trkpt lat="26.343210" lon="127.877670"></trkpt>
      <trkpt lat="26.343330" lon="127.877470"></trkpt>
      <trkpt lat="26.343430" lon="127.877280"></trkpt>
      <trkpt lat="26.343590" lon="127.876890"></trkpt>
      <trkpt lat="26.344020" lon="127.875640"></trkpt>
      <trkpt lat="26.344180" lon="127.875220"></trkpt>
      <trkpt lat="26.344250" lon="127.875000"></trkpt>
      <trkpt lat="26.344520" lon="127.874260"></trkpt>
      <trkpt lat="26.344640" lon="127.873890"></trkpt>
      <trkpt lat="26.344720" lon="127.873600"></trkpt>
      <trkpt lat="26.345280" lon="127.872040"></trkpt>
      <trkpt lat="26.345300" lon="127.871940"></trkpt>
      <trkpt lat="26.345310" lon="127.871930"></trkpt>
      <trkpt lat="26.345330" lon="127.871880"></trkpt>
      <trkpt lat="26.345360" lon="127.871780"></trkpt>
      <trkpt lat="26.345430" lon="127.871620"></trkpt>
      <trkpt lat="26.345610" lon="127.871330"></trkpt>
      <trkpt lat="26.345860" lon="127.871050"></trkpt>
      <trkpt lat="26.346100" lon="127.870840"></trkpt>
      <trkpt lat="26.346220" lon="127.870760"></trkpt>
      <trkpt lat="26.346220" lon="127.870270"></trkpt>
      <trkpt lat="26.346230" lon="127.870050"></trkpt>
      <trkpt lat="26.346250" lon="127.869880"></trkpt>
      <trkpt lat="26.346320" lon="127.869550"></trkpt>
      <trkpt lat="26.346380" lon="127.869380"></trkpt>
      <trkpt lat="26.346420" lon="127.869300"></trkpt>
      <trkpt lat="26.346430" lon="127.869270"></trkpt>
      <trkpt lat="26.346460" lon="127.869230"></trkpt>
      <trkpt lat="26.346490" lon="127.869170"></trkpt>
      <trkpt lat="26.346580" lon="127.869020"></trkpt>
      <trkpt lat="26.346660" lon="127.868910"></trkpt>
      <trkpt lat="26.346860" lon="127.868690"></trkpt>
      <trkpt lat="26.347180" lon="127.868410"></trkpt>
      <trkpt lat="26.347720" lon="127.867990"></trkpt>
      <trkpt lat="26.347890" lon="127.867800"></trkpt>
      <trkpt lat="26.347990" lon="127.867670"></trkpt>
      <trkpt lat="26.347990" lon="127.867660"></trkpt>
      <trkpt lat="26.348090" lon="127.867490"></trkpt>
      <trkpt lat="26.348260" lon="127.867140"></trkpt>
      <trkpt lat="26.348280" lon="127.867110"></trkpt>
      <trkpt lat="26.349210" lon="127.865130"></trkpt>
      <trkpt lat="26.349390" lon="127.864620"></trkpt>
      <trkpt lat="26.349430" lon="127.864400"></trkpt>
      <trkpt lat="26.349460" lon="127.864030"></trkpt>
      <trkpt lat="26.349460" lon="127.863900"></trkpt>
      <trkpt lat="26.349390" lon="127.863490"></trkpt>
      <trkpt lat="26.349340" lon="127.863360"></trkpt>
      <trkpt lat="26.349300" lon="127.863210"></trkpt>
      <trkpt lat="26.349260" lon="127.863150"></trkpt>
      <trkpt lat="26.349180" lon="127.863000"></trkpt>
      <trkpt lat="26.348990" lon="127.862730"></trkpt>
      <trkpt lat="26.348870" lon="127.862590"></trkpt>
      <trkpt lat="26.348850" lon="127.862560"></trkpt>
      <trkpt lat="26.348730" lon="127.862450"></trkpt>
      <trkpt lat="26.348590" lon="127.862340"></trkpt>
      <trkpt lat="26.348170" lon="127.862090"></trkpt>
      <trkpt lat="26.346250" lon="127.861130"></trkpt>
      <trkpt lat="26.346240" lon="127.861120"></trkpt>
      <trkpt lat="26.346230" lon="127.861120"></trkpt>
      <trkpt lat="26.345970" lon="127.860980"></trkpt>
      <trkpt lat="26.345910" lon="127.860930"></trkpt>
      <trkpt lat="26.345880" lon="127.860920"></trkpt>
      <trkpt lat="26.345690" lon="127.860790"></trkpt>
      <trkpt lat="26.345390" lon="127.860530"></trkpt>
      <trkpt lat="26.345170" lon="127.860300"></trkpt>
      <trkpt lat="26.345040" lon="127.860110"></trkpt>
      <trkpt lat="26.344890" lon="127.859850"></trkpt>
      <trkpt lat="26.344680" lon="127.859400"></trkpt>
      <trkpt lat="26.344600" lon="127.859190"></trkpt>
      <trkpt lat="26.344090" lon="127.857600"></trkpt>
      <trkpt lat="26.343970" lon="127.857270"></trkpt>
      <trkpt lat="26.343970" lon="127.857250"></trkpt>
      <trkpt lat="26.343830" lon="127.856730"></trkpt>
      <trkpt lat="26.343680" lon="127.856270"></trkpt>
      <trkpt lat="26.343630" lon="127.856150"></trkpt>
      <trkpt lat="26.343440" lon="127.855550"></trkpt>
      <trkpt lat="26.343370" lon="127.855390"></trkpt>
      <trkpt lat="26.343300" lon="127.855170"></trkpt>
      <trkpt lat="26.343120" lon="127.854750"></trkpt>
      <trkpt lat="26.342660" lon="127.854030"></trkpt>
      <trkpt lat="26.342650" lon="127.854020"></trkpt>
      <trkpt lat="26.339260" lon="127.849020"></trkpt>
      <trkpt lat="26.338950" lon="127.848530"></trkpt>
      <trkpt lat="26.336160" lon="127.844510"></trkpt>
      <trkpt lat="26.333560" lon="127.840670"></trkpt>
      <trkpt lat="26.333520" lon="127.840600"></trkpt>
      <trkpt lat="26.333090" lon="127.839980"></trkpt>
      <trkpt lat="26.333020" lon="127.839890"></trkpt>
      <trkpt lat="26.332840" lon="127.839610"></trkpt>
      <trkpt lat="26.332520" lon="127.839200"></trkpt>
      <trkpt lat="26.331750" lon="127.838300"></trkpt>
      <trkpt lat="26.331640" lon="127.838190"></trkpt>
      <trkpt lat="26.331590" lon="127.838130"></trkpt>
      <trkpt lat="26.331160" lon="127.837710"></trkpt>
      <trkpt lat="26.330460" lon="127.837080"></trkpt>
      <trkpt lat="26.330140" lon="127.836830"></trkpt>
      <trkpt lat="26.329520" lon="127.836400"></trkpt>
      <trkpt lat="26.328390" lon="127.835680"></trkpt>
      <trkpt lat="26.327560" lon="127.835240"></trkpt>
      <trkpt lat="26.325500" lon="127.834340"></trkpt>
      <trkpt lat="26.325320" lon="127.834280"></trkpt>
      <trkpt lat="26.324320" lon="127.833870"></trkpt>
      <trkpt lat="26.323640" lon="127.833570"></trkpt>
      <trkpt lat="26.323340" lon="127.833420"></trkpt>
      <trkpt lat="26.318420" lon="127.831340"></trkpt>
      <trkpt lat="26.318320" lon="127.831290"></trkpt>
      <trkpt lat="26.317340" lon="127.830880"></trkpt>
      <trkpt lat="26.317240" lon="127.830830"></trkpt>
      <trkpt lat="26.316310" lon="127.830460"></trkpt>
      <trkpt lat="26.315660" lon="127.830160"></trkpt>
      <trkpt lat="26.314880" lon="127.829830"></trkpt>
      <trkpt lat="26.314780" lon="127.829780"></trkpt>
      <trkpt lat="26.314530" lon="127.829680"></trkpt>
      <trkpt lat="26.314220" lon="127.829540"></trkpt>
      <trkpt lat="26.314140" lon="127.829510"></trkpt>
      <trkpt lat="26.314080" lon="127.829500"></trkpt>
      <trkpt lat="26.313890" lon="127.829410"></trkpt>
      <trkpt lat="26.313550" lon="127.829270"></trkpt>
      <trkpt lat="26.313400" lon="127.829190"></trkpt>
      <trkpt lat="26.312380" lon="127.828750"></trkpt>
      <trkpt lat="26.312050" lon="127.828620"></trkpt>
      <trkpt lat="26.310680" lon="127.828020"></trkpt>
      <trkpt lat="26.310450" lon="127.827900"></trkpt>
      <trkpt lat="26.310190" lon="127.827740"></trkpt>
      <trkpt lat="26.309520" lon="127.827240"></trkpt>
      <trkpt lat="26.309170" lon="127.826930"></trkpt>
      <trkpt lat="26.308840" lon="127.826590"></trkpt>
      <trkpt lat="26.308490" lon="127.826170"></trkpt>
      <trkpt lat="26.308310" lon="127.825920"></trkpt>
      <trkpt lat="26.308010" lon="127.825450"></trkpt>
      <trkpt lat="26.307760" lon="127.825000"></trkpt>
      <trkpt lat="26.307620" lon="127.824690"></trkpt>
      <trkpt lat="26.307380" lon="127.824060"></trkpt>
      <trkpt lat="26.307270" lon="127.823710"></trkpt>
      <trkpt lat="26.307170" lon="127.823310"></trkpt>
      <trkpt lat="26.307100" lon="127.822950"></trkpt>
      <trkpt lat="26.307000" lon="127.822090"></trkpt>
      <trkpt lat="26.306890" lon="127.821410"></trkpt>
      <trkpt lat="26.306810" lon="127.820730"></trkpt>
      <trkpt lat="26.306610" lon="127.819460"></trkpt>
      <trkpt lat="26.306570" lon="127.819260"></trkpt>
      <trkpt lat="26.306570" lon="127.819220"></trkpt>
      <trkpt lat="26.306350" lon="127.817650"></trkpt>
      <trkpt lat="26.306350" lon="127.817580"></trkpt>
      <trkpt lat="26.306340" lon="127.817540"></trkpt>
      <trkpt lat="26.306330" lon="127.817440"></trkpt>
      <trkpt lat="26.306280" lon="127.817270"></trkpt>
      <trkpt lat="26.306270" lon="127.817220"></trkpt>
      <trkpt lat="26.306240" lon="127.817150"></trkpt>
      <trkpt lat="26.306210" lon="127.817060"></trkpt>
      <trkpt lat="26.306150" lon="127.816960"></trkpt>
      <trkpt lat="26.306140" lon="127.816950"></trkpt>
      <trkpt lat="26.306090" lon="127.816840"></trkpt>
      <trkpt lat="26.305980" lon="127.816670"></trkpt>
      <trkpt lat="26.305760" lon="127.816400"></trkpt>
      <trkpt lat="26.305740" lon="127.816390"></trkpt>
      <trkpt lat="26.305720" lon="127.816360"></trkpt>
      <trkpt lat="26.305690" lon="127.816330"></trkpt>
      <trkpt lat="26.305600" lon="127.816260"></trkpt>
      <trkpt lat="26.305280" lon="127.816060"></trkpt>
      <trkpt lat="26.303420" lon="127.815080"></trkpt>
      <trkpt lat="26.303190" lon="127.814970"></trkpt>
      <trkpt lat="26.303160" lon="127.814950"></trkpt>
      <trkpt lat="26.302780" lon="127.814760"></trkpt>
      <trkpt lat="26.302210" lon="127.814440"></trkpt>
      <trkpt lat="26.302200" lon="127.814440"></trkpt>
      <trkpt lat="26.302150" lon="127.814410"></trkpt>
      <trkpt lat="26.301820" lon="127.814130"></trkpt>
      <trkpt lat="26.301750" lon="127.814060"></trkpt>
      <trkpt lat="26.301600" lon="127.813870"></trkpt>
      <trkpt lat="26.301570" lon="127.813820"></trkpt>
      <trkpt lat="26.301540" lon="127.813780"></trkpt>
      <trkpt lat="26.301530" lon="127.813760"></trkpt>
      <trkpt lat="26.301500" lon="127.813720"></trkpt>
      <trkpt lat="26.301460" lon="127.813640"></trkpt>
      <trkpt lat="26.301450" lon="127.813610"></trkpt>
      <trkpt lat="26.301440" lon="127.813600"></trkpt>
      <trkpt lat="26.301370" lon="127.813450"></trkpt>
      <trkpt lat="26.301270" lon="127.813140"></trkpt>
      <trkpt lat="26.301220" lon="127.812850"></trkpt>
      <trkpt lat="26.301210" lon="127.812710"></trkpt>
      <trkpt lat="26.301210" lon="127.812540"></trkpt>
      <trkpt lat="26.301220" lon="127.812450"></trkpt>
      <trkpt lat="26.301220" lon="127.812360"></trkpt>
      <trkpt lat="26.301240" lon="127.812260"></trkpt>
      <trkpt lat="26.301250" lon="127.812170"></trkpt>
      <trkpt lat="26.301280" lon="127.812060"></trkpt>
      <trkpt lat="26.301300" lon="127.811950"></trkpt>
      <trkpt lat="26.301480" lon="127.811490"></trkpt>
      <trkpt lat="26.301560" lon="127.811350"></trkpt>
      <trkpt lat="26.301610" lon="127.811280"></trkpt>
      <trkpt lat="26.301650" lon="127.811200"></trkpt>
      <trkpt lat="26.301960" lon="127.810700"></trkpt>
      <trkpt lat="26.302000" lon="127.810600"></trkpt>
      <trkpt lat="26.302010" lon="127.810590"></trkpt>
      <trkpt lat="26.302240" lon="127.810200"></trkpt>
      <trkpt lat="26.302440" lon="127.809900"></trkpt>
      <trkpt lat="26.302420" lon="127.809830"></trkpt>
      <trkpt lat="26.302420" lon="127.809730"></trkpt>
      <trkpt lat="26.302410" lon="127.809720"></trkpt>
      <trkpt lat="26.302410" lon="127.809690"></trkpt>
      <trkpt lat="26.302400" lon="127.809670"></trkpt>
      <trkpt lat="26.302390" lon="127.809660"></trkpt>
      <trkpt lat="26.302390" lon="127.809640"></trkpt>
      <trkpt lat="26.302370" lon="127.809510"></trkpt>
      <trkpt lat="26.302280" lon="127.809470"></trkpt>
      <trkpt lat="26.301480" lon="127.809200"></trkpt>
      <trkpt lat="26.301420" lon="127.809170"></trkpt>
      <trkpt lat="26.301320" lon="127.809130"></trkpt>
      <trkpt lat="26.301240" lon="127.809090"></trkpt>
      <trkpt lat="26.301160" lon="127.809060"></trkpt>
      <trkpt lat="26.301110" lon="127.809050"></trkpt>
      <trkpt lat="26.300900" lon="127.808970"></trkpt>
      <trkpt lat="26.300670" lon="127.808900"></trkpt>
      <trkpt lat="26.300620" lon="127.808890"></trkpt>
      <trkpt lat="26.300570" lon="127.808870"></trkpt>
      <trkpt lat="26.300500" lon="127.808850"></trkpt>
      <trkpt lat="26.300000" lon="127.808760"></trkpt>
      <trkpt lat="26.299800" lon="127.808740"></trkpt>
      <trkpt lat="26.299780" lon="127.808730"></trkpt>
      <trkpt lat="26.299610" lon="127.808720"></trkpt>
      <trkpt lat="26.299310" lon="127.808720"></trkpt>
      <trkpt lat="26.299160" lon="127.808710"></trkpt>
      <trkpt lat="26.298930" lon="127.808730"></trkpt>
      <trkpt lat="26.298790" lon="127.808770"></trkpt>
      <trkpt lat="26.298690" lon="127.808790"></trkpt>
      <trkpt lat="26.298170" lon="127.808930"></trkpt>
      <trkpt lat="26.298010" lon="127.808950"></trkpt>
      <trkpt lat="26.297760" lon="127.808950"></trkpt>
      <trkpt lat="26.296690" lon="127.808860"></trkpt>
      <trkpt lat="26.296580" lon="127.808860"></trkpt>
      <trkpt lat="26.296010" lon="127.808940"></trkpt>
      <trkpt lat="26.295880" lon="127.808970"></trkpt>
      <trkpt lat="26.295670" lon="127.809000"></trkpt>
      <trkpt lat="26.294460" lon="127.809240"></trkpt>
      <trkpt lat="26.294220" lon="127.809300"></trkpt>
      <trkpt lat="26.293980" lon="127.809410"></trkpt>
      <trkpt lat="26.293410" lon="127.809720"></trkpt>
      <trkpt lat="26.293270" lon="127.809810"></trkpt>
      <trkpt lat="26.292400" lon="127.810270"></trkpt>
      <trkpt lat="26.292050" lon="127.810490"></trkpt>
      <trkpt lat="26.291550" lon="127.810910"></trkpt>
      <trkpt lat="26.291020" lon="127.811450"></trkpt>
      <trkpt lat="26.290090" lon="127.812450"></trkpt>
      <trkpt lat="26.289930" lon="127.812570"></trkpt>
      <trkpt lat="26.289850" lon="127.812650"></trkpt>
      <trkpt lat="26.289050" lon="127.813340"></trkpt>
      <trkpt lat="26.288960" lon="127.813430"></trkpt>
      <trkpt lat="26.288870" lon="127.813490"></trkpt>
      <trkpt lat="26.288460" lon="127.813830"></trkpt>
      <trkpt lat="26.288340" lon="127.813910"></trkpt>
      <trkpt lat="26.288250" lon="127.813980"></trkpt>
      <trkpt lat="26.288060" lon="127.814110"></trkpt>
      <trkpt lat="26.287990" lon="127.814150"></trkpt>
      <trkpt lat="26.287910" lon="127.814210"></trkpt>
      <trkpt lat="26.287770" lon="127.814300"></trkpt>
      <trkpt lat="26.287420" lon="127.814500"></trkpt>
      <trkpt lat="26.287110" lon="127.814660"></trkpt>
      <trkpt lat="26.286850" lon="127.814780"></trkpt>
      <trkpt lat="26.286600" lon="127.814880"></trkpt>
      <trkpt lat="26.286060" lon="127.815060"></trkpt>
      <trkpt lat="26.285340" lon="127.815240"></trkpt>
      <trkpt lat="26.285220" lon="127.815260"></trkpt>
      <trkpt lat="26.284250" lon="127.815480"></trkpt>
      <trkpt lat="26.284040" lon="127.815510"></trkpt>
      <trkpt lat="26.283990" lon="127.815510"></trkpt>
      <trkpt lat="26.283770" lon="127.815530"></trkpt>
      <trkpt lat="26.283360" lon="127.815530"></trkpt>
      <trkpt lat="26.283240" lon="127.815510"></trkpt>
      <trkpt lat="26.283110" lon="127.815500"></trkpt>
      <trkpt lat="26.282700" lon="127.815440"></trkpt>
      <trkpt lat="26.282450" lon="127.815380"></trkpt>
      <trkpt lat="26.282430" lon="127.815370"></trkpt>
      <trkpt lat="26.282240" lon="127.815320"></trkpt>
      <trkpt lat="26.282050" lon="127.815240"></trkpt>
      <trkpt lat="26.281800" lon="127.815120"></trkpt>
      <trkpt lat="26.281590" lon="127.814990"></trkpt>
      <trkpt lat="26.281470" lon="127.814900"></trkpt>
      <trkpt lat="26.281430" lon="127.814860"></trkpt>
      <trkpt lat="26.281390" lon="127.814840"></trkpt>
      <trkpt lat="26.281250" lon="127.814720"></trkpt>
      <trkpt lat="26.281180" lon="127.814640"></trkpt>
      <trkpt lat="26.280870" lon="127.814340"></trkpt>
      <trkpt lat="26.280830" lon="127.814290"></trkpt>
      <trkpt lat="26.280770" lon="127.814230"></trkpt>
      <trkpt lat="26.280710" lon="127.814180"></trkpt>
      <trkpt lat="26.280540" lon="127.813990"></trkpt>
      <trkpt lat="26.280100" lon="127.813540"></trkpt>
      <trkpt lat="26.279890" lon="127.813290"></trkpt>
      <trkpt lat="26.279800" lon="127.813170"></trkpt>
      <trkpt lat="26.279780" lon="127.813150"></trkpt>
      <trkpt lat="26.279730" lon="127.813080"></trkpt>
      <trkpt lat="26.279540" lon="127.812770"></trkpt>
      <trkpt lat="26.279140" lon="127.812050"></trkpt>
      <trkpt lat="26.279130" lon="127.812010"></trkpt>
      <trkpt lat="26.279120" lon="127.812010"></trkpt>
      <trkpt lat="26.278900" lon="127.811550"></trkpt>
      <trkpt lat="26.278780" lon="127.811260"></trkpt>
      <trkpt lat="26.278740" lon="127.811180"></trkpt>
      <trkpt lat="26.278610" lon="127.810840"></trkpt>
      <trkpt lat="26.278180" lon="127.809850"></trkpt>
      <trkpt lat="26.277650" lon="127.808550"></trkpt>
      <trkpt lat="26.277470" lon="127.808150"></trkpt>
      <trkpt lat="26.277260" lon="127.807630"></trkpt>
      <trkpt lat="26.277250" lon="127.807580"></trkpt>
      <trkpt lat="26.277230" lon="127.807530"></trkpt>
      <trkpt lat="26.277160" lon="127.807180"></trkpt>
      <trkpt lat="26.277160" lon="127.806910"></trkpt>
      <trkpt lat="26.277170" lon="127.806880"></trkpt>
      <trkpt lat="26.277170" lon="127.806830"></trkpt>
      <trkpt lat="26.277210" lon="127.806640"></trkpt>
      <trkpt lat="26.277230" lon="127.806600"></trkpt>
      <trkpt lat="26.277240" lon="127.806540"></trkpt>
      <trkpt lat="26.277340" lon="127.806300"></trkpt>
      <trkpt lat="26.277870" lon="127.805420"></trkpt>
      <trkpt lat="26.278000" lon="127.805160"></trkpt>
      <trkpt lat="26.278100" lon="127.804890"></trkpt>
      <trkpt lat="26.278120" lon="127.804810"></trkpt>
      <trkpt lat="26.278150" lon="127.804740"></trkpt>
      <trkpt lat="26.278240" lon="127.804340"></trkpt>
      <trkpt lat="26.278300" lon="127.803800"></trkpt>
      <trkpt lat="26.278320" lon="127.803470"></trkpt>
      <trkpt lat="26.278320" lon="127.803220"></trkpt>
      <trkpt lat="26.278280" lon="127.802820"></trkpt>
      <trkpt lat="26.278260" lon="127.802710"></trkpt>
      <trkpt lat="26.278160" lon="127.802370"></trkpt>
      <trkpt lat="26.278110" lon="127.802260"></trkpt>
      <trkpt lat="26.278090" lon="127.802200"></trkpt>
      <trkpt lat="26.278070" lon="127.802180"></trkpt>
      <trkpt lat="26.278050" lon="127.802120"></trkpt>
      <trkpt lat="26.277990" lon="127.802000"></trkpt>
      <trkpt lat="26.277940" lon="127.801920"></trkpt>
      <trkpt lat="26.277880" lon="127.801800"></trkpt>
      <trkpt lat="26.277570" lon="127.801310"></trkpt>
      <trkpt lat="26.277470" lon="127.801120"></trkpt>
      <trkpt lat="26.277280" lon="127.800810"></trkpt>
      <trkpt lat="26.277270" lon="127.800800"></trkpt>
      <trkpt lat="26.276920" lon="127.800240"></trkpt>
      <trkpt lat="26.276780" lon="127.800060"></trkpt>
      <trkpt lat="26.276720" lon="127.799960"></trkpt>
      <trkpt lat="26.276540" lon="127.799760"></trkpt>
      <trkpt lat="26.276430" lon="127.799680"></trkpt>
      <trkpt lat="26.273820" lon="127.797450"></trkpt>
      <trkpt lat="26.273800" lon="127.797420"></trkpt>
      <trkpt lat="26.273500" lon="127.797150"></trkpt>
      <trkpt lat="26.273260" lon="127.796890"></trkpt>
      <trkpt lat="26.272860" lon="127.796360"></trkpt>
      <trkpt lat="26.272660" lon="127.796040"></trkpt>
      <trkpt lat="26.272520" lon="127.795740"></trkpt>
      <trkpt lat="26.272470" lon="127.795580"></trkpt>
      <trkpt lat="26.272450" lon="127.795550"></trkpt>
      <trkpt lat="26.272430" lon="127.795480"></trkpt>
      <trkpt lat="26.272090" lon="127.794530"></trkpt>
      <trkpt lat="26.272020" lon="127.794360"></trkpt>
      <trkpt lat="26.271960" lon="127.794150"></trkpt>
      <trkpt lat="26.271760" lon="127.793600"></trkpt>
      <trkpt lat="26.271730" lon="127.793500"></trkpt>
      <trkpt lat="26.271730" lon="127.793490"></trkpt>
      <trkpt lat="26.271720" lon="127.793480"></trkpt>
      <trkpt lat="26.271430" lon="127.792630"></trkpt>
      <trkpt lat="26.271380" lon="127.792530"></trkpt>
      <trkpt lat="26.271220" lon="127.792270"></trkpt>
      <trkpt lat="26.271140" lon="127.792160"></trkpt>
      <trkpt lat="26.271050" lon="127.792070"></trkpt>
      <trkpt lat="26.271030" lon="127.792060"></trkpt>
      <trkpt lat="26.270850" lon="127.791890"></trkpt>
      <trkpt lat="26.270730" lon="127.791810"></trkpt>
      <trkpt lat="26.270710" lon="127.791790"></trkpt>
      <trkpt lat="26.270690" lon="127.791780"></trkpt>
      <trkpt lat="26.270680" lon="127.791780"></trkpt>
      <trkpt lat="26.270650" lon="127.791760"></trkpt>
      <trkpt lat="26.270620" lon="127.791750"></trkpt>
      <trkpt lat="26.270600" lon="127.791730"></trkpt>
      <trkpt lat="26.270540" lon="127.791700"></trkpt>
      <trkpt lat="26.270520" lon="127.791700"></trkpt>
      <trkpt lat="26.270390" lon="127.791640"></trkpt>
      <trkpt lat="26.270240" lon="127.791600"></trkpt>
      <trkpt lat="26.270110" lon="127.791550"></trkpt>
      <trkpt lat="26.269150" lon="127.791240"></trkpt>
      <trkpt lat="26.269080" lon="127.791210"></trkpt>
      <trkpt lat="26.268580" lon="127.791060"></trkpt>
      <trkpt lat="26.268060" lon="127.790880"></trkpt>
      <trkpt lat="26.267600" lon="127.790740"></trkpt>
      <trkpt lat="26.267480" lon="127.790690"></trkpt>
      <trkpt lat="26.265980" lon="127.790200"></trkpt>
      <trkpt lat="26.265470" lon="127.790050"></trkpt>
      <trkpt lat="26.264800" lon="127.789820"></trkpt>
      <trkpt lat="26.264350" lon="127.789630"></trkpt>
      <trkpt lat="26.264100" lon="127.789510"></trkpt>
      <trkpt lat="26.263490" lon="127.789150"></trkpt>
      <trkpt lat="26.263200" lon="127.788960"></trkpt>
      <trkpt lat="26.263020" lon="127.788860"></trkpt>
      <trkpt lat="26.262860" lon="127.788750"></trkpt>
      <trkpt lat="26.262000" lon="127.788210"></trkpt>
      <trkpt lat="26.261930" lon="127.788160"></trkpt>
      <trkpt lat="26.261870" lon="127.788130"></trkpt>
      <trkpt lat="26.261690" lon="127.788010"></trkpt>
      <trkpt lat="26.261600" lon="127.787960"></trkpt>
      <trkpt lat="26.261570" lon="127.787930"></trkpt>
      <trkpt lat="26.260590" lon="127.787330"></trkpt>
      <trkpt lat="26.257030" lon="127.785420"></trkpt>
      <trkpt lat="26.256840" lon="127.785340"></trkpt>
      <trkpt lat="26.256740" lon="127.785290"></trkpt>
      <trkpt lat="26.256590" lon="127.785240"></trkpt>
      <trkpt lat="26.256540" lon="127.785210"></trkpt>
      <trkpt lat="26.256240" lon="127.785110"></trkpt>
      <trkpt lat="26.256120" lon="127.785080"></trkpt>
      <trkpt lat="26.256070" lon="127.785060"></trkpt>
      <trkpt lat="26.255740" lon="127.784970"></trkpt>
      <trkpt lat="26.255630" lon="127.784930"></trkpt>
      <trkpt lat="26.255430" lon="127.784880"></trkpt>
      <trkpt lat="26.255290" lon="127.784830"></trkpt>
      <trkpt lat="26.254590" lon="127.784630"></trkpt>
      <trkpt lat="26.253770" lon="127.784300"></trkpt>
      <trkpt lat="26.251280" lon="127.783110"></trkpt>
      <trkpt lat="26.250440" lon="127.782740"></trkpt>
      <trkpt lat="26.250300" lon="127.782690"></trkpt>
      <trkpt lat="26.250240" lon="127.782660"></trkpt>
      <trkpt lat="26.249830" lon="127.782520"></trkpt>
      <trkpt lat="26.248690" lon="127.782230"></trkpt>
      <trkpt lat="26.248470" lon="127.782190"></trkpt>
      <trkpt lat="26.246320" lon="127.781690"></trkpt>
      <trkpt lat="26.245440" lon="127.781430"></trkpt>
      <trkpt lat="26.245220" lon="127.781340"></trkpt>
      <trkpt lat="26.245050" lon="127.781250"></trkpt>
      <trkpt lat="26.245000" lon="127.781230"></trkpt>
      <trkpt lat="26.244740" lon="127.781080"></trkpt>
      <trkpt lat="26.244370" lon="127.780810"></trkpt>
      <trkpt lat="26.244290" lon="127.780740"></trkpt>
      <trkpt lat="26.242560" lon="127.779460"></trkpt>
      <trkpt lat="26.242380" lon="127.779360"></trkpt>
      <trkpt lat="26.241990" lon="127.779060"></trkpt>
      <trkpt lat="26.241910" lon="127.778980"></trkpt>
      <trkpt lat="26.239200" lon="127.777000"></trkpt>
      <trkpt lat="26.239120" lon="127.776930"></trkpt>
      <trkpt lat="26.238790" lon="127.776680"></trkpt>
      <trkpt lat="26.238610" lon="127.776530"></trkpt>
      <trkpt lat="26.238260" lon="127.776190"></trkpt>
      <trkpt lat="26.238190" lon="127.776100"></trkpt>
      <trkpt lat="26.237930" lon="127.775710"></trkpt>
      <trkpt lat="26.237760" lon="127.775410"></trkpt>
      <trkpt lat="26.237650" lon="127.775150"></trkpt>
      <trkpt lat="26.237510" lon="127.774700"></trkpt>
      <trkpt lat="26.237500" lon="127.774590"></trkpt>
      <trkpt lat="26.237360" lon="127.773710"></trkpt>
      <trkpt lat="26.237350" lon="127.773670"></trkpt>
      <trkpt lat="26.237120" lon="127.772140"></trkpt>
      <trkpt lat="26.237080" lon="127.771940"></trkpt>
      <trkpt lat="26.237060" lon="127.771760"></trkpt>
      <trkpt lat="26.237050" lon="127.771720"></trkpt>
      <trkpt lat="26.237030" lon="127.771580"></trkpt>
      <trkpt lat="26.237030" lon="127.771550"></trkpt>
      <trkpt lat="26.237010" lon="127.771470"></trkpt>
      <trkpt lat="26.237010" lon="127.771460"></trkpt>
      <trkpt lat="26.236970" lon="127.771260"></trkpt>
      <trkpt lat="26.236960" lon="127.771170"></trkpt>
      <trkpt lat="26.236880" lon="127.770800"></trkpt>
      <trkpt lat="26.236840" lon="127.770670"></trkpt>
      <trkpt lat="26.236800" lon="127.770580"></trkpt>
      <trkpt lat="26.236780" lon="127.770510"></trkpt>
      <trkpt lat="26.236710" lon="127.770370"></trkpt>
      <trkpt lat="26.236560" lon="127.770150"></trkpt>
      <trkpt lat="26.236520" lon="127.770100"></trkpt>
      <trkpt lat="26.236390" lon="127.769970"></trkpt>
      <trkpt lat="26.236340" lon="127.769930"></trkpt>
      <trkpt lat="26.236270" lon="127.769860"></trkpt>
      <trkpt lat="26.236070" lon="127.769730"></trkpt>
      <trkpt lat="26.235940" lon="127.769670"></trkpt>
      <trkpt lat="26.235790" lon="127.769620"></trkpt>
      <trkpt lat="26.235730" lon="127.769610"></trkpt>
      <trkpt lat="26.235710" lon="127.769600"></trkpt>
      <trkpt lat="26.235620" lon="127.769580"></trkpt>
      <trkpt lat="26.235570" lon="127.769580"></trkpt>
      <trkpt lat="26.235550" lon="127.769570"></trkpt>
      <trkpt lat="26.235190" lon="127.769570"></trkpt>
      <trkpt lat="26.233900" lon="127.769680"></trkpt>
      <trkpt lat="26.233530" lon="127.769680"></trkpt>
      <trkpt lat="26.233340" lon="127.769660"></trkpt>
      <trkpt lat="26.233290" lon="127.769660"></trkpt>
      <trkpt lat="26.232920" lon="127.769600"></trkpt>
      <trkpt lat="26.232760" lon="127.769560"></trkpt>
      <trkpt lat="26.232490" lon="127.769460"></trkpt>
      <trkpt lat="26.231270" lon="127.768960"></trkpt>
      <trkpt lat="26.230890" lon="127.768760"></trkpt>
      <trkpt lat="26.230370" lon="127.768510"></trkpt>
      <trkpt lat="26.230330" lon="127.768480"></trkpt>
      <trkpt lat="26.229720" lon="127.768170"></trkpt>
      <trkpt lat="26.229660" lon="127.768150"></trkpt>
      <trkpt lat="26.229410" lon="127.768020"></trkpt>
      <trkpt lat="26.229370" lon="127.767990"></trkpt>
      <trkpt lat="26.227320" lon="127.766970"></trkpt>
      <trkpt lat="26.227290" lon="127.766950"></trkpt>
      <trkpt lat="26.226600" lon="127.766620"></trkpt>
      <trkpt lat="26.226080" lon="127.766330"></trkpt>
      <trkpt lat="26.225750" lon="127.766190"></trkpt>
      <trkpt lat="26.225560" lon="127.766140"></trkpt>
      <trkpt lat="26.225450" lon="127.766100"></trkpt>
      <trkpt lat="26.225380" lon="127.766090"></trkpt>
      <trkpt lat="26.225240" lon="127.766050"></trkpt>
      <trkpt lat="26.224240" lon="127.765900"></trkpt>
      <trkpt lat="26.224040" lon="127.765880"></trkpt>
      <trkpt lat="26.223410" lon="127.765790"></trkpt>
      <trkpt lat="26.223250" lon="127.765780"></trkpt>
      <trkpt lat="26.221940" lon="127.765600"></trkpt>
      <trkpt lat="26.221790" lon="127.765620"></trkpt>
      <trkpt lat="26.221660" lon="127.765610"></trkpt>
      <trkpt lat="26.221220" lon="127.765530"></trkpt>
      <trkpt lat="26.221120" lon="127.765520"></trkpt>
      <trkpt lat="26.221080" lon="127.765510"></trkpt>
      <trkpt lat="26.221030" lon="127.765510"></trkpt>
      <trkpt lat="26.220930" lon="127.765490"></trkpt>
      <trkpt lat="26.220820" lon="127.765480"></trkpt>
      <trkpt lat="26.220640" lon="127.765450"></trkpt>
      <trkpt lat="26.220590" lon="127.765410"></trkpt>
      <trkpt lat="26.220300" lon="127.765370"></trkpt>
      <trkpt lat="26.220120" lon="127.765320"></trkpt>
      <trkpt lat="26.219890" lon="127.765220"></trkpt>
      <trkpt lat="26.219600" lon="127.765050"></trkpt>
      <trkpt lat="26.219560" lon="127.765020"></trkpt>
      <trkpt lat="26.218530" lon="127.764430"></trkpt>
      <trkpt lat="26.218440" lon="127.764390"></trkpt>
      <trkpt lat="26.218410" lon="127.764370"></trkpt>
      <trkpt lat="26.217760" lon="127.764030"></trkpt>
      <trkpt lat="26.217520" lon="127.763920"></trkpt>
      <trkpt lat="26.217380" lon="127.763870"></trkpt>
      <trkpt lat="26.217300" lon="127.763850"></trkpt>
      <trkpt lat="26.217250" lon="127.763830"></trkpt>
      <trkpt lat="26.217210" lon="127.763830"></trkpt>
      <trkpt lat="26.217140" lon="127.763810"></trkpt>
      <trkpt lat="26.217020" lon="127.763790"></trkpt>
      <trkpt lat="26.216580" lon="127.763770"></trkpt>
      <trkpt lat="26.216390" lon="127.763740"></trkpt>
      <trkpt lat="26.216330" lon="127.763720"></trkpt>
      <trkpt lat="26.216090" lon="127.763610"></trkpt>
      <trkpt lat="26.216000" lon="127.763550"></trkpt>
      <trkpt lat="26.215720" lon="127.763290"></trkpt>
      <trkpt lat="26.215690" lon="127.763250"></trkpt>
      <trkpt lat="26.214960" lon="127.762520"></trkpt>
      <trkpt lat="26.214860" lon="127.762410"></trkpt>
      <trkpt lat="26.214240" lon="127.761810"></trkpt>
      <trkpt lat="26.214070" lon="127.761670"></trkpt>
      <trkpt lat="26.212900" lon="127.760890"></trkpt>
      <trkpt lat="26.212840" lon="127.760840"></trkpt>
      <trkpt lat="26.212210" lon="127.760420"></trkpt>
      <trkpt lat="26.212100" lon="127.760320"></trkpt>
      <trkpt lat="26.212020" lon="127.760460"></trkpt>
      <trkpt lat="26.211830" lon="127.761470"></trkpt>
      <trkpt lat="26.211730" lon="127.761730"></trkpt>
      <trkpt lat="26.211650" lon="127.761890"></trkpt>
      <trkpt lat="26.211480" lon="127.762140"></trkpt>
      <trkpt lat="26.211440" lon="127.762180"></trkpt>
      <trkpt lat="26.211310" lon="127.762350"></trkpt>
      <trkpt lat="26.211230" lon="127.762480"></trkpt>
      <trkpt lat="26.211170" lon="127.762610"></trkpt>
      <trkpt lat="26.211120" lon="127.762760"></trkpt>
      <trkpt lat="26.211010" lon="127.763220"></trkpt>
      <trkpt lat="26.210990" lon="127.763390"></trkpt>
      <trkpt lat="26.211030" lon="127.764440"></trkpt>
      <trkpt lat="26.210840" lon="127.764450"></trkpt>
      <trkpt lat="26.210780" lon="127.764470"></trkpt>
      <trkpt lat="26.210450" lon="127.764490"></trkpt>
      <trkpt lat="26.210430" lon="127.764480"></trkpt>
      <trkpt lat="26.210240" lon="127.764480"></trkpt>
      <trkpt lat="26.210000" lon="127.764460"></trkpt>
      <trkpt lat="26.209830" lon="127.764430"></trkpt>
      <trkpt lat="26.209660" lon="127.764370"></trkpt>
      <trkpt lat="26.209620" lon="127.764350"></trkpt>
      <trkpt lat="26.209520" lon="127.764320"></trkpt>
      <trkpt lat="26.209470" lon="127.764290"></trkpt>
      <trkpt lat="26.209190" lon="127.764190"></trkpt>
      <trkpt lat="26.206560" lon="127.762710"></trkpt>
      <trkpt lat="26.206300" lon="127.762580"></trkpt>
      <trkpt lat="26.206210" lon="127.762520"></trkpt>
      <trkpt lat="26.205530" lon="127.762150"></trkpt>
      <trkpt lat="26.205520" lon="127.762140"></trkpt>
      <trkpt lat="26.205330" lon="127.762030"></trkpt>
      <trkpt lat="26.205170" lon="127.761950"></trkpt>
      <trkpt lat="26.204600" lon="127.761620"></trkpt>
      <trkpt lat="26.204570" lon="127.761610"></trkpt>
      <trkpt lat="26.204020" lon="127.761300"></trkpt>
      <trkpt lat="26.203850" lon="127.761220"></trkpt>
      <trkpt lat="26.203020" lon="127.760760"></trkpt>
      <trkpt lat="26.202790" lon="127.760660"></trkpt>
      <trkpt lat="26.202700" lon="127.760630"></trkpt>
      <trkpt lat="26.202680" lon="127.760620"></trkpt>
      <trkpt lat="26.202530" lon="127.760580"></trkpt>
      <trkpt lat="26.202370" lon="127.760550"></trkpt>
      <trkpt lat="26.202350" lon="127.760550"></trkpt>
      <trkpt lat="26.202220" lon="127.760530"></trkpt>
      <trkpt lat="26.202200" lon="127.760530"></trkpt>
      <trkpt lat="26.202190" lon="127.760520"></trkpt>
      <trkpt lat="26.201820" lon="127.760520"></trkpt>
      <trkpt lat="26.201690" lon="127.760510"></trkpt>
      <trkpt lat="26.200460" lon="127.760520"></trkpt>
      <trkpt lat="26.200030" lon="127.760510"></trkpt>
      <trkpt lat="26.200030" lon="127.760800"></trkpt>
      <trkpt lat="26.200020" lon="127.760920"></trkpt>
      <trkpt lat="26.200020" lon="127.761190"></trkpt>
      <trkpt lat="26.200000" lon="127.761300"></trkpt>
      <trkpt lat="26.199970" lon="127.763170"></trkpt>
      <trkpt lat="26.199950" lon="127.763600"></trkpt>
      <trkpt lat="26.199930" lon="127.763700"></trkpt>
      <trkpt lat="26.199920" lon="127.763790"></trkpt>
      <trkpt lat="26.199820" lon="127.764160"></trkpt>
      <trkpt lat="26.199730" lon="127.764390"></trkpt>
      <trkpt lat="26.199670" lon="127.764520"></trkpt>
      <trkpt lat="26.199630" lon="127.764590"></trkpt>
      <trkpt lat="26.199630" lon="127.764600"></trkpt>
      <trkpt lat="26.199490" lon="127.764830"></trkpt>
      <trkpt lat="26.199380" lon="127.764980"></trkpt>
      <trkpt lat="26.199330" lon="127.765030"></trkpt>
      <trkpt lat="26.199290" lon="127.765090"></trkpt>
      <trkpt lat="26.198400" lon="127.766000"></trkpt>
      <trkpt lat="26.198300" lon="127.765880"></trkpt>
      <trkpt lat="26.198290" lon="127.765850"></trkpt>
      <trkpt lat="26.198130" lon="127.765530"></trkpt>
      <trkpt lat="26.198110" lon="127.765500"></trkpt>
      <trkpt lat="26.198020" lon="127.765330"></trkpt>
      <trkpt lat="26.197780" lon="127.765630"></trkpt>
      <trkpt lat="26.197780" lon="127.765640"></trkpt>
      <trkpt lat="26.197770" lon="127.765640"></trkpt>
      <trkpt lat="26.197730" lon="127.765710"></trkpt>
      <trkpt lat="26.197700" lon="127.765750"></trkpt>
      <trkpt lat="26.197690" lon="127.765770"></trkpt>
      <trkpt lat="26.197690" lon="127.765790"></trkpt>
      <trkpt lat="26.197700" lon="127.765790"></trkpt>
      <trkpt lat="26.197700" lon="127.765810"></trkpt>
      <trkpt lat="26.198060" lon="127.766350"></trkpt>
      <trkpt lat="26.197790" lon="127.766630"></trkpt>
      <trkpt lat="26.197560" lon="127.766850"></trkpt>
      <trkpt lat="26.197550" lon="127.766870"></trkpt>
      <trkpt lat="26.197140" lon="127.767290"></trkpt>
      <trkpt lat="26.197010" lon="127.767410"></trkpt>
      <trkpt lat="26.196900" lon="127.767530"></trkpt>
      <trkpt lat="26.196680" lon="127.767700"></trkpt>
      <trkpt lat="26.196660" lon="127.767710"></trkpt>
      <trkpt lat="26.196580" lon="127.767770"></trkpt>
      <trkpt lat="26.196500" lon="127.767820"></trkpt>
      <trkpt lat="26.196280" lon="127.767930"></trkpt>
      <trkpt lat="26.196040" lon="127.768020"></trkpt>
      <trkpt lat="26.195680" lon="127.768100"></trkpt>
      <trkpt lat="26.195530" lon="127.768110"></trkpt>
      <trkpt lat="26.195080" lon="127.768100"></trkpt>
      <trkpt lat="26.193920" lon="127.768010"></trkpt>
      <trkpt lat="26.193780" lon="127.768010"></trkpt>
      <trkpt lat="26.193570" lon="127.768030"></trkpt>
      <trkpt lat="26.193540" lon="127.768040"></trkpt>
      <trkpt lat="26.193510" lon="127.768040"></trkpt>
      <trkpt lat="26.193150" lon="127.768160"></trkpt>
      <trkpt lat="26.192940" lon="127.768280"></trkpt>
      <trkpt lat="26.192740" lon="127.768430"></trkpt>
      <trkpt lat="26.192270" lon="127.768860"></trkpt>
      <trkpt lat="26.190860" lon="127.770220"></trkpt>
      <trkpt lat="26.190830" lon="127.770240"></trkpt>
      <trkpt lat="26.189930" lon="127.771120"></trkpt>
      <trkpt lat="26.189920" lon="127.771120"></trkpt>
      <trkpt lat="26.189750" lon="127.771300"></trkpt>
      <trkpt lat="26.189600" lon="127.771420"></trkpt>
      <trkpt lat="26.189410" lon="127.771590"></trkpt>
      <trkpt lat="26.186730" lon="127.773590"></trkpt>
      <trkpt lat="26.186640" lon="127.773640"></trkpt>
      <trkpt lat="26.186590" lon="127.773660"></trkpt>
      <trkpt lat="26.186480" lon="127.773720"></trkpt>
      <trkpt lat="26.186230" lon="127.773810"></trkpt>
      <trkpt lat="26.185820" lon="127.773920"></trkpt>
      <trkpt lat="26.185170" lon="127.773980"></trkpt>
      <trkpt lat="26.185080" lon="127.774000"></trkpt>
      <trkpt lat="26.184880" lon="127.774030"></trkpt>
      <trkpt lat="26.184720" lon="127.774100"></trkpt>
      <trkpt lat="26.184470" lon="127.774180"></trkpt>
      <trkpt lat="26.184290" lon="127.774220"></trkpt>
      <trkpt lat="26.183990" lon="127.774270"></trkpt>
      <trkpt lat="26.183960" lon="127.774280"></trkpt>
      <trkpt lat="26.183760" lon="127.774310"></trkpt>
      <trkpt lat="26.183730" lon="127.774320"></trkpt>
      <trkpt lat="26.183690" lon="127.774320"></trkpt>
      <trkpt lat="26.183470" lon="127.774370"></trkpt>
      <trkpt lat="26.183270" lon="127.774440"></trkpt>
      <trkpt lat="26.182960" lon="127.774600"></trkpt>
      <trkpt lat="26.182880" lon="127.774650"></trkpt>
      <trkpt lat="26.182670" lon="127.774810"></trkpt>
      <trkpt lat="26.182630" lon="127.774830"></trkpt>
      <trkpt lat="26.182450" lon="127.774960"></trkpt>
      <trkpt lat="26.182260" lon="127.775060"></trkpt>
      <trkpt lat="26.182110" lon="127.775120"></trkpt>
      <trkpt lat="26.182000" lon="127.775150"></trkpt>
      <trkpt lat="26.181980" lon="127.775160"></trkpt>
      <trkpt lat="26.181940" lon="127.775160"></trkpt>
      <trkpt lat="26.181840" lon="127.775180"></trkpt>
      <trkpt lat="26.181790" lon="127.775180"></trkpt>
      <trkpt lat="26.181750" lon="127.775190"></trkpt>
      <trkpt lat="26.181510" lon="127.775190"></trkpt>
      <trkpt lat="26.181480" lon="127.775180"></trkpt>
      <trkpt lat="26.181430" lon="127.775180"></trkpt>
      <trkpt lat="26.181290" lon="127.775150"></trkpt>
      <trkpt lat="26.180970" lon="127.775040"></trkpt>
      <trkpt lat="26.180640" lon="127.774910"></trkpt>
      <trkpt lat="26.180190" lon="127.774710"></trkpt>
      <trkpt lat="26.179820" lon="127.774580"></trkpt>
      <trkpt lat="26.179780" lon="127.774560"></trkpt>
      <trkpt lat="26.179650" lon="127.774530"></trkpt>
      <trkpt lat="26.179470" lon="127.774470"></trkpt>
      <trkpt lat="26.179100" lon="127.774370"></trkpt>
      <trkpt lat="26.179050" lon="127.774350"></trkpt>
      <trkpt lat="26.178650" lon="127.774260"></trkpt>
      <trkpt lat="26.177560" lon="127.773960"></trkpt>
      <trkpt lat="26.176900" lon="127.773800"></trkpt>
      <trkpt lat="26.176620" lon="127.773760"></trkpt>
      <trkpt lat="26.176380" lon="127.773760"></trkpt>
      <trkpt lat="26.176180" lon="127.773770"></trkpt>
      <trkpt lat="26.174830" lon="127.773760"></trkpt>
      <trkpt lat="26.174710" lon="127.773770"></trkpt>
      <trkpt lat="26.174500" lon="127.773830"></trkpt>
      <trkpt lat="26.174350" lon="127.773900"></trkpt>
      <trkpt lat="26.174250" lon="127.773960"></trkpt>
      <trkpt lat="26.174150" lon="127.774030"></trkpt>
      <trkpt lat="26.174100" lon="127.774080"></trkpt>
      <trkpt lat="26.174050" lon="127.774120"></trkpt>
      <trkpt lat="26.173930" lon="127.774250"></trkpt>
      <trkpt lat="26.173900" lon="127.774300"></trkpt>
      <trkpt lat="26.173850" lon="127.774360"></trkpt>
      <trkpt lat="26.173220" lon="127.775230"></trkpt>
      <trkpt lat="26.173010" lon="127.775540"></trkpt>
      <trkpt lat="26.172830" lon="127.775770"></trkpt>
      <trkpt lat="26.172490" lon="127.776290"></trkpt>
      <trkpt lat="26.172120" lon="127.776950"></trkpt>
      <trkpt lat="26.170230" lon="127.780870"></trkpt>
      <trkpt lat="26.170190" lon="127.780940"></trkpt>
      <trkpt lat="26.169930" lon="127.781480"></trkpt>
      <trkpt lat="26.169920" lon="127.781510"></trkpt>
      <trkpt lat="26.169530" lon="127.782310"></trkpt>
      <trkpt lat="26.169460" lon="127.782480"></trkpt>
      <trkpt lat="26.169430" lon="127.782520"></trkpt>
      <trkpt lat="26.168250" lon="127.784980"></trkpt>
      <trkpt lat="26.168150" lon="127.785280"></trkpt>
      <trkpt lat="26.168040" lon="127.785720"></trkpt>
      <trkpt lat="26.168020" lon="127.785840"></trkpt>
      <trkpt lat="26.167800" lon="127.787980"></trkpt>
      <trkpt lat="26.167800" lon="127.788040"></trkpt>
      <trkpt lat="26.167790" lon="127.788100"></trkpt>
      <trkpt lat="26.167780" lon="127.788130"></trkpt>
      <trkpt lat="26.167550" lon="127.790440"></trkpt>
      <trkpt lat="26.167530" lon="127.790880"></trkpt>
      <trkpt lat="26.167560" lon="127.791390"></trkpt>
      <trkpt lat="26.167610" lon="127.791660"></trkpt>
      <trkpt lat="26.167690" lon="127.792010"></trkpt>
      <trkpt lat="26.167720" lon="127.792090"></trkpt>
      <trkpt lat="26.167770" lon="127.792260"></trkpt>
      <trkpt lat="26.167900" lon="127.792590"></trkpt>
      <trkpt lat="26.169560" lon="127.796310"></trkpt>
      <trkpt lat="26.169830" lon="127.796870"></trkpt>
      <trkpt lat="26.170370" lon="127.798080"></trkpt>
      <trkpt lat="26.170610" lon="127.798500"></trkpt>
      <trkpt lat="26.170750" lon="127.798710"></trkpt>
      <trkpt lat="26.170910" lon="127.798920"></trkpt>
      <trkpt lat="26.171090" lon="127.799120"></trkpt>
      <trkpt lat="26.171190" lon="127.799260"></trkpt>
      <trkpt lat="26.171350" lon="127.799400"></trkpt>
      <trkpt lat="26.171380" lon="127.799440"></trkpt>
      <trkpt lat="26.171440" lon="127.799500"></trkpt>
      <trkpt lat="26.171480" lon="127.799520"></trkpt>
      <trkpt lat="26.171720" lon="127.799700"></trkpt>
      <trkpt lat="26.171790" lon="127.799760"></trkpt>
      <trkpt lat="26.171900" lon="127.799830"></trkpt>
      <trkpt lat="26.171900" lon="127.799840"></trkpt>
      <trkpt lat="26.172210" lon="127.800010"></trkpt>
      <trkpt lat="26.172330" lon="127.800060"></trkpt>
      <trkpt lat="26.172460" lon="127.800130"></trkpt>
      <trkpt lat="26.172730" lon="127.800240"></trkpt>
      <trkpt lat="26.172900" lon="127.800290"></trkpt>
      <trkpt lat="26.173280" lon="127.800370"></trkpt>
      <trkpt lat="26.173630" lon="127.800410"></trkpt>
      <trkpt lat="26.173900" lon="127.800420"></trkpt>
      <trkpt lat="26.174130" lon="127.800410"></trkpt>
      <trkpt lat="26.174320" lon="127.800390"></trkpt>
      <trkpt lat="26.174370" lon="127.800390"></trkpt>
      <trkpt lat="26.174710" lon="127.800330"></trkpt>
      <trkpt lat="26.175250" lon="127.800170"></trkpt>
      <trkpt lat="26.175350" lon="127.800130"></trkpt>
      <trkpt lat="26.176070" lon="127.799900"></trkpt>
      <trkpt lat="26.176170" lon="127.799860"></trkpt>
      <trkpt lat="26.176350" lon="127.799820"></trkpt>
      <trkpt lat="26.176370" lon="127.799810"></trkpt>
      <trkpt lat="26.176590" lon="127.799750"></trkpt>
      <trkpt lat="26.177870" lon="127.799340"></trkpt>
      <trkpt lat="26.178140" lon="127.799270"></trkpt>
      <trkpt lat="26.178660" lon="127.799090"></trkpt>
      <trkpt lat="26.179570" lon="127.798810"></trkpt>
      <trkpt lat="26.179950" lon="127.798670"></trkpt>
      <trkpt lat="26.180310" lon="127.798580"></trkpt>
      <trkpt lat="26.180520" lon="127.798560"></trkpt>
      <trkpt lat="26.180620" lon="127.798560"></trkpt>
      <trkpt lat="26.180840" lon="127.798590"></trkpt>
      <trkpt lat="26.181130" lon="127.798670"></trkpt>
      <trkpt lat="26.181380" lon="127.798800"></trkpt>
      <trkpt lat="26.181520" lon="127.798890"></trkpt>
      <trkpt lat="26.181600" lon="127.798950"></trkpt>
      <trkpt lat="26.181840" lon="127.799190"></trkpt>
      <trkpt lat="26.184090" lon="127.801650"></trkpt>
      <trkpt lat="26.184400" lon="127.802030"></trkpt>
      <trkpt lat="26.184650" lon="127.802360"></trkpt>
      <trkpt lat="26.184780" lon="127.802550"></trkpt>
      <trkpt lat="26.185070" lon="127.803020"></trkpt>
      <trkpt lat="26.185170" lon="127.803200"></trkpt>
      <trkpt lat="26.185260" lon="127.803330"></trkpt>
      <trkpt lat="26.186550" lon="127.805530"></trkpt>
      <trkpt lat="26.186600" lon="127.805590"></trkpt>
      <trkpt lat="26.187790" lon="127.807630"></trkpt>
      <trkpt lat="26.187840" lon="127.807700"></trkpt>
      <trkpt lat="26.188240" lon="127.808400"></trkpt>
      <trkpt lat="26.188360" lon="127.808630"></trkpt>
      <trkpt lat="26.188560" lon="127.809120"></trkpt>
      <trkpt lat="26.188590" lon="127.809210"></trkpt>
      <trkpt lat="26.188610" lon="127.809300"></trkpt>
      <trkpt lat="26.188650" lon="127.809410"></trkpt>
      <trkpt lat="26.189020" lon="127.811030"></trkpt>
      <trkpt lat="26.189030" lon="127.811110"></trkpt>
      <trkpt lat="26.189270" lon="127.812200"></trkpt>
      <trkpt lat="26.189320" lon="127.812380"></trkpt>
      <trkpt lat="26.189450" lon="127.813150"></trkpt>
      <trkpt lat="26.189480" lon="127.813490"></trkpt>
      <trkpt lat="26.189480" lon="127.813650"></trkpt>
      <trkpt lat="26.189490" lon="127.813820"></trkpt>
      <trkpt lat="26.189470" lon="127.814350"></trkpt>
      <trkpt lat="26.189420" lon="127.814790"></trkpt>
      <trkpt lat="26.189330" lon="127.815280"></trkpt>
      <trkpt lat="26.189030" lon="127.816470"></trkpt>
      <trkpt lat="26.189000" lon="127.816550"></trkpt>
      <trkpt lat="26.188790" lon="127.817270"></trkpt>
      <trkpt lat="26.188690" lon="127.817570"></trkpt>
      <trkpt lat="26.188660" lon="127.817630"></trkpt>
      <trkpt lat="26.188630" lon="127.817740"></trkpt>
      <trkpt lat="26.188510" lon="127.818020"></trkpt>
      <trkpt lat="26.188180" lon="127.818640"></trkpt>
      <trkpt lat="26.188110" lon="127.818730"></trkpt>
      <trkpt lat="26.188090" lon="127.818750"></trkpt>
      <trkpt lat="26.188090" lon="127.818760"></trkpt>
      <trkpt lat="26.188060" lon="127.818780"></trkpt>
      <trkpt lat="26.188020" lon="127.818830"></trkpt>
      <trkpt lat="26.187970" lon="127.818870"></trkpt>
      <trkpt lat="26.187950" lon="127.818880"></trkpt>
      <trkpt lat="26.187910" lon="127.818910"></trkpt>
      <trkpt lat="26.187860" lon="127.818940"></trkpt>
      <trkpt lat="26.187750" lon="127.818980"></trkpt>
      <trkpt lat="26.187690" lon="127.819010"></trkpt>
      <trkpt lat="26.187660" lon="127.819010"></trkpt>
      <trkpt lat="26.187610" lon="127.819020"></trkpt>
      <trkpt lat="26.187090" lon="127.819020"></trkpt>
      <trkpt lat="26.185910" lon="127.818970"></trkpt>
      <trkpt lat="26.185240" lon="127.818920"></trkpt>
      <trkpt lat="26.183820" lon="127.818770"></trkpt>
      <trkpt lat="26.183730" lon="127.818770"></trkpt>
      <trkpt lat="26.183550" lon="127.818800"></trkpt>
      <trkpt lat="26.183390" lon="127.818850"></trkpt>
      <trkpt lat="26.183360" lon="127.818850"></trkpt>
      <trkpt lat="26.183030" lon="127.818970"></trkpt>
      <trkpt lat="26.182900" lon="127.819000"></trkpt>
      <trkpt lat="26.182300" lon="127.819180"></trkpt>
      <trkpt lat="26.182220" lon="127.819210"></trkpt>
      <trkpt lat="26.180690" lon="127.819510"></trkpt>
      <trkpt lat="26.180550" lon="127.819530"></trkpt>
      <trkpt lat="26.180270" lon="127.819600"></trkpt>
      <trkpt lat="26.180110" lon="127.819650"></trkpt>
      <trkpt lat="26.180050" lon="127.819680"></trkpt>
      <trkpt lat="26.180020" lon="127.819690"></trkpt>
      <trkpt lat="26.179880" lon="127.819770"></trkpt>
      <trkpt lat="26.179840" lon="127.819780"></trkpt>
      <trkpt lat="26.179720" lon="127.819850"></trkpt>
      <trkpt lat="26.178400" lon="127.820710"></trkpt>
      <trkpt lat="26.178210" lon="127.820860"></trkpt>
      <trkpt lat="26.178110" lon="127.820960"></trkpt>
      <trkpt lat="26.178050" lon="127.821030"></trkpt>
      <trkpt lat="26.178000" lon="127.821100"></trkpt>
      <trkpt lat="26.177940" lon="127.821210"></trkpt>
      <trkpt lat="26.177890" lon="127.821340"></trkpt>
      <trkpt lat="26.177890" lon="127.821360"></trkpt>
      <trkpt lat="26.177870" lon="127.821430"></trkpt>
      <trkpt lat="26.177860" lon="127.821490"></trkpt>
      <trkpt lat="26.177860" lon="127.821530"></trkpt>
      <trkpt lat="26.177850" lon="127.821560"></trkpt>
      <trkpt lat="26.177850" lon="127.821700"></trkpt>
      <trkpt lat="26.177860" lon="127.821730"></trkpt>
      <trkpt lat="26.177860" lon="127.821760"></trkpt>
      <trkpt lat="26.177890" lon="127.821910"></trkpt>
      <trkpt lat="26.178170" lon="127.822570"></trkpt>
      <trkpt lat="26.178210" lon="127.822640"></trkpt>
      <trkpt lat="26.178240" lon="127.822720"></trkpt>
      <trkpt lat="26.178310" lon="127.822870"></trkpt>
      <trkpt lat="26.178410" lon="127.823260"></trkpt>
      <trkpt lat="26.178440" lon="127.823480"></trkpt>
      <trkpt lat="26.178440" lon="127.823540"></trkpt>
      <trkpt lat="26.178450" lon="127.823610"></trkpt>
      <trkpt lat="26.178450" lon="127.823860"></trkpt>
      <trkpt lat="26.178430" lon="127.824130"></trkpt>
      <trkpt lat="26.178420" lon="127.824170"></trkpt>
      <trkpt lat="26.178400" lon="127.824320"></trkpt>
      <trkpt lat="26.178350" lon="127.824450"></trkpt>
      <trkpt lat="26.178340" lon="127.824490"></trkpt>
      <trkpt lat="26.178310" lon="127.824560"></trkpt>
      <trkpt lat="26.178240" lon="127.824690"></trkpt>
      <trkpt lat="26.178230" lon="127.824730"></trkpt>
      <trkpt lat="26.178190" lon="127.824820"></trkpt>
      <trkpt lat="26.178180" lon="127.824870"></trkpt>
      <trkpt lat="26.178160" lon="127.824920"></trkpt>
      <trkpt lat="26.178160" lon="127.824940"></trkpt>
      <trkpt lat="26.178140" lon="127.824980"></trkpt>
      <trkpt lat="26.178090" lon="127.825250"></trkpt>
      <trkpt lat="26.178090" lon="127.825390"></trkpt>
      <trkpt lat="26.178080" lon="127.825460"></trkpt>
      <trkpt lat="26.178080" lon="127.825560"></trkpt>
      <trkpt lat="26.178070" lon="127.825640"></trkpt>
      <trkpt lat="26.178050" lon="127.825700"></trkpt>
      <trkpt lat="26.178030" lon="127.825820"></trkpt>
      <trkpt lat="26.177960" lon="127.826030"></trkpt>
      <trkpt lat="26.177430" lon="127.827080"></trkpt>
      <trkpt lat="26.177350" lon="127.827200"></trkpt>
      <trkpt lat="26.177280" lon="127.827270"></trkpt>
      <trkpt lat="26.177260" lon="127.827280"></trkpt>
      <trkpt lat="26.177190" lon="127.827330"></trkpt>
      <trkpt lat="26.177120" lon="127.827360"></trkpt>
      <trkpt lat="26.177000" lon="127.827400"></trkpt>
      <trkpt lat="26.176980" lon="127.827410"></trkpt>
      <trkpt lat="26.176890" lon="127.827430"></trkpt>
      <trkpt lat="26.176660" lon="127.827520"></trkpt>
      <trkpt lat="26.176600" lon="127.827560"></trkpt>
      <trkpt lat="26.176590" lon="127.827570"></trkpt>
      <trkpt lat="26.176540" lon="127.827590"></trkpt>
      <trkpt lat="26.176500" lon="127.827620"></trkpt>
      <trkpt lat="26.176500" lon="127.827630"></trkpt>
      <trkpt lat="26.176360" lon="127.827750"></trkpt>
      <trkpt lat="26.176330" lon="127.827790"></trkpt>
      <trkpt lat="26.176100" lon="127.828020"></trkpt>
      <trkpt lat="26.176090" lon="127.828020"></trkpt>
      <trkpt lat="26.176020" lon="127.828090"></trkpt>
      <trkpt lat="26.175840" lon="127.828230"></trkpt>
      <trkpt lat="26.175780" lon="127.828270"></trkpt>
      <trkpt lat="26.175560" lon="127.828390"></trkpt>
      <trkpt lat="26.175330" lon="127.828480"></trkpt>
      <trkpt lat="26.175280" lon="127.828490"></trkpt>
      <trkpt lat="26.175230" lon="127.828510"></trkpt>
      <trkpt lat="26.175110" lon="127.828540"></trkpt>
      <trkpt lat="26.175090" lon="127.828540"></trkpt>
      <trkpt lat="26.174940" lon="127.828570"></trkpt>
      <trkpt lat="26.174920" lon="127.828570"></trkpt>
      <trkpt lat="26.174870" lon="127.828580"></trkpt>
      <trkpt lat="26.174700" lon="127.828580"></trkpt>
      <trkpt lat="26.174650" lon="127.828590"></trkpt>
      <trkpt lat="26.174600" lon="127.828590"></trkpt>
      <trkpt lat="26.174550" lon="127.828600"></trkpt>
      <trkpt lat="26.174510" lon="127.828600"></trkpt>
      <trkpt lat="26.174450" lon="127.828610"></trkpt>
      <trkpt lat="26.174310" lon="127.828650"></trkpt>
      <trkpt lat="26.174230" lon="127.828680"></trkpt>
      <trkpt lat="26.173980" lon="127.828800"></trkpt>
      <trkpt lat="26.173830" lon="127.828890"></trkpt>
      <trkpt lat="26.173800" lon="127.828900"></trkpt>
      <trkpt lat="26.173770" lon="127.828920"></trkpt>
      <trkpt lat="26.173700" lon="127.828940"></trkpt>
      <trkpt lat="26.173680" lon="127.828940"></trkpt>
      <trkpt lat="26.173660" lon="127.828950"></trkpt>
      <trkpt lat="26.173620" lon="127.828960"></trkpt>
      <trkpt lat="26.173440" lon="127.828960"></trkpt>
      <trkpt lat="26.173230" lon="127.828910"></trkpt>
      <trkpt lat="26.172940" lon="127.828730"></trkpt>
      <trkpt lat="26.172890" lon="127.828690"></trkpt>
      <trkpt lat="26.172820" lon="127.828650"></trkpt>
      <trkpt lat="26.172580" lon="127.828490"></trkpt>
      <trkpt lat="26.172510" lon="127.828420"></trkpt>
      <trkpt lat="26.172390" lon="127.828320"></trkpt>
      <trkpt lat="26.172150" lon="127.828070"></trkpt>
      <trkpt lat="26.172120" lon="127.828050"></trkpt>
      <trkpt lat="26.172090" lon="127.828020"></trkpt>
      <trkpt lat="26.171990" lon="127.827950"></trkpt>
      <trkpt lat="26.171890" lon="127.827910"></trkpt>
      <trkpt lat="26.171840" lon="127.827900"></trkpt>
      <trkpt lat="26.171800" lon="127.827880"></trkpt>
      <trkpt lat="26.171780" lon="127.827880"></trkpt>
      <trkpt lat="26.171740" lon="127.827870"></trkpt>
      <trkpt lat="26.171680" lon="127.827870"></trkpt>
      <trkpt lat="26.171550" lon="127.827840"></trkpt>
      <trkpt lat="26.171500" lon="127.827820"></trkpt>
      <trkpt lat="26.171390" lon="127.827760"></trkpt>
      <trkpt lat="26.171000" lon="127.827500"></trkpt>
      <trkpt lat="26.170990" lon="127.827500"></trkpt>
      <trkpt lat="26.170840" lon="127.827390"></trkpt>
      <trkpt lat="26.170770" lon="127.827320"></trkpt>
      <trkpt lat="26.170740" lon="127.827280"></trkpt>
      <trkpt lat="26.170720" lon="127.827260"></trkpt>
      <trkpt lat="26.170660" lon="127.827170"></trkpt>
      <trkpt lat="26.170660" lon="127.827160"></trkpt>
      <trkpt lat="26.170640" lon="127.827140"></trkpt>
      <trkpt lat="26.170550" lon="127.826950"></trkpt>
      <trkpt lat="26.170530" lon="127.826920"></trkpt>
      <trkpt lat="26.170530" lon="127.826910"></trkpt>
      <trkpt lat="26.170510" lon="127.826880"></trkpt>
      <trkpt lat="26.170490" lon="127.826840"></trkpt>
      <trkpt lat="26.170460" lon="127.826800"></trkpt>
      <trkpt lat="26.170430" lon="127.826770"></trkpt>
      <trkpt lat="26.170400" lon="127.826730"></trkpt>
      <trkpt lat="26.170370" lon="127.826710"></trkpt>
      <trkpt lat="26.170330" lon="127.826670"></trkpt>
      <trkpt lat="26.170270" lon="127.826630"></trkpt>
      <trkpt lat="26.170230" lon="127.826610"></trkpt>
      <trkpt lat="26.170200" lon="127.826590"></trkpt>
      <trkpt lat="26.170180" lon="127.826590"></trkpt>
      <trkpt lat="26.169960" lon="127.826500"></trkpt>
      <trkpt lat="26.169840" lon="127.826470"></trkpt>
      <trkpt lat="26.169640" lon="127.826470"></trkpt>
      <trkpt lat="26.169610" lon="127.826480"></trkpt>
      <trkpt lat="26.169560" lon="127.826490"></trkpt>
      <trkpt lat="26.169360" lon="127.826490"></trkpt>
      <trkpt lat="26.169310" lon="127.826470"></trkpt>
      <trkpt lat="26.169300" lon="127.826470"></trkpt>
      <trkpt lat="26.169240" lon="127.826450"></trkpt>
      <trkpt lat="26.169220" lon="127.826430"></trkpt>
      <trkpt lat="26.169140" lon="127.826380"></trkpt>
      <trkpt lat="26.169130" lon="127.826360"></trkpt>
      <trkpt lat="26.169080" lon="127.826300"></trkpt>
      <trkpt lat="26.169060" lon="127.826260"></trkpt>
      <trkpt lat="26.169030" lon="127.826220"></trkpt>
      <trkpt lat="26.169010" lon="127.826170"></trkpt>
      <trkpt lat="26.169000" lon="127.826120"></trkpt>
      <trkpt lat="26.168990" lon="127.826090"></trkpt>
      <trkpt lat="26.168990" lon="127.826060"></trkpt>
      <trkpt lat="26.168980" lon="127.826030"></trkpt>
      <trkpt lat="26.168980" lon="127.825980"></trkpt>
      <trkpt lat="26.168990" lon="127.825900"></trkpt>
      <trkpt lat="26.168990" lon="127.825850"></trkpt>
      <trkpt lat="26.169110" lon="127.825270"></trkpt>
      <trkpt lat="26.169150" lon="127.825150"></trkpt>
      <trkpt lat="26.169280" lon="127.824630"></trkpt>
      <trkpt lat="26.169280" lon="127.824570"></trkpt>
      <trkpt lat="26.169270" lon="127.824520"></trkpt>
      <trkpt lat="26.169270" lon="127.824480"></trkpt>
      <trkpt lat="26.169250" lon="127.824410"></trkpt>
      <trkpt lat="26.169110" lon="127.824150"></trkpt>
      <trkpt lat="26.169090" lon="127.824100"></trkpt>
      <trkpt lat="26.169060" lon="127.824000"></trkpt>
      <trkpt lat="26.169060" lon="127.823920"></trkpt>
      <trkpt lat="26.169050" lon="127.823900"></trkpt>
      <trkpt lat="26.169060" lon="127.823870"></trkpt>
      <trkpt lat="26.169060" lon="127.823800"></trkpt>
      <trkpt lat="26.169080" lon="127.823720"></trkpt>
      <trkpt lat="26.169080" lon="127.823700"></trkpt>
      <trkpt lat="26.169100" lon="127.823660"></trkpt>
      <trkpt lat="26.169110" lon="127.823630"></trkpt>
      <trkpt lat="26.169200" lon="127.823480"></trkpt>
      <trkpt lat="26.169380" lon="127.823250"></trkpt>
      <trkpt lat="26.169570" lon="127.822980"></trkpt>
      <trkpt lat="26.169680" lon="127.822850"></trkpt>
      <trkpt lat="26.169690" lon="127.822830"></trkpt>
      <trkpt lat="26.169740" lon="127.822760"></trkpt>
      <trkpt lat="26.169770" lon="127.822700"></trkpt>
      <trkpt lat="26.169780" lon="127.822660"></trkpt>
      <trkpt lat="26.169800" lon="127.822610"></trkpt>
      <trkpt lat="26.169800" lon="127.822440"></trkpt>
      <trkpt lat="26.169790" lon="127.822410"></trkpt>
      <trkpt lat="26.169780" lon="127.822350"></trkpt>
      <trkpt lat="26.169730" lon="127.822170"></trkpt>
      <trkpt lat="26.169630" lon="127.821950"></trkpt>
      <trkpt lat="26.169620" lon="127.821940"></trkpt>
      <trkpt lat="26.169610" lon="127.821910"></trkpt>
      <trkpt lat="26.169560" lon="127.821800"></trkpt>
      <trkpt lat="26.169550" lon="127.821760"></trkpt>
      <trkpt lat="26.169540" lon="127.821750"></trkpt>
      <trkpt lat="26.169530" lon="127.821710"></trkpt>
      <trkpt lat="26.169530" lon="127.821670"></trkpt>
      <trkpt lat="26.169510" lon="127.821540"></trkpt>
      <trkpt lat="26.169510" lon="127.821500"></trkpt>
      <trkpt lat="26.169520" lon="127.821480"></trkpt>
      <trkpt lat="26.169520" lon="127.821430"></trkpt>
      <trkpt lat="26.169670" lon="127.820850"></trkpt>
      <trkpt lat="26.169700" lon="127.820780"></trkpt>
      <trkpt lat="26.169730" lon="127.820670"></trkpt>
      <trkpt lat="26.170170" lon="127.819480"></trkpt>
      <trkpt lat="26.170170" lon="127.819380"></trkpt>
      <trkpt lat="26.170160" lon="127.819310"></trkpt>
      <trkpt lat="26.170160" lon="127.819270"></trkpt>
      <trkpt lat="26.170120" lon="127.819160"></trkpt>
      <trkpt lat="26.170090" lon="127.819100"></trkpt>
      <trkpt lat="26.170060" lon="127.819060"></trkpt>
      <trkpt lat="26.169980" lon="127.818980"></trkpt>
      <trkpt lat="26.169910" lon="127.818920"></trkpt>
      <trkpt lat="26.169850" lon="127.818840"></trkpt>
      <trkpt lat="26.169510" lon="127.818510"></trkpt>
      <trkpt lat="26.169500" lon="127.818510"></trkpt>
      <trkpt lat="26.169490" lon="127.818490"></trkpt>
      <trkpt lat="26.169040" lon="127.818090"></trkpt>
      <trkpt lat="26.168950" lon="127.818020"></trkpt>
      <trkpt lat="26.168810" lon="127.817940"></trkpt>
      <trkpt lat="26.168740" lon="127.817920"></trkpt>
      <trkpt lat="26.168640" lon="127.817920"></trkpt>
      <trkpt lat="26.168550" lon="127.817930"></trkpt>
      <trkpt lat="26.168280" lon="127.817980"></trkpt>
      <trkpt lat="26.168040" lon="127.818050"></trkpt>
      <trkpt lat="26.167390" lon="127.818340"></trkpt>
      <trkpt lat="26.167380" lon="127.818340"></trkpt>
      <trkpt lat="26.167180" lon="127.818430"></trkpt>
      <trkpt lat="26.167150" lon="127.818450"></trkpt>
      <trkpt lat="26.167100" lon="127.818460"></trkpt>
      <trkpt lat="26.167040" lon="127.818480"></trkpt>
      <trkpt lat="26.166840" lon="127.818510"></trkpt>
      <trkpt lat="26.166750" lon="127.818510"></trkpt>
      <trkpt lat="26.166580" lon="127.818490"></trkpt>
      <trkpt lat="26.166530" lon="127.818490"></trkpt>
      <trkpt lat="26.166010" lon="127.818440"></trkpt>
      <trkpt lat="26.165730" lon="127.818430"></trkpt>
      <trkpt lat="26.164860" lon="127.818440"></trkpt>
      <trkpt lat="26.164660" lon="127.818460"></trkpt>
      <trkpt lat="26.164570" lon="127.818480"></trkpt>
      <trkpt lat="26.164410" lon="127.818500"></trkpt>
      <trkpt lat="26.164080" lon="127.818590"></trkpt>
      <trkpt lat="26.163900" lon="127.818620"></trkpt>
      <trkpt lat="26.163770" lon="127.818620"></trkpt>
      <trkpt lat="26.163640" lon="127.818580"></trkpt>
      <trkpt lat="26.163610" lon="127.818560"></trkpt>
      <trkpt lat="26.163570" lon="127.818540"></trkpt>
      <trkpt lat="26.163530" lon="127.818510"></trkpt>
      <trkpt lat="26.163020" lon="127.817970"></trkpt>
      <trkpt lat="26.162990" lon="127.817930"></trkpt>
      <trkpt lat="26.162950" lon="127.817900"></trkpt>
      <trkpt lat="26.162920" lon="127.817870"></trkpt>
      <trkpt lat="26.162890" lon="127.817850"></trkpt>
      <trkpt lat="26.162870" lon="127.817830"></trkpt>
      <trkpt lat="26.162830" lon="127.817800"></trkpt>
      <trkpt lat="26.162780" lon="127.817770"></trkpt>
      <trkpt lat="26.162740" lon="127.817740"></trkpt>
      <trkpt lat="26.162590" lon="127.817650"></trkpt>
      <trkpt lat="26.162530" lon="127.817620"></trkpt>
      <trkpt lat="26.162260" lon="127.817460"></trkpt>
      <trkpt lat="26.162180" lon="127.817380"></trkpt>
      <trkpt lat="26.162150" lon="127.817360"></trkpt>
      <trkpt lat="26.162120" lon="127.817330"></trkpt>
      <trkpt lat="26.162100" lon="127.817290"></trkpt>
      <trkpt lat="26.162060" lon="127.817230"></trkpt>
      <trkpt lat="26.161640" lon="127.816470"></trkpt>
      <trkpt lat="26.161620" lon="127.816450"></trkpt>
      <trkpt lat="26.161600" lon="127.816410"></trkpt>
      <trkpt lat="26.161590" lon="127.816370"></trkpt>
      <trkpt lat="26.161560" lon="127.816320"></trkpt>
      <trkpt lat="26.161500" lon="127.816100"></trkpt>
      <trkpt lat="26.161500" lon="127.816080"></trkpt>
      <trkpt lat="26.161480" lon="127.815980"></trkpt>
      <trkpt lat="26.161450" lon="127.815880"></trkpt>
      <trkpt lat="26.161440" lon="127.815820"></trkpt>
      <trkpt lat="26.161390" lon="127.815690"></trkpt>
      <trkpt lat="26.161360" lon="127.815630"></trkpt>
      <trkpt lat="26.161150" lon="127.815370"></trkpt>
      <trkpt lat="26.161080" lon="127.815260"></trkpt>
      <trkpt lat="26.161050" lon="127.815200"></trkpt>
      <trkpt lat="26.160990" lon="127.815030"></trkpt>
      <trkpt lat="26.160950" lon="127.814970"></trkpt>
      <trkpt lat="26.160930" lon="127.814930"></trkpt>
      <trkpt lat="26.160900" lon="127.814890"></trkpt>
      <trkpt lat="26.160730" lon="127.814750"></trkpt>
      <trkpt lat="26.160640" lon="127.814660"></trkpt>
      <trkpt lat="26.160580" lon="127.814560"></trkpt>
      <trkpt lat="26.160530" lon="127.814500"></trkpt>
      <trkpt lat="26.160410" lon="127.814380"></trkpt>
      <trkpt lat="26.160220" lon="127.814220"></trkpt>
      <trkpt lat="26.160120" lon="127.814160"></trkpt>
      <trkpt lat="26.160040" lon="127.814130"></trkpt>
      <trkpt lat="26.159950" lon="127.814120"></trkpt>
      <trkpt lat="26.159820" lon="127.814090"></trkpt>
      <trkpt lat="26.159730" lon="127.814060"></trkpt>
      <trkpt lat="26.159650" lon="127.814020"></trkpt>
      <trkpt lat="26.159550" lon="127.813940"></trkpt>
      <trkpt lat="26.159530" lon="127.813930"></trkpt>
      <trkpt lat="26.159410" lon="127.813830"></trkpt>
      <trkpt lat="26.159090" lon="127.813500"></trkpt>
      <trkpt lat="26.158930" lon="127.813310"></trkpt>
      <trkpt lat="26.158850" lon="127.813190"></trkpt>
      <trkpt lat="26.158790" lon="127.813120"></trkpt>
      <trkpt lat="26.158710" lon="127.813000"></trkpt>
      <trkpt lat="26.158640" lon="127.812850"></trkpt>
      <trkpt lat="26.158640" lon="127.812780"></trkpt>
      <trkpt lat="26.158630" lon="127.812730"></trkpt>
      <trkpt lat="26.158650" lon="127.812580"></trkpt>
      <trkpt lat="26.158670" lon="127.812500"></trkpt>
      <trkpt lat="26.158690" lon="127.812350"></trkpt>
      <trkpt lat="26.158690" lon="127.812200"></trkpt>
      <trkpt lat="26.158660" lon="127.812050"></trkpt>
      <trkpt lat="26.158620" lon="127.811950"></trkpt>
      <trkpt lat="26.158620" lon="127.811930"></trkpt>
      <trkpt lat="26.158560" lon="127.811780"></trkpt>
      <trkpt lat="26.158550" lon="127.811730"></trkpt>
      <trkpt lat="26.158530" lon="127.811680"></trkpt>
      <trkpt lat="26.158520" lon="127.811490"></trkpt>
      <trkpt lat="26.158530" lon="127.811010"></trkpt>
      <trkpt lat="26.158520" lon="127.810930"></trkpt>
      <trkpt lat="26.158520" lon="127.810890"></trkpt>
      <trkpt lat="26.158450" lon="127.810620"></trkpt>
      <trkpt lat="26.158350" lon="127.810430"></trkpt>
      <trkpt lat="26.158260" lon="127.810290"></trkpt>
      <trkpt lat="26.158180" lon="127.810200"></trkpt>
      <trkpt lat="26.157940" lon="127.809980"></trkpt>
      <trkpt lat="26.157860" lon="127.809930"></trkpt>
      <trkpt lat="26.157810" lon="127.809920"></trkpt>
      <trkpt lat="26.157760" lon="127.809920"></trkpt>
      <trkpt lat="26.157700" lon="127.809930"></trkpt>
      <trkpt lat="26.157590" lon="127.810000"></trkpt>
      <trkpt lat="26.157550" lon="127.810040"></trkpt>
      <trkpt lat="26.157470" lon="127.810100"></trkpt>
      <trkpt lat="26.157310" lon="127.810240"></trkpt>
      <trkpt lat="26.157170" lon="127.810310"></trkpt>
      <trkpt lat="26.156990" lon="127.810340"></trkpt>
      <trkpt lat="26.156880" lon="127.810340"></trkpt>
      <trkpt lat="26.156800" lon="127.810320"></trkpt>
      <trkpt lat="26.156760" lon="127.810300"></trkpt>
      <trkpt lat="26.156730" lon="127.810290"></trkpt>
      <trkpt lat="26.156700" lon="127.810270"></trkpt>
      <trkpt lat="26.156670" lon="127.810240"></trkpt>
      <trkpt lat="26.156620" lon="127.810200"></trkpt>
      <trkpt lat="26.156570" lon="127.810140"></trkpt>
      <trkpt lat="26.156490" lon="127.810020"></trkpt>
      <trkpt lat="26.156290" lon="127.809770"></trkpt>
      <trkpt lat="26.156190" lon="127.809660"></trkpt>
      <trkpt lat="26.156070" lon="127.809550"></trkpt>
      <trkpt lat="26.155920" lon="127.809450"></trkpt>
      <trkpt lat="26.155870" lon="127.809410"></trkpt>
      <trkpt lat="26.155810" lon="127.809350"></trkpt>
      <trkpt lat="26.155750" lon="127.809250"></trkpt>
      <trkpt lat="26.155730" lon="127.809190"></trkpt>
      <trkpt lat="26.155730" lon="127.809160"></trkpt>
      <trkpt lat="26.155720" lon="127.809120"></trkpt>
      <trkpt lat="26.155720" lon="127.809020"></trkpt>
      <trkpt lat="26.155730" lon="127.808950"></trkpt>
      <trkpt lat="26.155760" lon="127.808820"></trkpt>
      <trkpt lat="26.155760" lon="127.808800"></trkpt>
      <trkpt lat="26.155770" lon="127.808760"></trkpt>
      <trkpt lat="26.155780" lon="127.808740"></trkpt>
      <trkpt lat="26.155790" lon="127.808650"></trkpt>
      <trkpt lat="26.155790" lon="127.808580"></trkpt>
      <trkpt lat="26.155780" lon="127.808510"></trkpt>
      <trkpt lat="26.155760" lon="127.808460"></trkpt>
      <trkpt lat="26.155700" lon="127.808230"></trkpt>
      <trkpt lat="26.155630" lon="127.808040"></trkpt>
      <trkpt lat="26.155570" lon="127.807810"></trkpt>
      <trkpt lat="26.155570" lon="127.807800"></trkpt>
      <trkpt lat="26.155550" lon="127.807730"></trkpt>
      <trkpt lat="26.155530" lon="127.807610"></trkpt>
      <trkpt lat="26.155520" lon="127.807490"></trkpt>
      <trkpt lat="26.155520" lon="127.807240"></trkpt>
      <trkpt lat="26.155530" lon="127.807210"></trkpt>
      <trkpt lat="26.155530" lon="127.807160"></trkpt>
      <trkpt lat="26.155560" lon="127.807040"></trkpt>
      <trkpt lat="26.155600" lon="127.806970"></trkpt>
      <trkpt lat="26.155650" lon="127.806900"></trkpt>
      <trkpt lat="26.155750" lon="127.806820"></trkpt>
      <trkpt lat="26.155900" lon="127.806790"></trkpt>
      <trkpt lat="26.156170" lon="127.806790"></trkpt>
      <trkpt lat="26.156220" lon="127.806780"></trkpt>
      <trkpt lat="26.156240" lon="127.806780"></trkpt>
      <trkpt lat="26.156280" lon="127.806770"></trkpt>
      <trkpt lat="26.156330" lon="127.806750"></trkpt>
      <trkpt lat="26.156370" lon="127.806720"></trkpt>
      <trkpt lat="26.156410" lon="127.806680"></trkpt>
      <trkpt lat="26.156480" lon="127.806570"></trkpt>
      <trkpt lat="26.156490" lon="127.806540"></trkpt>
      <trkpt lat="26.156490" lon="127.806520"></trkpt>
      <trkpt lat="26.156500" lon="127.806480"></trkpt>
      <trkpt lat="26.156500" lon="127.806340"></trkpt>
      <trkpt lat="26.156460" lon="127.806230"></trkpt>
      <trkpt lat="26.156430" lon="127.806170"></trkpt>
      <trkpt lat="26.156330" lon="127.806050"></trkpt>
      <trkpt lat="26.156260" lon="127.805980"></trkpt>
      <trkpt lat="26.156190" lon="127.805920"></trkpt>
      <trkpt lat="26.156060" lon="127.805860"></trkpt>
      <trkpt lat="26.155830" lon="127.805800"></trkpt>
      <trkpt lat="26.155750" lon="127.805770"></trkpt>
      <trkpt lat="26.155700" lon="127.805740"></trkpt>
      <trkpt lat="26.155640" lon="127.805720"></trkpt>
      <trkpt lat="26.155570" lon="127.805670"></trkpt>
      <trkpt lat="26.155470" lon="127.805580"></trkpt>
      <trkpt lat="26.155130" lon="127.805310"></trkpt>
      <trkpt lat="26.155070" lon="127.805240"></trkpt>
      <trkpt lat="26.155030" lon="127.805210"></trkpt>
      <trkpt lat="26.154990" lon="127.805150"></trkpt>
      <trkpt lat="26.154820" lon="127.804950"></trkpt>
      <trkpt lat="26.154620" lon="127.804750"></trkpt>
      <trkpt lat="26.154230" lon="127.804290"></trkpt>
      <trkpt lat="26.154150" lon="127.804150"></trkpt>
      <trkpt lat="26.154110" lon="127.804060"></trkpt>
      <trkpt lat="26.154080" lon="127.803970"></trkpt>
      <trkpt lat="26.153940" lon="127.803450"></trkpt>
      <trkpt lat="26.153790" lon="127.803090"></trkpt>
      <trkpt lat="26.153750" lon="127.803020"></trkpt>
      <trkpt lat="26.153740" lon="127.803010"></trkpt>
      <trkpt lat="26.153710" lon="127.802960"></trkpt>
      <trkpt lat="26.153680" lon="127.802930"></trkpt>
      <trkpt lat="26.153660" lon="127.802900"></trkpt>
      <trkpt lat="26.153630" lon="127.802880"></trkpt>
      <trkpt lat="26.153600" lon="127.802850"></trkpt>
      <trkpt lat="26.153560" lon="127.802820"></trkpt>
      <trkpt lat="26.153520" lon="127.802780"></trkpt>
      <trkpt lat="26.153300" lon="127.802610"></trkpt>
      <trkpt lat="26.153130" lon="127.802450"></trkpt>
      <trkpt lat="26.153100" lon="127.802430"></trkpt>
      <trkpt lat="26.153080" lon="127.802400"></trkpt>
      <trkpt lat="26.153050" lon="127.802320"></trkpt>
      <trkpt lat="26.153010" lon="127.802260"></trkpt>
      <trkpt lat="26.152960" lon="127.802170"></trkpt>
      <trkpt lat="26.152940" lon="127.802090"></trkpt>
      <trkpt lat="26.152910" lon="127.802020"></trkpt>
      <trkpt lat="26.152880" lon="127.801900"></trkpt>
      <trkpt lat="26.152870" lon="127.801570"></trkpt>
      <trkpt lat="26.152840" lon="127.801230"></trkpt>
      <trkpt lat="26.152760" lon="127.800990"></trkpt>
      <trkpt lat="26.152000" lon="127.799680"></trkpt>
      <trkpt lat="26.151700" lon="127.799230"></trkpt>
      <trkpt lat="26.151460" lon="127.798800"></trkpt>
      <trkpt lat="26.151430" lon="127.798760"></trkpt>
      <trkpt lat="26.151400" lon="127.798730"></trkpt>
      <trkpt lat="26.151380" lon="127.798700"></trkpt>
      <trkpt lat="26.151350" lon="127.798670"></trkpt>
      <trkpt lat="26.151310" lon="127.798640"></trkpt>
      <trkpt lat="26.151280" lon="127.798610"></trkpt>
      <trkpt lat="26.151190" lon="127.798540"></trkpt>
      <trkpt lat="26.151020" lon="127.798460"></trkpt>
      <trkpt lat="26.150820" lon="127.798420"></trkpt>
      <trkpt lat="26.150640" lon="127.798420"></trkpt>
      <trkpt lat="26.150620" lon="127.798430"></trkpt>
      <trkpt lat="26.150560" lon="127.798430"></trkpt>
      <trkpt lat="26.150070" lon="127.798540"></trkpt>
      <trkpt lat="26.150060" lon="127.798540"></trkpt>
      <trkpt lat="26.150030" lon="127.798550"></trkpt>
      <trkpt lat="26.149980" lon="127.798560"></trkpt>
      <trkpt lat="26.149910" lon="127.798560"></trkpt>
      <trkpt lat="26.149880" lon="127.798570"></trkpt>
      <trkpt lat="26.149850" lon="127.798560"></trkpt>
      <trkpt lat="26.149730" lon="127.798560"></trkpt>
      <trkpt lat="26.149610" lon="127.798530"></trkpt>
      <trkpt lat="26.149410" lon="127.798440"></trkpt>
      <trkpt lat="26.149220" lon="127.798330"></trkpt>
      <trkpt lat="26.149210" lon="127.798320"></trkpt>
      <trkpt lat="26.149150" lon="127.798280"></trkpt>
      <trkpt lat="26.148910" lon="127.798060"></trkpt>
      <trkpt lat="26.148890" lon="127.798050"></trkpt>
      <trkpt lat="26.148860" lon="127.798020"></trkpt>
      <trkpt lat="26.148800" lon="127.797980"></trkpt>
      <trkpt lat="26.148750" lon="127.797960"></trkpt>
      <trkpt lat="26.148650" lon="127.797900"></trkpt>
      <trkpt lat="26.148620" lon="127.797890"></trkpt>
      <trkpt lat="26.148610" lon="127.797880"></trkpt>
      <trkpt lat="26.148570" lon="127.797870"></trkpt>
      <trkpt lat="26.148530" lon="127.797850"></trkpt>
      <trkpt lat="26.148430" lon="127.797780"></trkpt>
      <trkpt lat="26.148400" lon="127.797750"></trkpt>
      <trkpt lat="26.148380" lon="127.797740"></trkpt>
      <trkpt lat="26.148260" lon="127.797620"></trkpt>
      <trkpt lat="26.148220" lon="127.797560"></trkpt>
      <trkpt lat="26.148070" lon="127.797380"></trkpt>
      <trkpt lat="26.148010" lon="127.797320"></trkpt>
      <trkpt lat="26.147960" lon="127.797260"></trkpt>
      <trkpt lat="26.147900" lon="127.797210"></trkpt>
      <trkpt lat="26.147720" lon="127.797010"></trkpt>
      <trkpt lat="26.147700" lon="127.796980"></trkpt>
      <trkpt lat="26.147470" lon="127.796720"></trkpt>
      <trkpt lat="26.147470" lon="127.796710"></trkpt>
      <trkpt lat="26.147070" lon="127.796250"></trkpt>
      <trkpt lat="26.147040" lon="127.796230"></trkpt>
      <trkpt lat="26.146970" lon="127.796140"></trkpt>
      <trkpt lat="26.146900" lon="127.796070"></trkpt>
      <trkpt lat="26.146890" lon="127.796050"></trkpt>
      <trkpt lat="26.146800" lon="127.795960"></trkpt>
      <trkpt lat="26.146520" lon="127.795590"></trkpt>
      <trkpt lat="26.146480" lon="127.795550"></trkpt>
      <trkpt lat="26.146450" lon="127.795510"></trkpt>
      <trkpt lat="26.146390" lon="127.795450"></trkpt>
      <trkpt lat="26.146350" lon="127.795400"></trkpt>
      <trkpt lat="26.146160" lon="127.795240"></trkpt>
      <trkpt lat="26.145950" lon="127.795100"></trkpt>
      <trkpt lat="26.145910" lon="127.795080"></trkpt>
      <trkpt lat="26.145880" lon="127.795070"></trkpt>
      <trkpt lat="26.145830" lon="127.795040"></trkpt>
      <trkpt lat="26.145700" lon="127.795000"></trkpt>
      <trkpt lat="26.145680" lon="127.794990"></trkpt>
      <trkpt lat="26.145620" lon="127.794970"></trkpt>
      <trkpt lat="26.145530" lon="127.794950"></trkpt>
      <trkpt lat="26.145490" lon="127.794950"></trkpt>
      <trkpt lat="26.145440" lon="127.794940"></trkpt>
      <trkpt lat="26.145230" lon="127.794940"></trkpt>
      <trkpt lat="26.145180" lon="127.794950"></trkpt>
      <trkpt lat="26.145070" lon="127.794960"></trkpt>
      <trkpt lat="26.144860" lon="127.795020"></trkpt>
      <trkpt lat="26.144230" lon="127.795270"></trkpt>
      <trkpt lat="26.144050" lon="127.795330"></trkpt>
      <trkpt lat="26.144010" lon="127.795350"></trkpt>
      <trkpt lat="26.143980" lon="127.795360"></trkpt>
      <trkpt lat="26.143800" lon="127.795400"></trkpt>
      <trkpt lat="26.143750" lon="127.795420"></trkpt>
      <trkpt lat="26.143720" lon="127.795420"></trkpt>
      <trkpt lat="26.143700" lon="127.795430"></trkpt>
      <trkpt lat="26.143650" lon="127.795440"></trkpt>
      <trkpt lat="26.143450" lon="127.795460"></trkpt>
      <trkpt lat="26.143410" lon="127.795460"></trkpt>
      <trkpt lat="26.143360" lon="127.795470"></trkpt>
      <trkpt lat="26.143250" lon="127.795460"></trkpt>
      <trkpt lat="26.143180" lon="127.795460"></trkpt>
      <trkpt lat="26.143010" lon="127.795440"></trkpt>
      <trkpt lat="26.142970" lon="127.795430"></trkpt>
      <trkpt lat="26.142900" lon="127.795420"></trkpt>
      <trkpt lat="26.142860" lon="127.795410"></trkpt>
      <trkpt lat="26.142830" lon="127.795410"></trkpt>
      <trkpt lat="26.142770" lon="127.795390"></trkpt>
      <trkpt lat="26.142680" lon="127.795370"></trkpt>
      <trkpt lat="26.142570" lon="127.795320"></trkpt>
      <trkpt lat="26.142550" lon="127.795320"></trkpt>
      <trkpt lat="26.142440" lon="127.795270"></trkpt>
      <trkpt lat="26.142180" lon="127.795130"></trkpt>
      <trkpt lat="26.141880" lon="127.794900"></trkpt>
      <trkpt lat="26.141850" lon="127.794860"></trkpt>
      <trkpt lat="26.141730" lon="127.794740"></trkpt>
      <trkpt lat="26.141690" lon="127.794690"></trkpt>
      <trkpt lat="26.141660" lon="127.794660"></trkpt>
      <trkpt lat="26.141640" lon="127.794630"></trkpt>
      <trkpt lat="26.141610" lon="127.794600"></trkpt>
      <trkpt lat="26.141470" lon="127.794410"></trkpt>
      <trkpt lat="26.141350" lon="127.794200"></trkpt>
      <trkpt lat="26.140560" lon="127.792670"></trkpt>
      <trkpt lat="26.140450" lon="127.792480"></trkpt>
      <trkpt lat="26.140370" lon="127.792370"></trkpt>
      <trkpt lat="26.140330" lon="127.792300"></trkpt>
      <trkpt lat="26.140280" lon="127.792240"></trkpt>
      <trkpt lat="26.140210" lon="127.792170"></trkpt>
      <trkpt lat="26.140170" lon="127.792120"></trkpt>
      <trkpt lat="26.140140" lon="127.792090"></trkpt>
      <trkpt lat="26.140140" lon="127.792080"></trkpt>
      <trkpt lat="26.140110" lon="127.792060"></trkpt>
      <trkpt lat="26.140050" lon="127.792000"></trkpt>
      <trkpt lat="26.140010" lon="127.791970"></trkpt>
      <trkpt lat="26.139940" lon="127.791900"></trkpt>
      <trkpt lat="26.139890" lon="127.791870"></trkpt>
      <trkpt lat="26.139650" lon="127.791700"></trkpt>
      <trkpt lat="26.139370" lon="127.791550"></trkpt>
      <trkpt lat="26.138830" lon="127.791180"></trkpt>
      <trkpt lat="26.138770" lon="127.791120"></trkpt>
      <trkpt lat="26.138720" lon="127.791080"></trkpt>
      <trkpt lat="26.138640" lon="127.791000"></trkpt>
      <trkpt lat="26.138530" lon="127.790870"></trkpt>
      <trkpt lat="26.138480" lon="127.790820"></trkpt>
      <trkpt lat="26.138390" lon="127.790690"></trkpt>
      <trkpt lat="26.138280" lon="127.790500"></trkpt>
      <trkpt lat="26.138260" lon="127.790450"></trkpt>
      <trkpt lat="26.138220" lon="127.790380"></trkpt>
      <trkpt lat="26.138180" lon="127.790280"></trkpt>
      <trkpt lat="26.138150" lon="127.790220"></trkpt>
      <trkpt lat="26.138070" lon="127.790000"></trkpt>
      <trkpt lat="26.138060" lon="127.789940"></trkpt>
      <trkpt lat="26.138030" lon="127.789850"></trkpt>
      <trkpt lat="26.138020" lon="127.789800"></trkpt>
      <trkpt lat="26.138000" lon="127.789740"></trkpt>
      <trkpt lat="26.137950" lon="127.789380"></trkpt>
      <trkpt lat="26.137920" lon="127.788960"></trkpt>
      <trkpt lat="26.137910" lon="127.787430"></trkpt>
      <trkpt lat="26.137940" lon="127.786290"></trkpt>
      <trkpt lat="26.137950" lon="127.786240"></trkpt>
      <trkpt lat="26.137950" lon="127.786170"></trkpt>
      <trkpt lat="26.137970" lon="127.786100"></trkpt>
      <trkpt lat="26.137980" lon="127.786020"></trkpt>
      <trkpt lat="26.138030" lon="127.785780"></trkpt>
      <trkpt lat="26.138060" lon="127.785700"></trkpt>
      <trkpt lat="26.138100" lon="127.785560"></trkpt>
      <trkpt lat="26.138230" lon="127.785300"></trkpt>
      <trkpt lat="26.138240" lon="127.785270"></trkpt>
      <trkpt lat="26.138460" lon="127.784920"></trkpt>
      <trkpt lat="26.138540" lon="127.784840"></trkpt>
      <trkpt lat="26.138580" lon="127.784790"></trkpt>
      <trkpt lat="26.138640" lon="127.784700"></trkpt>
      <trkpt lat="26.138670" lon="127.784670"></trkpt>
      <trkpt lat="26.138700" lon="127.784630"></trkpt>
      <trkpt lat="26.138780" lon="127.784550"></trkpt>
      <trkpt lat="26.138940" lon="127.784410"></trkpt>
      <trkpt lat="26.139560" lon="127.783930"></trkpt>
      <trkpt lat="26.139750" lon="127.783770"></trkpt>
      <trkpt lat="26.139830" lon="127.783690"></trkpt>
      <trkpt lat="26.139860" lon="127.783650"></trkpt>
      <trkpt lat="26.139930" lon="127.783580"></trkpt>
      <trkpt lat="26.140040" lon="127.783450"></trkpt>
      <trkpt lat="26.140070" lon="127.783400"></trkpt>
      <trkpt lat="26.140110" lon="127.783350"></trkpt>
      <trkpt lat="26.140180" lon="127.783200"></trkpt>
      <trkpt lat="26.140210" lon="127.783150"></trkpt>
      <trkpt lat="26.140240" lon="127.783070"></trkpt>
      <trkpt lat="26.140260" lon="127.783030"></trkpt>
      <trkpt lat="26.140270" lon="127.782980"></trkpt>
      <trkpt lat="26.140300" lon="127.782900"></trkpt>
      <trkpt lat="26.140360" lon="127.782610"></trkpt>
      <trkpt lat="26.140370" lon="127.782450"></trkpt>
      <trkpt lat="26.140350" lon="127.782210"></trkpt>
      <trkpt lat="26.140320" lon="127.782020"></trkpt>
      <trkpt lat="26.140180" lon="127.781470"></trkpt>
      <trkpt lat="26.139950" lon="127.780670"></trkpt>
      <trkpt lat="26.139910" lon="127.780440"></trkpt>
      <trkpt lat="26.139870" lon="127.780110"></trkpt>
      <trkpt lat="26.139860" lon="127.779860"></trkpt>
      <trkpt lat="26.139890" lon="127.779440"></trkpt>
      <trkpt lat="26.139920" lon="127.779250"></trkpt>
      <trkpt lat="26.140090" lon="127.778460"></trkpt>
      <trkpt lat="26.140100" lon="127.778450"></trkpt>
      <trkpt lat="26.140240" lon="127.777800"></trkpt>
      <trkpt lat="26.140260" lon="127.777730"></trkpt>
      <trkpt lat="26.140310" lon="127.777480"></trkpt>
      <trkpt lat="26.140330" lon="127.777410"></trkpt>
      <trkpt lat="26.140330" lon="127.777400"></trkpt>
      <trkpt lat="26.140490" lon="127.776560"></trkpt>
      <trkpt lat="26.140500" lon="127.776360"></trkpt>
      <trkpt lat="26.140480" lon="127.776120"></trkpt>
      <trkpt lat="26.140440" lon="127.775920"></trkpt>
      <trkpt lat="26.140380" lon="127.775710"></trkpt>
      <trkpt lat="26.140320" lon="127.775550"></trkpt>
      <trkpt lat="26.140100" lon="127.775150"></trkpt>
      <trkpt lat="26.140090" lon="127.775120"></trkpt>
      <trkpt lat="26.139550" lon="127.774320"></trkpt>
      <trkpt lat="26.139450" lon="127.774150"></trkpt>
      <trkpt lat="26.139430" lon="127.774100"></trkpt>
      <trkpt lat="26.139360" lon="127.773980"></trkpt>
      <trkpt lat="26.139290" lon="127.773790"></trkpt>
      <trkpt lat="26.139280" lon="127.773750"></trkpt>
      <trkpt lat="26.139250" lon="127.773680"></trkpt>
      <trkpt lat="26.139240" lon="127.773600"></trkpt>
      <trkpt lat="26.139240" lon="127.773510"></trkpt>
      <trkpt lat="26.139260" lon="127.773260"></trkpt>
      <trkpt lat="26.139340" lon="127.772940"></trkpt>
      <trkpt lat="26.139380" lon="127.772820"></trkpt>
      <trkpt lat="26.139650" lon="127.772260"></trkpt>
      <trkpt lat="26.139750" lon="127.772090"></trkpt>
      <trkpt lat="26.140100" lon="127.771410"></trkpt>
      <trkpt lat="26.140110" lon="127.771400"></trkpt>
      <trkpt lat="26.140330" lon="127.770880"></trkpt>
      <trkpt lat="26.140420" lon="127.770580"></trkpt>
      <trkpt lat="26.140440" lon="127.770470"></trkpt>
      <trkpt lat="26.140450" lon="127.770450"></trkpt>
      <trkpt lat="26.140490" lon="127.770220"></trkpt>
      <trkpt lat="26.140510" lon="127.769880"></trkpt>
      <trkpt lat="26.140480" lon="127.769580"></trkpt>
      <trkpt lat="26.140450" lon="127.769440"></trkpt>
      <trkpt lat="26.140410" lon="127.769310"></trkpt>
      <trkpt lat="26.140400" lon="127.769290"></trkpt>
      <trkpt lat="26.140360" lon="127.769150"></trkpt>
      <trkpt lat="26.140220" lon="127.768860"></trkpt>
      <trkpt lat="26.139890" lon="127.768390"></trkpt>
      <trkpt lat="26.139830" lon="127.768330"></trkpt>
      <trkpt lat="26.139750" lon="127.768230"></trkpt>
      <trkpt lat="26.139560" lon="127.768040"></trkpt>
      <trkpt lat="26.138920" lon="127.767490"></trkpt>
      <trkpt lat="26.138770" lon="127.767350"></trkpt>
      <trkpt lat="26.137550" lon="127.766320"></trkpt>
      <trkpt lat="26.137490" lon="127.766280"></trkpt>
      <trkpt lat="26.137420" lon="127.766250"></trkpt>
      <trkpt lat="26.137350" lon="127.766230"></trkpt>
      <trkpt lat="26.137270" lon="127.766220"></trkpt>
      <trkpt lat="26.137200" lon="127.766220"></trkpt>
      <trkpt lat="26.136730" lon="127.766290"></trkpt>
      <trkpt lat="26.136230" lon="127.766390"></trkpt>
      <trkpt lat="26.136200" lon="127.766390"></trkpt>
      <trkpt lat="26.136150" lon="127.766400"></trkpt>
      <trkpt lat="26.136090" lon="127.766400"></trkpt>
      <trkpt lat="26.136040" lon="127.766390"></trkpt>
      <trkpt lat="26.135950" lon="127.766350"></trkpt>
      <trkpt lat="26.135880" lon="127.766310"></trkpt>
      <trkpt lat="26.135820" lon="127.766250"></trkpt>
      <trkpt lat="26.135770" lon="127.766190"></trkpt>
      <trkpt lat="26.135690" lon="127.766070"></trkpt>
      <trkpt lat="26.135690" lon="127.766060"></trkpt>
      <trkpt lat="26.135580" lon="127.765900"></trkpt>
      <trkpt lat="26.135580" lon="127.765880"></trkpt>
      <trkpt lat="26.135520" lon="127.765770"></trkpt>
      <trkpt lat="26.135510" lon="127.765720"></trkpt>
      <trkpt lat="26.135510" lon="127.765560"></trkpt>
      <trkpt lat="26.135530" lon="127.765460"></trkpt>
      <trkpt lat="26.135580" lon="127.765320"></trkpt>
      <trkpt lat="26.135590" lon="127.765270"></trkpt>
      <trkpt lat="26.135630" lon="127.765140"></trkpt>
      <trkpt lat="26.135650" lon="127.765010"></trkpt>
      <trkpt lat="26.135630" lon="127.764870"></trkpt>
      <trkpt lat="26.135600" lon="127.764790"></trkpt>
      <trkpt lat="26.135560" lon="127.764710"></trkpt>
      <trkpt lat="26.135090" lon="127.764040"></trkpt>
      <trkpt lat="26.134730" lon="127.763580"></trkpt>
      <trkpt lat="26.134620" lon="127.763470"></trkpt>
      <trkpt lat="26.134560" lon="127.763420"></trkpt>
      <trkpt lat="26.134470" lon="127.763360"></trkpt>
      <trkpt lat="26.134370" lon="127.763280"></trkpt>
      <trkpt lat="26.134240" lon="127.763190"></trkpt>
      <trkpt lat="26.134070" lon="127.763100"></trkpt>
      <trkpt lat="26.133740" lon="127.762970"></trkpt>
      <trkpt lat="26.133730" lon="127.762970"></trkpt>
      <trkpt lat="26.133620" lon="127.762940"></trkpt>
      <trkpt lat="26.133600" lon="127.762940"></trkpt>
      <trkpt lat="26.133380" lon="127.762900"></trkpt>
      <trkpt lat="26.133260" lon="127.762890"></trkpt>
      <trkpt lat="26.132880" lon="127.762900"></trkpt>
      <trkpt lat="26.132340" lon="127.762970"></trkpt>
      <trkpt lat="26.131890" lon="127.762980"></trkpt>
      <trkpt lat="26.131630" lon="127.762940"></trkpt>
      <trkpt lat="26.131610" lon="127.762930"></trkpt>
      <trkpt lat="26.131470" lon="127.762900"></trkpt>
      <trkpt lat="26.131450" lon="127.762900"></trkpt>
      <trkpt lat="26.131310" lon="127.762850"></trkpt>
      <trkpt lat="26.131180" lon="127.762790"></trkpt>
      <trkpt lat="26.130680" lon="127.762490"></trkpt>
      <trkpt lat="26.130650" lon="127.762440"></trkpt>
      <trkpt lat="26.130380" lon="127.762170"></trkpt>
      <trkpt lat="26.130130" lon="127.761800"></trkpt>
      <trkpt lat="26.129200" lon="127.760100"></trkpt>
      <trkpt lat="26.129170" lon="127.760060"></trkpt>
      <trkpt lat="26.128610" lon="127.759070"></trkpt>
      <trkpt lat="26.128320" lon="127.758510"></trkpt>
      <trkpt lat="26.127990" lon="127.757710"></trkpt>
      <trkpt lat="26.127730" lon="127.756850"></trkpt>
      <trkpt lat="26.127660" lon="127.756510"></trkpt>
      <trkpt lat="26.127640" lon="127.756360"></trkpt>
      <trkpt lat="26.127650" lon="127.754580"></trkpt>
      <trkpt lat="26.127400" lon="127.754580"></trkpt>
      <trkpt lat="26.125850" lon="127.754510"></trkpt>
      <trkpt lat="26.125800" lon="127.754520"></trkpt>
      <trkpt lat="26.125730" lon="127.754600"></trkpt>
      <trkpt lat="26.125620" lon="127.754770"></trkpt>
      <trkpt lat="26.125410" lon="127.755140"></trkpt>
      <trkpt lat="26.125280" lon="127.755340"></trkpt>
      <trkpt lat="26.125260" lon="127.755390"></trkpt>
      <trkpt lat="26.125150" lon="127.755520"></trkpt>
      <trkpt lat="26.125190" lon="127.755640"></trkpt>
      <trkpt lat="26.125210" lon="127.755730"></trkpt>
      <trkpt lat="26.125240" lon="127.755810"></trkpt>
      <trkpt lat="26.125360" lon="127.756030"></trkpt>
      <trkpt lat="26.125370" lon="127.756060"></trkpt>
      <trkpt lat="26.125450" lon="127.756160"></trkpt>
      <trkpt lat="26.125480" lon="127.756180"></trkpt>
      <trkpt lat="26.125640" lon="127.756350"></trkpt>
      <trkpt lat="26.125670" lon="127.756400"></trkpt>
      <trkpt lat="26.125680" lon="127.756430"></trkpt>
      <trkpt lat="26.125690" lon="127.756440"></trkpt>
    </trkseg>
  </trk>
</gpx>
