<?xml version="1.0" encoding="UTF-8"?>
<gpx version="1.1" creator="2026-routes" xmlns="http://www.topografix.com/GPX/1/1">
  <metadata>
    <name>第二天路線(10/12)</name>
    <desc>第二天路線(10/12)</desc>
  </metadata>
  <trk>
    <name>Day 2 第二天路線(10/12)</name>
    <trkseg>
      <trkpt lat="26.690930" lon="127.979400"></trkpt>
      <trkpt lat="26.691390" lon="127.979540"></trkpt>
      <trkpt lat="26.691910" lon="127.977780"></trkpt>
      <trkpt lat="26.691930" lon="127.977690"></trkpt>
      <trkpt lat="26.691930" lon="127.977580"></trkpt>
      <trkpt lat="26.691920" lon="127.977530"></trkpt>
      <trkpt lat="26.691860" lon="127.977400"></trkpt>
      <trkpt lat="26.691840" lon="127.977370"></trkpt>
      <trkpt lat="26.691790" lon="127.977320"></trkpt>
      <trkpt lat="26.691730" lon="127.977280"></trkpt>
      <trkpt lat="26.691510" lon="127.977200"></trkpt>
      <trkpt lat="26.691450" lon="127.977170"></trkpt>
      <trkpt lat="26.690720" lon="127.976900"></trkpt>
      <trkpt lat="26.690450" lon="127.976830"></trkpt>
      <trkpt lat="26.690100" lon="127.976770"></trkpt>
      <trkpt lat="26.689960" lon="127.976770"></trkpt>
      <trkpt lat="26.689850" lon="127.976760"></trkpt>
      <trkpt lat="26.689710" lon="127.976760"></trkpt>
      <trkpt lat="26.688520" lon="127.976840"></trkpt>
      <trkpt lat="26.687550" lon="127.977000"></trkpt>
      <trkpt lat="26.687530" lon="127.977010"></trkpt>
      <trkpt lat="26.687370" lon="127.977010"></trkpt>
      <trkpt lat="26.687200" lon="127.976990"></trkpt>
      <trkpt lat="26.687080" lon="127.976960"></trkpt>
      <trkpt lat="26.686960" lon="127.976900"></trkpt>
      <trkpt lat="26.686930" lon="127.976890"></trkpt>
      <trkpt lat="26.686840" lon="127.976820"></trkpt>
      <trkpt lat="26.686710" lon="127.976980"></trkpt>
      <trkpt lat="26.686640" lon="127.977030"></trkpt>
      <trkpt lat="26.686570" lon="127.977060"></trkpt>
      <trkpt lat="26.686470" lon="127.977090"></trkpt>
      <trkpt lat="26.686040" lon="127.977160"></trkpt>
      <trkpt lat="26.683740" lon="127.977380"></trkpt>
      <trkpt lat="26.683700" lon="127.977390"></trkpt>
      <trkpt lat="26.681240" lon="127.977620"></trkpt>
      <trkpt lat="26.681230" lon="127.977640"></trkpt>
      <trkpt lat="26.681170" lon="127.977650"></trkpt>
      <trkpt lat="26.681020" lon="127.977650"></trkpt>
      <trkpt lat="26.680200" lon="127.977700"></trkpt>
      <trkpt lat="26.680140" lon="127.977710"></trkpt>
      <trkpt lat="26.680090" lon="127.977710"></trkpt>
      <trkpt lat="26.680060" lon="127.977700"></trkpt>
      <trkpt lat="26.680030" lon="127.977700"></trkpt>
      <trkpt lat="26.680010" lon="127.977690"></trkpt>
      <trkpt lat="26.680000" lon="127.977680"></trkpt>
      <trkpt lat="26.679980" lon="127.977670"></trkpt>
      <trkpt lat="26.679940" lon="127.977610"></trkpt>
      <trkpt lat="26.679920" lon="127.977620"></trkpt>
      <trkpt lat="26.679800" lon="127.977710"></trkpt>
      <trkpt lat="26.679470" lon="127.977930"></trkpt>
      <trkpt lat="26.679280" lon="127.978030"></trkpt>
      <trkpt lat="26.679240" lon="127.978060"></trkpt>
      <trkpt lat="26.678590" lon="127.978430"></trkpt>
      <trkpt lat="26.678520" lon="127.978500"></trkpt>
      <trkpt lat="26.678500" lon="127.978510"></trkpt>
      <trkpt lat="26.678450" lon="127.978580"></trkpt>
      <trkpt lat="26.678340" lon="127.978760"></trkpt>
      <trkpt lat="26.678200" lon="127.979040"></trkpt>
      <trkpt lat="26.678150" lon="127.979120"></trkpt>
      <trkpt lat="26.678020" lon="127.979260"></trkpt>
      <trkpt lat="26.677980" lon="127.979290"></trkpt>
      <trkpt lat="26.677830" lon="127.979370"></trkpt>
      <trkpt lat="26.677330" lon="127.979570"></trkpt>
      <trkpt lat="26.677240" lon="127.979600"></trkpt>
      <trkpt lat="26.677040" lon="127.979640"></trkpt>
      <trkpt lat="26.676980" lon="127.979640"></trkpt>
      <trkpt lat="26.676840" lon="127.979620"></trkpt>
      <trkpt lat="26.676680" lon="127.979550"></trkpt>
      <trkpt lat="26.676270" lon="127.979300"></trkpt>
      <trkpt lat="26.676100" lon="127.979210"></trkpt>
      <trkpt lat="26.676000" lon="127.979180"></trkpt>
      <trkpt lat="26.675980" lon="127.979170"></trkpt>
      <trkpt lat="26.675490" lon="127.979010"></trkpt>
      <trkpt lat="26.675450" lon="127.978990"></trkpt>
      <trkpt lat="26.675100" lon="127.978880"></trkpt>
      <trkpt lat="26.674860" lon="127.978820"></trkpt>
      <trkpt lat="26.674710" lon="127.978820"></trkpt>
      <trkpt lat="26.674610" lon="127.978830"></trkpt>
      <trkpt lat="26.673330" lon="127.979070"></trkpt>
      <trkpt lat="26.673210" lon="127.979100"></trkpt>
      <trkpt lat="26.673120" lon="127.979110"></trkpt>
      <trkpt lat="26.672820" lon="127.979110"></trkpt>
      <trkpt lat="26.672790" lon="127.979210"></trkpt>
      <trkpt lat="26.672780" lon="127.979260"></trkpt>
      <trkpt lat="26.671300" lon="127.983480"></trkpt>
      <trkpt lat="26.671250" lon="127.983600"></trkpt>
      <trkpt lat="26.671160" lon="127.983890"></trkpt>
      <trkpt lat="26.670430" lon="127.985940"></trkpt>
      <trkpt lat="26.670090" lon="127.987010"></trkpt>
      <trkpt lat="26.669100" lon="127.990900"></trkpt>
      <trkpt lat="26.668760" lon="127.991930"></trkpt>
      <trkpt lat="26.668620" lon="127.992260"></trkpt>
      <trkpt lat="26.668550" lon="127.992450"></trkpt>
      <trkpt lat="26.667650" lon="127.994440"></trkpt>
      <trkpt lat="26.667340" lon="127.995170"></trkpt>
      <trkpt lat="26.667250" lon="127.995350"></trkpt>
      <trkpt lat="26.666340" lon="127.997410"></trkpt>
      <trkpt lat="26.666220" lon="127.997760"></trkpt>
      <trkpt lat="26.666080" lon="127.998310"></trkpt>
      <trkpt lat="26.665960" lon="127.998940"></trkpt>
      <trkpt lat="26.665900" lon="127.999340"></trkpt>
      <trkpt lat="26.665890" lon="127.999370"></trkpt>
      <trkpt lat="26.665860" lon="127.999580"></trkpt>
      <trkpt lat="26.666010" lon="127.999600"></trkpt>
      <trkpt lat="26.666170" lon="127.999660"></trkpt>
      <trkpt lat="26.666210" lon="127.999680"></trkpt>
      <trkpt lat="26.666340" lon="127.999770"></trkpt>
      <trkpt lat="26.666350" lon="127.999770"></trkpt>
      <trkpt lat="26.666460" lon="127.999860"></trkpt>
      <trkpt lat="26.666700" lon="128.000080"></trkpt>
      <trkpt lat="26.666770" lon="128.000160"></trkpt>
      <trkpt lat="26.666900" lon="128.000260"></trkpt>
      <trkpt lat="26.666950" lon="128.000310"></trkpt>
      <trkpt lat="26.666970" lon="128.000320"></trkpt>
      <trkpt lat="26.667020" lon="128.000360"></trkpt>
      <trkpt lat="26.667180" lon="128.000460"></trkpt>
      <trkpt lat="26.667600" lon="128.000690"></trkpt>
      <trkpt lat="26.667710" lon="128.000730"></trkpt>
      <trkpt lat="26.667780" lon="128.000740"></trkpt>
      <trkpt lat="26.667910" lon="128.000740"></trkpt>
      <trkpt lat="26.668000" lon="128.000730"></trkpt>
      <trkpt lat="26.668060" lon="128.000710"></trkpt>
      <trkpt lat="26.668110" lon="128.000700"></trkpt>
      <trkpt lat="26.668170" lon="128.000670"></trkpt>
      <trkpt lat="26.668180" lon="128.000670"></trkpt>
      <trkpt lat="26.668300" lon="128.000590"></trkpt>
      <trkpt lat="26.668360" lon="128.000540"></trkpt>
      <trkpt lat="26.668460" lon="128.000420"></trkpt>
      <trkpt lat="26.669040" lon="127.999270"></trkpt>
      <trkpt lat="26.669090" lon="127.999190"></trkpt>
      <trkpt lat="26.669090" lon="127.999180"></trkpt>
      <trkpt lat="26.669180" lon="127.999060"></trkpt>
      <trkpt lat="26.669240" lon="127.999000"></trkpt>
      <trkpt lat="26.669300" lon="127.998960"></trkpt>
      <trkpt lat="26.669330" lon="127.998930"></trkpt>
      <trkpt lat="26.669360" lon="127.998910"></trkpt>
      <trkpt lat="26.669440" lon="127.998880"></trkpt>
      <trkpt lat="26.669480" lon="127.998860"></trkpt>
      <trkpt lat="26.669510" lon="127.998850"></trkpt>
      <trkpt lat="26.669570" lon="127.998840"></trkpt>
      <trkpt lat="26.669600" lon="127.998830"></trkpt>
      <trkpt lat="26.669630" lon="127.998830"></trkpt>
      <trkpt lat="26.669690" lon="127.998820"></trkpt>
      <trkpt lat="26.669730" lon="127.998830"></trkpt>
      <trkpt lat="26.669780" lon="127.998830"></trkpt>
      <trkpt lat="26.669920" lon="127.998860"></trkpt>
      <trkpt lat="26.670100" lon="127.998940"></trkpt>
      <trkpt lat="26.670170" lon="127.998990"></trkpt>
      <trkpt lat="26.670250" lon="127.999070"></trkpt>
      <trkpt lat="26.670290" lon="127.999100"></trkpt>
      <trkpt lat="26.670330" lon="127.999150"></trkpt>
      <trkpt lat="26.670390" lon="127.999210"></trkpt>
      <trkpt lat="26.671100" lon="128.000050"></trkpt>
      <trkpt lat="26.671220" lon="128.000180"></trkpt>
      <trkpt lat="26.671460" lon="128.000470"></trkpt>
      <trkpt lat="26.671480" lon="128.000510"></trkpt>
      <trkpt lat="26.671520" lon="128.000560"></trkpt>
      <trkpt lat="26.671540" lon="128.000620"></trkpt>
      <trkpt lat="26.671550" lon="128.000630"></trkpt>
      <trkpt lat="26.671590" lon="128.000710"></trkpt>
      <trkpt lat="26.671630" lon="128.000850"></trkpt>
      <trkpt lat="26.671650" lon="128.001020"></trkpt>
      <trkpt lat="26.671650" lon="128.001120"></trkpt>
      <trkpt lat="26.671590" lon="128.001870"></trkpt>
      <trkpt lat="26.671590" lon="128.001970"></trkpt>
      <trkpt lat="26.671600" lon="128.002060"></trkpt>
      <trkpt lat="26.671600" lon="128.002150"></trkpt>
      <trkpt lat="26.671610" lon="128.002260"></trkpt>
      <trkpt lat="26.671660" lon="128.002550"></trkpt>
      <trkpt lat="26.671670" lon="128.002660"></trkpt>
      <trkpt lat="26.671880" lon="128.004030"></trkpt>
      <trkpt lat="26.671970" lon="128.004440"></trkpt>
      <trkpt lat="26.672050" lon="128.004640"></trkpt>
      <trkpt lat="26.672240" lon="128.004930"></trkpt>
      <trkpt lat="26.672330" lon="128.005020"></trkpt>
      <trkpt lat="26.672380" lon="128.005080"></trkpt>
      <trkpt lat="26.672430" lon="128.005110"></trkpt>
      <trkpt lat="26.672520" lon="128.005180"></trkpt>
      <trkpt lat="26.672970" lon="128.005450"></trkpt>
      <trkpt lat="26.673030" lon="128.005480"></trkpt>
      <trkpt lat="26.673230" lon="128.005600"></trkpt>
      <trkpt lat="26.673350" lon="128.005690"></trkpt>
      <trkpt lat="26.673420" lon="128.005760"></trkpt>
      <trkpt lat="26.673510" lon="128.005870"></trkpt>
      <trkpt lat="26.673540" lon="128.005920"></trkpt>
      <trkpt lat="26.673600" lon="128.006050"></trkpt>
      <trkpt lat="26.673620" lon="128.006110"></trkpt>
      <trkpt lat="26.673640" lon="128.006220"></trkpt>
      <trkpt lat="26.673690" lon="128.006630"></trkpt>
      <trkpt lat="26.673790" lon="128.007900"></trkpt>
      <trkpt lat="26.673780" lon="128.007950"></trkpt>
      <trkpt lat="26.673780" lon="128.008070"></trkpt>
      <trkpt lat="26.673730" lon="128.008300"></trkpt>
      <trkpt lat="26.673690" lon="128.008390"></trkpt>
      <trkpt lat="26.673610" lon="128.008610"></trkpt>
      <trkpt lat="26.673440" lon="128.009010"></trkpt>
      <trkpt lat="26.673370" lon="128.009200"></trkpt>
      <trkpt lat="26.673290" lon="128.009380"></trkpt>
      <trkpt lat="26.673140" lon="128.009770"></trkpt>
      <trkpt lat="26.673380" lon="128.009890"></trkpt>
      <trkpt lat="26.673460" lon="128.009940"></trkpt>
      <trkpt lat="26.673660" lon="128.010040"></trkpt>
      <trkpt lat="26.673700" lon="128.010070"></trkpt>
      <trkpt lat="26.673720" lon="128.010070"></trkpt>
      <trkpt lat="26.673960" lon="128.010210"></trkpt>
      <trkpt lat="26.674120" lon="128.010290"></trkpt>
      <trkpt lat="26.674160" lon="128.010320"></trkpt>
      <trkpt lat="26.677620" lon="128.012280"></trkpt>
      <trkpt lat="26.677710" lon="128.012320"></trkpt>
      <trkpt lat="26.677940" lon="128.012460"></trkpt>
      <trkpt lat="26.678090" lon="128.012540"></trkpt>
      <trkpt lat="26.678100" lon="128.012550"></trkpt>
      <trkpt lat="26.678110" lon="128.012550"></trkpt>
      <trkpt lat="26.678260" lon="128.012630"></trkpt>
      <trkpt lat="26.678270" lon="128.012640"></trkpt>
      <trkpt lat="26.678390" lon="128.012710"></trkpt>
      <trkpt lat="26.678430" lon="128.012720"></trkpt>
      <trkpt lat="26.680330" lon="128.013770"></trkpt>
      <trkpt lat="26.680380" lon="128.013790"></trkpt>
      <trkpt lat="26.681340" lon="128.014320"></trkpt>
      <trkpt lat="26.681350" lon="128.014320"></trkpt>
      <trkpt lat="26.681510" lon="128.014410"></trkpt>
      <trkpt lat="26.681510" lon="128.014420"></trkpt>
      <trkpt lat="26.681670" lon="128.014500"></trkpt>
      <trkpt lat="26.681740" lon="128.014550"></trkpt>
      <trkpt lat="26.681830" lon="128.014590"></trkpt>
      <trkpt lat="26.682470" lon="128.014950"></trkpt>
      <trkpt lat="26.682480" lon="128.014950"></trkpt>
      <trkpt lat="26.682630" lon="128.015040"></trkpt>
      <trkpt lat="26.682640" lon="128.015040"></trkpt>
      <trkpt lat="26.682740" lon="128.015090"></trkpt>
      <trkpt lat="26.682800" lon="128.015130"></trkpt>
      <trkpt lat="26.682960" lon="128.015220"></trkpt>
      <trkpt lat="26.682990" lon="128.015230"></trkpt>
      <trkpt lat="26.683110" lon="128.015310"></trkpt>
      <trkpt lat="26.683120" lon="128.015310"></trkpt>
      <trkpt lat="26.683230" lon="128.015380"></trkpt>
      <trkpt lat="26.683440" lon="128.015490"></trkpt>
      <trkpt lat="26.683440" lon="128.015500"></trkpt>
      <trkpt lat="26.683470" lon="128.015510"></trkpt>
      <trkpt lat="26.683600" lon="128.015580"></trkpt>
      <trkpt lat="26.683600" lon="128.015590"></trkpt>
      <trkpt lat="26.685290" lon="128.016540"></trkpt>
      <trkpt lat="26.685300" lon="128.016550"></trkpt>
      <trkpt lat="26.685520" lon="128.016680"></trkpt>
      <trkpt lat="26.685680" lon="128.016760"></trkpt>
      <trkpt lat="26.685870" lon="128.016880"></trkpt>
      <trkpt lat="26.685990" lon="128.016940"></trkpt>
      <trkpt lat="26.686090" lon="128.017000"></trkpt>
      <trkpt lat="26.686210" lon="128.017060"></trkpt>
      <trkpt lat="26.686330" lon="128.017140"></trkpt>
      <trkpt lat="26.687820" lon="128.017960"></trkpt>
      <trkpt lat="26.687860" lon="128.017990"></trkpt>
      <trkpt lat="26.691720" lon="128.020160"></trkpt>
      <trkpt lat="26.691730" lon="128.020170"></trkpt>
      <trkpt lat="26.691880" lon="128.020250"></trkpt>
      <trkpt lat="26.692060" lon="128.020360"></trkpt>
      <trkpt lat="26.692200" lon="128.020430"></trkpt>
      <trkpt lat="26.693730" lon="128.021300"></trkpt>
      <trkpt lat="26.693760" lon="128.021310"></trkpt>
      <trkpt lat="26.694070" lon="128.021490"></trkpt>
      <trkpt lat="26.694320" lon="128.021620"></trkpt>
      <trkpt lat="26.694410" lon="128.021650"></trkpt>
      <trkpt lat="26.694420" lon="128.021660"></trkpt>
      <trkpt lat="26.694510" lon="128.021700"></trkpt>
      <trkpt lat="26.694680" lon="128.021760"></trkpt>
      <trkpt lat="26.694830" lon="128.021790"></trkpt>
      <trkpt lat="26.695080" lon="128.021820"></trkpt>
      <trkpt lat="26.695130" lon="128.021810"></trkpt>
      <trkpt lat="26.695270" lon="128.021810"></trkpt>
      <trkpt lat="26.695290" lon="128.021800"></trkpt>
      <trkpt lat="26.695320" lon="128.021800"></trkpt>
      <trkpt lat="26.695560" lon="128.021750"></trkpt>
      <trkpt lat="26.695710" lon="128.021690"></trkpt>
      <trkpt lat="26.695830" lon="128.021630"></trkpt>
      <trkpt lat="26.695900" lon="128.021580"></trkpt>
      <trkpt lat="26.695910" lon="128.021580"></trkpt>
      <trkpt lat="26.696000" lon="128.021510"></trkpt>
      <trkpt lat="26.696030" lon="128.021500"></trkpt>
      <trkpt lat="26.696050" lon="128.021470"></trkpt>
      <trkpt lat="26.696090" lon="128.021430"></trkpt>
      <trkpt lat="26.696130" lon="128.021400"></trkpt>
      <trkpt lat="26.696300" lon="128.021210"></trkpt>
      <trkpt lat="26.696350" lon="128.021110"></trkpt>
      <trkpt lat="26.696410" lon="128.021010"></trkpt>
      <trkpt lat="26.696500" lon="128.020770"></trkpt>
      <trkpt lat="26.696570" lon="128.020520"></trkpt>
      <trkpt lat="26.696600" lon="128.020230"></trkpt>
      <trkpt lat="26.696600" lon="128.019830"></trkpt>
      <trkpt lat="26.696560" lon="128.019430"></trkpt>
      <trkpt lat="26.696560" lon="128.019380"></trkpt>
      <trkpt lat="26.696540" lon="128.019260"></trkpt>
      <trkpt lat="26.696520" lon="128.019000"></trkpt>
      <trkpt lat="26.696390" lon="128.017940"></trkpt>
      <trkpt lat="26.696350" lon="128.017420"></trkpt>
      <trkpt lat="26.696350" lon="128.017290"></trkpt>
      <trkpt lat="26.696400" lon="128.017000"></trkpt>
      <trkpt lat="26.696410" lon="128.016900"></trkpt>
      <trkpt lat="26.696460" lon="128.016640"></trkpt>
      <trkpt lat="26.696460" lon="128.016470"></trkpt>
      <trkpt lat="26.696450" lon="128.016420"></trkpt>
      <trkpt lat="26.696450" lon="128.016390"></trkpt>
      <trkpt lat="26.696420" lon="128.016190"></trkpt>
      <trkpt lat="26.696420" lon="128.016160"></trkpt>
      <trkpt lat="26.696410" lon="128.016100"></trkpt>
      <trkpt lat="26.696410" lon="128.016060"></trkpt>
      <trkpt lat="26.696400" lon="128.016020"></trkpt>
      <trkpt lat="26.696400" lon="128.015960"></trkpt>
      <trkpt lat="26.696390" lon="128.015910"></trkpt>
      <trkpt lat="26.696390" lon="128.015750"></trkpt>
      <trkpt lat="26.696400" lon="128.015710"></trkpt>
      <trkpt lat="26.696400" lon="128.015620"></trkpt>
      <trkpt lat="26.696410" lon="128.015560"></trkpt>
      <trkpt lat="26.696410" lon="128.015500"></trkpt>
      <trkpt lat="26.696430" lon="128.015410"></trkpt>
      <trkpt lat="26.696440" lon="128.015330"></trkpt>
      <trkpt lat="26.696490" lon="128.015160"></trkpt>
      <trkpt lat="26.696500" lon="128.015140"></trkpt>
      <trkpt lat="26.696510" lon="128.015100"></trkpt>
      <trkpt lat="26.696530" lon="128.015070"></trkpt>
      <trkpt lat="26.696600" lon="128.014900"></trkpt>
      <trkpt lat="26.696630" lon="128.014860"></trkpt>
      <trkpt lat="26.696640" lon="128.014830"></trkpt>
      <trkpt lat="26.696700" lon="128.014750"></trkpt>
      <trkpt lat="26.696730" lon="128.014700"></trkpt>
      <trkpt lat="26.696750" lon="128.014680"></trkpt>
      <trkpt lat="26.696760" lon="128.014660"></trkpt>
      <trkpt lat="26.696810" lon="128.014590"></trkpt>
      <trkpt lat="26.696900" lon="128.014500"></trkpt>
      <trkpt lat="26.696950" lon="128.014430"></trkpt>
      <trkpt lat="26.696990" lon="128.014390"></trkpt>
      <trkpt lat="26.697010" lon="128.014360"></trkpt>
      <trkpt lat="26.697040" lon="128.014340"></trkpt>
      <trkpt lat="26.697090" lon="128.014270"></trkpt>
      <trkpt lat="26.697160" lon="128.014200"></trkpt>
      <trkpt lat="26.697180" lon="128.014190"></trkpt>
      <trkpt lat="26.697250" lon="128.014120"></trkpt>
      <trkpt lat="26.697270" lon="128.014110"></trkpt>
      <trkpt lat="26.697290" lon="128.014090"></trkpt>
      <trkpt lat="26.697340" lon="128.014060"></trkpt>
      <trkpt lat="26.697350" lon="128.014050"></trkpt>
      <trkpt lat="26.697410" lon="128.014010"></trkpt>
      <trkpt lat="26.697500" lon="128.013970"></trkpt>
      <trkpt lat="26.697530" lon="128.013950"></trkpt>
      <trkpt lat="26.697670" lon="128.013890"></trkpt>
      <trkpt lat="26.697720" lon="128.013860"></trkpt>
      <trkpt lat="26.698340" lon="128.013590"></trkpt>
      <trkpt lat="26.698370" lon="128.013570"></trkpt>
      <trkpt lat="26.698410" lon="128.013560"></trkpt>
      <trkpt lat="26.698500" lon="128.013510"></trkpt>
      <trkpt lat="26.698560" lon="128.013490"></trkpt>
      <trkpt lat="26.698680" lon="128.013420"></trkpt>
      <trkpt lat="26.698730" lon="128.013380"></trkpt>
      <trkpt lat="26.698780" lon="128.013350"></trkpt>
      <trkpt lat="26.698820" lon="128.013320"></trkpt>
      <trkpt lat="26.698830" lon="128.013320"></trkpt>
      <trkpt lat="26.698870" lon="128.013280"></trkpt>
      <trkpt lat="26.698900" lon="128.013260"></trkpt>
      <trkpt lat="26.699060" lon="128.013110"></trkpt>
      <trkpt lat="26.699070" lon="128.013090"></trkpt>
      <trkpt lat="26.699090" lon="128.013080"></trkpt>
      <trkpt lat="26.699130" lon="128.013030"></trkpt>
      <trkpt lat="26.699290" lon="128.012870"></trkpt>
      <trkpt lat="26.699320" lon="128.012850"></trkpt>
      <trkpt lat="26.699350" lon="128.012820"></trkpt>
      <trkpt lat="26.699400" lon="128.012750"></trkpt>
      <trkpt lat="26.699430" lon="128.012720"></trkpt>
      <trkpt lat="26.699550" lon="128.012540"></trkpt>
      <trkpt lat="26.699560" lon="128.012530"></trkpt>
      <trkpt lat="26.699580" lon="128.012490"></trkpt>
      <trkpt lat="26.699630" lon="128.012420"></trkpt>
      <trkpt lat="26.699710" lon="128.012280"></trkpt>
      <trkpt lat="26.699740" lon="128.012250"></trkpt>
      <trkpt lat="26.699800" lon="128.012160"></trkpt>
      <trkpt lat="26.699830" lon="128.012130"></trkpt>
      <trkpt lat="26.699840" lon="128.012110"></trkpt>
      <trkpt lat="26.699890" lon="128.012060"></trkpt>
      <trkpt lat="26.699920" lon="128.012040"></trkpt>
      <trkpt lat="26.699960" lon="128.011990"></trkpt>
      <trkpt lat="26.700010" lon="128.011950"></trkpt>
      <trkpt lat="26.700280" lon="128.011690"></trkpt>
      <trkpt lat="26.700310" lon="128.011670"></trkpt>
      <trkpt lat="26.700420" lon="128.011560"></trkpt>
      <trkpt lat="26.700500" lon="128.011500"></trkpt>
      <trkpt lat="26.700660" lon="128.011340"></trkpt>
      <trkpt lat="26.700740" lon="128.011290"></trkpt>
      <trkpt lat="26.700790" lon="128.011250"></trkpt>
      <trkpt lat="26.700810" lon="128.011240"></trkpt>
      <trkpt lat="26.700820" lon="128.011230"></trkpt>
      <trkpt lat="26.700860" lon="128.011210"></trkpt>
      <trkpt lat="26.700880" lon="128.011190"></trkpt>
      <trkpt lat="26.700960" lon="128.011160"></trkpt>
      <trkpt lat="26.701290" lon="128.011000"></trkpt>
      <trkpt lat="26.701320" lon="128.010980"></trkpt>
      <trkpt lat="26.701350" lon="128.010970"></trkpt>
      <trkpt lat="26.701500" lon="128.010890"></trkpt>
      <trkpt lat="26.701580" lon="128.010860"></trkpt>
      <trkpt lat="26.701620" lon="128.010840"></trkpt>
      <trkpt lat="26.701650" lon="128.010820"></trkpt>
      <trkpt lat="26.701820" lon="128.010770"></trkpt>
      <trkpt lat="26.701850" lon="128.010770"></trkpt>
      <trkpt lat="26.701880" lon="128.010760"></trkpt>
      <trkpt lat="26.702100" lon="128.010760"></trkpt>
      <trkpt lat="26.702220" lon="128.010780"></trkpt>
      <trkpt lat="26.702530" lon="128.010780"></trkpt>
      <trkpt lat="26.702570" lon="128.010770"></trkpt>
      <trkpt lat="26.702590" lon="128.010770"></trkpt>
      <trkpt lat="26.702620" lon="128.010760"></trkpt>
      <trkpt lat="26.702660" lon="128.010760"></trkpt>
      <trkpt lat="26.702700" lon="128.010750"></trkpt>
      <trkpt lat="26.702730" lon="128.010750"></trkpt>
      <trkpt lat="26.702770" lon="128.010740"></trkpt>
      <trkpt lat="26.702820" lon="128.010740"></trkpt>
      <trkpt lat="26.702840" lon="128.010730"></trkpt>
      <trkpt lat="26.702880" lon="128.010730"></trkpt>
      <trkpt lat="26.702960" lon="128.010720"></trkpt>
      <trkpt lat="26.703130" lon="128.010680"></trkpt>
      <trkpt lat="26.703160" lon="128.010680"></trkpt>
      <trkpt lat="26.703200" lon="128.010660"></trkpt>
      <trkpt lat="26.703240" lon="128.010650"></trkpt>
      <trkpt lat="26.703330" lon="128.010600"></trkpt>
      <trkpt lat="26.703360" lon="128.010590"></trkpt>
      <trkpt lat="26.703420" lon="128.010550"></trkpt>
      <trkpt lat="26.703440" lon="128.010520"></trkpt>
      <trkpt lat="26.703520" lon="128.010460"></trkpt>
      <trkpt lat="26.703590" lon="128.010390"></trkpt>
      <trkpt lat="26.703700" lon="128.010300"></trkpt>
      <trkpt lat="26.703750" lon="128.010240"></trkpt>
      <trkpt lat="26.703890" lon="128.010120"></trkpt>
      <trkpt lat="26.703980" lon="128.010030"></trkpt>
      <trkpt lat="26.704010" lon="128.010010"></trkpt>
      <trkpt lat="26.704050" lon="128.009970"></trkpt>
      <trkpt lat="26.704080" lon="128.009960"></trkpt>
      <trkpt lat="26.704100" lon="128.009940"></trkpt>
      <trkpt lat="26.704150" lon="128.009920"></trkpt>
      <trkpt lat="26.704180" lon="128.009900"></trkpt>
      <trkpt lat="26.704190" lon="128.009900"></trkpt>
      <trkpt lat="26.704260" lon="128.009870"></trkpt>
      <trkpt lat="26.704360" lon="128.009850"></trkpt>
      <trkpt lat="26.704390" lon="128.009840"></trkpt>
      <trkpt lat="26.704650" lon="128.009810"></trkpt>
      <trkpt lat="26.704750" lon="128.009790"></trkpt>
      <trkpt lat="26.705040" lon="128.009750"></trkpt>
      <trkpt lat="26.705070" lon="128.009740"></trkpt>
      <trkpt lat="26.705090" lon="128.009740"></trkpt>
      <trkpt lat="26.705130" lon="128.009730"></trkpt>
      <trkpt lat="26.705170" lon="128.009730"></trkpt>
      <trkpt lat="26.705190" lon="128.009720"></trkpt>
      <trkpt lat="26.705320" lon="128.009720"></trkpt>
      <trkpt lat="26.705350" lon="128.009730"></trkpt>
      <trkpt lat="26.705380" lon="128.009730"></trkpt>
      <trkpt lat="26.705470" lon="128.009750"></trkpt>
      <trkpt lat="26.705500" lon="128.009750"></trkpt>
      <trkpt lat="26.705520" lon="128.009760"></trkpt>
      <trkpt lat="26.705540" lon="128.009760"></trkpt>
      <trkpt lat="26.705770" lon="128.009840"></trkpt>
      <trkpt lat="26.705820" lon="128.009850"></trkpt>
      <trkpt lat="26.705870" lon="128.009870"></trkpt>
      <trkpt lat="26.706020" lon="128.009900"></trkpt>
      <trkpt lat="26.706190" lon="128.009920"></trkpt>
      <trkpt lat="26.706260" lon="128.009920"></trkpt>
      <trkpt lat="26.706310" lon="128.009930"></trkpt>
      <trkpt lat="26.706330" lon="128.009930"></trkpt>
      <trkpt lat="26.706360" lon="128.009940"></trkpt>
      <trkpt lat="26.706420" lon="128.009950"></trkpt>
      <trkpt lat="26.706580" lon="128.010010"></trkpt>
      <trkpt lat="26.706760" lon="128.010110"></trkpt>
      <trkpt lat="26.706880" lon="128.010190"></trkpt>
      <trkpt lat="26.706910" lon="128.010200"></trkpt>
      <trkpt lat="26.706920" lon="128.010200"></trkpt>
      <trkpt lat="26.707000" lon="128.010240"></trkpt>
      <trkpt lat="26.707070" lon="128.010260"></trkpt>
      <trkpt lat="26.707080" lon="128.010270"></trkpt>
      <trkpt lat="26.707100" lon="128.010270"></trkpt>
      <trkpt lat="26.707190" lon="128.010300"></trkpt>
      <trkpt lat="26.707230" lon="128.010300"></trkpt>
      <trkpt lat="26.707290" lon="128.010320"></trkpt>
      <trkpt lat="26.707360" lon="128.010330"></trkpt>
      <trkpt lat="26.707420" lon="128.010350"></trkpt>
      <trkpt lat="26.707430" lon="128.010350"></trkpt>
      <trkpt lat="26.707520" lon="128.010390"></trkpt>
      <trkpt lat="26.707550" lon="128.010410"></trkpt>
      <trkpt lat="26.707600" lon="128.010430"></trkpt>
      <trkpt lat="26.707610" lon="128.010430"></trkpt>
      <trkpt lat="26.707990" lon="128.010650"></trkpt>
      <trkpt lat="26.708010" lon="128.010670"></trkpt>
      <trkpt lat="26.708110" lon="128.010740"></trkpt>
      <trkpt lat="26.708190" lon="128.010820"></trkpt>
      <trkpt lat="26.708250" lon="128.010910"></trkpt>
      <trkpt lat="26.708280" lon="128.010940"></trkpt>
      <trkpt lat="26.708300" lon="128.010980"></trkpt>
      <trkpt lat="26.708330" lon="128.011010"></trkpt>
      <trkpt lat="26.708350" lon="128.011060"></trkpt>
      <trkpt lat="26.708450" lon="128.011210"></trkpt>
      <trkpt lat="26.708470" lon="128.011250"></trkpt>
      <trkpt lat="26.708990" lon="128.011910"></trkpt>
      <trkpt lat="26.709040" lon="128.011960"></trkpt>
      <trkpt lat="26.709150" lon="128.012100"></trkpt>
      <trkpt lat="26.709190" lon="128.012140"></trkpt>
      <trkpt lat="26.709550" lon="128.012600"></trkpt>
      <trkpt lat="26.709660" lon="128.012810"></trkpt>
      <trkpt lat="26.709680" lon="128.012860"></trkpt>
      <trkpt lat="26.709700" lon="128.012930"></trkpt>
      <trkpt lat="26.709700" lon="128.012960"></trkpt>
      <trkpt lat="26.709720" lon="128.013010"></trkpt>
      <trkpt lat="26.709750" lon="128.013220"></trkpt>
      <trkpt lat="26.709750" lon="128.013270"></trkpt>
      <trkpt lat="26.709770" lon="128.013370"></trkpt>
      <trkpt lat="26.709770" lon="128.013450"></trkpt>
      <trkpt lat="26.709800" lon="128.013610"></trkpt>
      <trkpt lat="26.709900" lon="128.014350"></trkpt>
      <trkpt lat="26.709890" lon="128.014440"></trkpt>
      <trkpt lat="26.710010" lon="128.014740"></trkpt>
      <trkpt lat="26.710090" lon="128.014900"></trkpt>
      <trkpt lat="26.710140" lon="128.014870"></trkpt>
      <trkpt lat="26.710190" lon="128.014860"></trkpt>
      <trkpt lat="26.710270" lon="128.014860"></trkpt>
      <trkpt lat="26.710320" lon="128.014850"></trkpt>
      <trkpt lat="26.710440" lon="128.014850"></trkpt>
      <trkpt lat="26.710540" lon="128.014860"></trkpt>
      <trkpt lat="26.710720" lon="128.014890"></trkpt>
      <trkpt lat="26.710840" lon="128.014920"></trkpt>
      <trkpt lat="26.710860" lon="128.014930"></trkpt>
      <trkpt lat="26.710840" lon="128.014920"></trkpt>
      <trkpt lat="26.710720" lon="128.014890"></trkpt>
      <trkpt lat="26.710540" lon="128.014860"></trkpt>
      <trkpt lat="26.710440" lon="128.014850"></trkpt>
      <trkpt lat="26.710320" lon="128.014850"></trkpt>
      <trkpt lat="26.710270" lon="128.014860"></trkpt>
      <trkpt lat="26.710190" lon="128.014860"></trkpt>
      <trkpt lat="26.710140" lon="128.014870"></trkpt>
      <trkpt lat="26.710090" lon="128.014900"></trkpt>
      <trkpt lat="26.710170" lon="128.015070"></trkpt>
      <trkpt lat="26.710210" lon="128.015180"></trkpt>
      <trkpt lat="26.710240" lon="128.015290"></trkpt>
      <trkpt lat="26.710260" lon="128.015440"></trkpt>
      <trkpt lat="26.710290" lon="128.015570"></trkpt>
      <trkpt lat="26.710290" lon="128.015640"></trkpt>
      <trkpt lat="26.710300" lon="128.015730"></trkpt>
      <trkpt lat="26.710310" lon="128.015750"></trkpt>
      <trkpt lat="26.710370" lon="128.016180"></trkpt>
      <trkpt lat="26.710410" lon="128.016610"></trkpt>
      <trkpt lat="26.710390" lon="128.017140"></trkpt>
      <trkpt lat="26.710400" lon="128.017830"></trkpt>
      <trkpt lat="26.710440" lon="128.018140"></trkpt>
      <trkpt lat="26.710470" lon="128.018280"></trkpt>
      <trkpt lat="26.710480" lon="128.018300"></trkpt>
      <trkpt lat="26.710530" lon="128.018660"></trkpt>
      <trkpt lat="26.710520" lon="128.018950"></trkpt>
      <trkpt lat="26.710380" lon="128.019720"></trkpt>
      <trkpt lat="26.710370" lon="128.019730"></trkpt>
      <trkpt lat="26.710350" lon="128.019840"></trkpt>
      <trkpt lat="26.710350" lon="128.019860"></trkpt>
      <trkpt lat="26.710320" lon="128.019930"></trkpt>
      <trkpt lat="26.710280" lon="128.020050"></trkpt>
      <trkpt lat="26.710250" lon="128.020110"></trkpt>
      <trkpt lat="26.709880" lon="128.020720"></trkpt>
      <trkpt lat="26.709840" lon="128.020810"></trkpt>
      <trkpt lat="26.709730" lon="128.021220"></trkpt>
      <trkpt lat="26.709700" lon="128.021280"></trkpt>
      <trkpt lat="26.709680" lon="128.021340"></trkpt>
      <trkpt lat="26.709620" lon="128.021460"></trkpt>
      <trkpt lat="26.709620" lon="128.021470"></trkpt>
      <trkpt lat="26.709480" lon="128.021760"></trkpt>
      <trkpt lat="26.709480" lon="128.021770"></trkpt>
      <trkpt lat="26.709470" lon="128.021780"></trkpt>
      <trkpt lat="26.709420" lon="128.021900"></trkpt>
      <trkpt lat="26.709410" lon="128.021910"></trkpt>
      <trkpt lat="26.709350" lon="128.022050"></trkpt>
      <trkpt lat="26.709340" lon="128.022090"></trkpt>
      <trkpt lat="26.709340" lon="128.022110"></trkpt>
      <trkpt lat="26.709250" lon="128.022480"></trkpt>
      <trkpt lat="26.709180" lon="128.022670"></trkpt>
      <trkpt lat="26.708990" lon="128.023030"></trkpt>
      <trkpt lat="26.708960" lon="128.023070"></trkpt>
      <trkpt lat="26.708900" lon="128.023200"></trkpt>
      <trkpt lat="26.708890" lon="128.023230"></trkpt>
      <trkpt lat="26.708820" lon="128.023340"></trkpt>
      <trkpt lat="26.708520" lon="128.023920"></trkpt>
      <trkpt lat="26.708450" lon="128.024040"></trkpt>
      <trkpt lat="26.708430" lon="128.024060"></trkpt>
      <trkpt lat="26.708340" lon="128.024180"></trkpt>
      <trkpt lat="26.708270" lon="128.024230"></trkpt>
      <trkpt lat="26.708070" lon="128.024340"></trkpt>
      <trkpt lat="26.707980" lon="128.024380"></trkpt>
      <trkpt lat="26.707970" lon="128.024380"></trkpt>
      <trkpt lat="26.707810" lon="128.024460"></trkpt>
      <trkpt lat="26.707800" lon="128.024460"></trkpt>
      <trkpt lat="26.707640" lon="128.024540"></trkpt>
      <trkpt lat="26.706830" lon="128.024890"></trkpt>
      <trkpt lat="26.706800" lon="128.024910"></trkpt>
      <trkpt lat="26.706630" lon="128.024980"></trkpt>
      <trkpt lat="26.706490" lon="128.025050"></trkpt>
      <trkpt lat="26.705740" lon="128.025270"></trkpt>
      <trkpt lat="26.705430" lon="128.025380"></trkpt>
      <trkpt lat="26.705420" lon="128.025380"></trkpt>
      <trkpt lat="26.704420" lon="128.025720"></trkpt>
      <trkpt lat="26.704310" lon="128.025750"></trkpt>
      <trkpt lat="26.704160" lon="128.025780"></trkpt>
      <trkpt lat="26.704040" lon="128.025790"></trkpt>
      <trkpt lat="26.703980" lon="128.025790"></trkpt>
      <trkpt lat="26.703710" lon="128.025820"></trkpt>
      <trkpt lat="26.703530" lon="128.025820"></trkpt>
      <trkpt lat="26.703320" lon="128.025790"></trkpt>
      <trkpt lat="26.702800" lon="128.025650"></trkpt>
      <trkpt lat="26.702800" lon="128.025640"></trkpt>
      <trkpt lat="26.702660" lon="128.025620"></trkpt>
      <trkpt lat="26.702550" lon="128.025620"></trkpt>
      <trkpt lat="26.702470" lon="128.025630"></trkpt>
      <trkpt lat="26.702440" lon="128.025640"></trkpt>
      <trkpt lat="26.702350" lon="128.025640"></trkpt>
      <trkpt lat="26.702230" lon="128.025620"></trkpt>
      <trkpt lat="26.702140" lon="128.025580"></trkpt>
      <trkpt lat="26.702070" lon="128.025540"></trkpt>
      <trkpt lat="26.701950" lon="128.025450"></trkpt>
      <trkpt lat="26.701830" lon="128.025380"></trkpt>
      <trkpt lat="26.701710" lon="128.025350"></trkpt>
      <trkpt lat="26.701520" lon="128.025370"></trkpt>
      <trkpt lat="26.701230" lon="128.025380"></trkpt>
      <trkpt lat="26.701160" lon="128.025370"></trkpt>
      <trkpt lat="26.701130" lon="128.025370"></trkpt>
      <trkpt lat="26.701080" lon="128.025340"></trkpt>
      <trkpt lat="26.701030" lon="128.025320"></trkpt>
      <trkpt lat="26.700950" lon="128.025260"></trkpt>
      <trkpt lat="26.700860" lon="128.025180"></trkpt>
      <trkpt lat="26.700800" lon="128.025140"></trkpt>
      <trkpt lat="26.700700" lon="128.025090"></trkpt>
      <trkpt lat="26.700640" lon="128.025070"></trkpt>
      <trkpt lat="26.700580" lon="128.025060"></trkpt>
      <trkpt lat="26.700520" lon="128.025040"></trkpt>
      <trkpt lat="26.700230" lon="128.025030"></trkpt>
      <trkpt lat="26.700190" lon="128.025020"></trkpt>
      <trkpt lat="26.700110" lon="128.024990"></trkpt>
      <trkpt lat="26.699980" lon="128.024920"></trkpt>
      <trkpt lat="26.699970" lon="128.024900"></trkpt>
      <trkpt lat="26.699880" lon="128.024820"></trkpt>
      <trkpt lat="26.699830" lon="128.024760"></trkpt>
      <trkpt lat="26.699630" lon="128.024450"></trkpt>
      <trkpt lat="26.699600" lon="128.024390"></trkpt>
      <trkpt lat="26.699580" lon="128.024370"></trkpt>
      <trkpt lat="26.699490" lon="128.024210"></trkpt>
      <trkpt lat="26.699420" lon="128.024110"></trkpt>
      <trkpt lat="26.699300" lon="128.023900"></trkpt>
      <trkpt lat="26.698920" lon="128.023430"></trkpt>
      <trkpt lat="26.698820" lon="128.023290"></trkpt>
      <trkpt lat="26.698790" lon="128.023240"></trkpt>
      <trkpt lat="26.698710" lon="128.023130"></trkpt>
      <trkpt lat="26.698700" lon="128.023120"></trkpt>
      <trkpt lat="26.698600" lon="128.022970"></trkpt>
      <trkpt lat="26.698590" lon="128.022960"></trkpt>
      <trkpt lat="26.698500" lon="128.022820"></trkpt>
      <trkpt lat="26.698490" lon="128.022810"></trkpt>
      <trkpt lat="26.698450" lon="128.022720"></trkpt>
      <trkpt lat="26.698430" lon="128.022640"></trkpt>
      <trkpt lat="26.698430" lon="128.022620"></trkpt>
      <trkpt lat="26.698420" lon="128.022610"></trkpt>
      <trkpt lat="26.698420" lon="128.022580"></trkpt>
      <trkpt lat="26.698410" lon="128.022550"></trkpt>
      <trkpt lat="26.698410" lon="128.022020"></trkpt>
      <trkpt lat="26.698320" lon="128.021180"></trkpt>
      <trkpt lat="26.698320" lon="128.021050"></trkpt>
      <trkpt lat="26.698310" lon="128.021000"></trkpt>
      <trkpt lat="26.698320" lon="128.020900"></trkpt>
      <trkpt lat="26.698320" lon="128.019910"></trkpt>
      <trkpt lat="26.698210" lon="128.019910"></trkpt>
      <trkpt lat="26.698040" lon="128.019890"></trkpt>
      <trkpt lat="26.697850" lon="128.019880"></trkpt>
      <trkpt lat="26.697770" lon="128.019870"></trkpt>
      <trkpt lat="26.697720" lon="128.019870"></trkpt>
      <trkpt lat="26.697550" lon="128.019850"></trkpt>
      <trkpt lat="26.697420" lon="128.019870"></trkpt>
      <trkpt lat="26.697370" lon="128.019890"></trkpt>
      <trkpt lat="26.697300" lon="128.019910"></trkpt>
      <trkpt lat="26.697270" lon="128.019930"></trkpt>
      <trkpt lat="26.697260" lon="128.019940"></trkpt>
      <trkpt lat="26.697210" lon="128.019960"></trkpt>
      <trkpt lat="26.697190" lon="128.019990"></trkpt>
      <trkpt lat="26.697160" lon="128.020010"></trkpt>
      <trkpt lat="26.697120" lon="128.020050"></trkpt>
      <trkpt lat="26.697100" lon="128.020060"></trkpt>
      <trkpt lat="26.697070" lon="128.020100"></trkpt>
      <trkpt lat="26.697060" lon="128.020120"></trkpt>
      <trkpt lat="26.697010" lon="128.020190"></trkpt>
      <trkpt lat="26.696990" lon="128.020230"></trkpt>
      <trkpt lat="26.696930" lon="128.020420"></trkpt>
      <trkpt lat="26.696900" lon="128.020390"></trkpt>
      <trkpt lat="26.696900" lon="128.020380"></trkpt>
      <trkpt lat="26.696890" lon="128.020360"></trkpt>
      <trkpt lat="26.696880" lon="128.020350"></trkpt>
      <trkpt lat="26.696880" lon="128.020320"></trkpt>
      <trkpt lat="26.696870" lon="128.020290"></trkpt>
      <trkpt lat="26.696860" lon="128.020240"></trkpt>
      <trkpt lat="26.696860" lon="128.020180"></trkpt>
      <trkpt lat="26.696840" lon="128.019990"></trkpt>
      <trkpt lat="26.696800" lon="128.019800"></trkpt>
      <trkpt lat="26.696800" lon="128.019780"></trkpt>
      <trkpt lat="26.696800" lon="128.019800"></trkpt>
      <trkpt lat="26.696840" lon="128.019990"></trkpt>
      <trkpt lat="26.696860" lon="128.020180"></trkpt>
      <trkpt lat="26.696860" lon="128.020240"></trkpt>
      <trkpt lat="26.696870" lon="128.020290"></trkpt>
      <trkpt lat="26.696880" lon="128.020320"></trkpt>
      <trkpt lat="26.696880" lon="128.020350"></trkpt>
      <trkpt lat="26.696890" lon="128.020360"></trkpt>
      <trkpt lat="26.696900" lon="128.020380"></trkpt>
      <trkpt lat="26.696900" lon="128.020390"></trkpt>
      <trkpt lat="26.696930" lon="128.020420"></trkpt>
      <trkpt lat="26.696920" lon="128.020470"></trkpt>
      <trkpt lat="26.696920" lon="128.020590"></trkpt>
      <trkpt lat="26.696990" lon="128.020960"></trkpt>
      <trkpt lat="26.697020" lon="128.021080"></trkpt>
      <trkpt lat="26.697020" lon="128.021100"></trkpt>
      <trkpt lat="26.697050" lon="128.021270"></trkpt>
      <trkpt lat="26.697050" lon="128.021390"></trkpt>
      <trkpt lat="26.697060" lon="128.021480"></trkpt>
      <trkpt lat="26.697050" lon="128.021570"></trkpt>
      <trkpt lat="26.697030" lon="128.022100"></trkpt>
      <trkpt lat="26.697010" lon="128.022210"></trkpt>
      <trkpt lat="26.696990" lon="128.022240"></trkpt>
      <trkpt lat="26.696980" lon="128.022270"></trkpt>
      <trkpt lat="26.696930" lon="128.022320"></trkpt>
      <trkpt lat="26.696920" lon="128.022340"></trkpt>
      <trkpt lat="26.696890" lon="128.022350"></trkpt>
      <trkpt lat="26.696880" lon="128.022360"></trkpt>
      <trkpt lat="26.696860" lon="128.022370"></trkpt>
      <trkpt lat="26.696800" lon="128.022390"></trkpt>
      <trkpt lat="26.696540" lon="128.022390"></trkpt>
      <trkpt lat="26.696290" lon="128.022350"></trkpt>
      <trkpt lat="26.696130" lon="128.022310"></trkpt>
      <trkpt lat="26.696050" lon="128.022300"></trkpt>
      <trkpt lat="26.696030" lon="128.022290"></trkpt>
      <trkpt lat="26.695850" lon="128.022240"></trkpt>
      <trkpt lat="26.695800" lon="128.022210"></trkpt>
      <trkpt lat="26.695710" lon="128.022140"></trkpt>
      <trkpt lat="26.695660" lon="128.022070"></trkpt>
      <trkpt lat="26.695650" lon="128.022040"></trkpt>
      <trkpt lat="26.695630" lon="128.022010"></trkpt>
      <trkpt lat="26.695560" lon="128.021750"></trkpt>
      <trkpt lat="26.695320" lon="128.021800"></trkpt>
      <trkpt lat="26.695290" lon="128.021800"></trkpt>
      <trkpt lat="26.695270" lon="128.021810"></trkpt>
      <trkpt lat="26.695130" lon="128.021810"></trkpt>
      <trkpt lat="26.695080" lon="128.021820"></trkpt>
      <trkpt lat="26.694830" lon="128.021790"></trkpt>
      <trkpt lat="26.694680" lon="128.021760"></trkpt>
      <trkpt lat="26.694510" lon="128.021700"></trkpt>
      <trkpt lat="26.694420" lon="128.021660"></trkpt>
      <trkpt lat="26.694410" lon="128.021650"></trkpt>
      <trkpt lat="26.694320" lon="128.021620"></trkpt>
      <trkpt lat="26.694070" lon="128.021490"></trkpt>
      <trkpt lat="26.693760" lon="128.021310"></trkpt>
      <trkpt lat="26.693730" lon="128.021300"></trkpt>
      <trkpt lat="26.692200" lon="128.020430"></trkpt>
      <trkpt lat="26.692060" lon="128.020360"></trkpt>
      <trkpt lat="26.691880" lon="128.020250"></trkpt>
      <trkpt lat="26.691730" lon="128.020170"></trkpt>
      <trkpt lat="26.691720" lon="128.020160"></trkpt>
      <trkpt lat="26.687860" lon="128.017990"></trkpt>
      <trkpt lat="26.687820" lon="128.017960"></trkpt>
      <trkpt lat="26.686330" lon="128.017140"></trkpt>
      <trkpt lat="26.686210" lon="128.017060"></trkpt>
      <trkpt lat="26.686090" lon="128.017000"></trkpt>
      <trkpt lat="26.685990" lon="128.016940"></trkpt>
      <trkpt lat="26.685870" lon="128.016880"></trkpt>
      <trkpt lat="26.685680" lon="128.016760"></trkpt>
      <trkpt lat="26.685520" lon="128.016680"></trkpt>
      <trkpt lat="26.685300" lon="128.016550"></trkpt>
      <trkpt lat="26.685290" lon="128.016540"></trkpt>
      <trkpt lat="26.683600" lon="128.015590"></trkpt>
      <trkpt lat="26.683600" lon="128.015580"></trkpt>
      <trkpt lat="26.683470" lon="128.015510"></trkpt>
      <trkpt lat="26.683440" lon="128.015500"></trkpt>
      <trkpt lat="26.683440" lon="128.015490"></trkpt>
      <trkpt lat="26.683230" lon="128.015380"></trkpt>
      <trkpt lat="26.683120" lon="128.015310"></trkpt>
      <trkpt lat="26.683110" lon="128.015310"></trkpt>
      <trkpt lat="26.682990" lon="128.015230"></trkpt>
      <trkpt lat="26.682960" lon="128.015220"></trkpt>
      <trkpt lat="26.682800" lon="128.015130"></trkpt>
      <trkpt lat="26.682740" lon="128.015090"></trkpt>
      <trkpt lat="26.682640" lon="128.015040"></trkpt>
      <trkpt lat="26.682630" lon="128.015040"></trkpt>
      <trkpt lat="26.682480" lon="128.014950"></trkpt>
      <trkpt lat="26.682470" lon="128.014950"></trkpt>
      <trkpt lat="26.681830" lon="128.014590"></trkpt>
      <trkpt lat="26.681740" lon="128.014550"></trkpt>
      <trkpt lat="26.681670" lon="128.014500"></trkpt>
      <trkpt lat="26.681510" lon="128.014420"></trkpt>
      <trkpt lat="26.681510" lon="128.014410"></trkpt>
      <trkpt lat="26.681350" lon="128.014320"></trkpt>
      <trkpt lat="26.681340" lon="128.014320"></trkpt>
      <trkpt lat="26.680380" lon="128.013790"></trkpt>
      <trkpt lat="26.680330" lon="128.013770"></trkpt>
      <trkpt lat="26.678430" lon="128.012720"></trkpt>
      <trkpt lat="26.678390" lon="128.012710"></trkpt>
      <trkpt lat="26.678270" lon="128.012640"></trkpt>
      <trkpt lat="26.678260" lon="128.012630"></trkpt>
      <trkpt lat="26.678110" lon="128.012550"></trkpt>
      <trkpt lat="26.678100" lon="128.012550"></trkpt>
      <trkpt lat="26.678090" lon="128.012540"></trkpt>
      <trkpt lat="26.677940" lon="128.012460"></trkpt>
      <trkpt lat="26.677710" lon="128.012320"></trkpt>
      <trkpt lat="26.677620" lon="128.012280"></trkpt>
      <trkpt lat="26.674160" lon="128.010320"></trkpt>
      <trkpt lat="26.674120" lon="128.010290"></trkpt>
      <trkpt lat="26.673960" lon="128.010210"></trkpt>
      <trkpt lat="26.673720" lon="128.010070"></trkpt>
      <trkpt lat="26.673700" lon="128.010070"></trkpt>
      <trkpt lat="26.673660" lon="128.010040"></trkpt>
      <trkpt lat="26.673460" lon="128.009940"></trkpt>
      <trkpt lat="26.673380" lon="128.009890"></trkpt>
      <trkpt lat="26.673140" lon="128.009770"></trkpt>
      <trkpt lat="26.673060" lon="128.009950"></trkpt>
      <trkpt lat="26.672830" lon="128.010550"></trkpt>
      <trkpt lat="26.672640" lon="128.011100"></trkpt>
      <trkpt lat="26.672530" lon="128.011460"></trkpt>
      <trkpt lat="26.672300" lon="128.012060"></trkpt>
      <trkpt lat="26.672230" lon="128.012180"></trkpt>
      <trkpt lat="26.672190" lon="128.012270"></trkpt>
      <trkpt lat="26.672150" lon="128.012340"></trkpt>
      <trkpt lat="26.672100" lon="128.012450"></trkpt>
      <trkpt lat="26.672040" lon="128.012610"></trkpt>
      <trkpt lat="26.672020" lon="128.012750"></trkpt>
      <trkpt lat="26.672020" lon="128.012830"></trkpt>
      <trkpt lat="26.672120" lon="128.013280"></trkpt>
      <trkpt lat="26.672130" lon="128.013310"></trkpt>
      <trkpt lat="26.672130" lon="128.013420"></trkpt>
      <trkpt lat="26.672120" lon="128.013490"></trkpt>
      <trkpt lat="26.672120" lon="128.013530"></trkpt>
      <trkpt lat="26.671970" lon="128.014040"></trkpt>
      <trkpt lat="26.671960" lon="128.014120"></trkpt>
      <trkpt lat="26.671940" lon="128.014210"></trkpt>
      <trkpt lat="26.671870" lon="128.015160"></trkpt>
      <trkpt lat="26.671860" lon="128.015190"></trkpt>
      <trkpt lat="26.671860" lon="128.015230"></trkpt>
      <trkpt lat="26.671810" lon="128.015390"></trkpt>
      <trkpt lat="26.671780" lon="128.015450"></trkpt>
      <trkpt lat="26.671690" lon="128.015600"></trkpt>
      <trkpt lat="26.671130" lon="128.016320"></trkpt>
      <trkpt lat="26.671060" lon="128.016470"></trkpt>
      <trkpt lat="26.671010" lon="128.016660"></trkpt>
      <trkpt lat="26.670990" lon="128.016890"></trkpt>
      <trkpt lat="26.670990" lon="128.017010"></trkpt>
      <trkpt lat="26.671000" lon="128.017050"></trkpt>
      <trkpt lat="26.671000" lon="128.017090"></trkpt>
      <trkpt lat="26.671020" lon="128.017130"></trkpt>
      <trkpt lat="26.671020" lon="128.017150"></trkpt>
      <trkpt lat="26.671060" lon="128.017240"></trkpt>
      <trkpt lat="26.671420" lon="128.017710"></trkpt>
      <trkpt lat="26.671460" lon="128.017810"></trkpt>
      <trkpt lat="26.671500" lon="128.017990"></trkpt>
      <trkpt lat="26.671540" lon="128.018400"></trkpt>
      <trkpt lat="26.671550" lon="128.018710"></trkpt>
      <trkpt lat="26.671560" lon="128.018800"></trkpt>
      <trkpt lat="26.671560" lon="128.018840"></trkpt>
      <trkpt lat="26.671530" lon="128.019000"></trkpt>
      <trkpt lat="26.671530" lon="128.019020"></trkpt>
      <trkpt lat="26.671510" lon="128.019090"></trkpt>
      <trkpt lat="26.671490" lon="128.019130"></trkpt>
      <trkpt lat="26.671470" lon="128.019190"></trkpt>
      <trkpt lat="26.670610" lon="128.019070"></trkpt>
      <trkpt lat="26.670570" lon="128.019060"></trkpt>
      <trkpt lat="26.669110" lon="128.018870"></trkpt>
      <trkpt lat="26.668670" lon="128.018860"></trkpt>
      <trkpt lat="26.668280" lon="128.018890"></trkpt>
      <trkpt lat="26.668130" lon="128.018910"></trkpt>
      <trkpt lat="26.667810" lon="128.018980"></trkpt>
      <trkpt lat="26.667440" lon="128.019080"></trkpt>
      <trkpt lat="26.667280" lon="128.019140"></trkpt>
      <trkpt lat="26.666670" lon="128.019430"></trkpt>
      <trkpt lat="26.665850" lon="128.019900"></trkpt>
      <trkpt lat="26.665680" lon="128.019970"></trkpt>
      <trkpt lat="26.665670" lon="128.019970"></trkpt>
      <trkpt lat="26.665590" lon="128.020000"></trkpt>
      <trkpt lat="26.665550" lon="128.020020"></trkpt>
      <trkpt lat="26.665410" lon="128.020060"></trkpt>
      <trkpt lat="26.665240" lon="128.020080"></trkpt>
      <trkpt lat="26.665180" lon="128.020080"></trkpt>
      <trkpt lat="26.665100" lon="128.020090"></trkpt>
      <trkpt lat="26.665050" lon="128.020090"></trkpt>
      <trkpt lat="26.664990" lon="128.020080"></trkpt>
      <trkpt lat="26.664880" lon="128.020080"></trkpt>
      <trkpt lat="26.664170" lon="128.019980"></trkpt>
      <trkpt lat="26.664140" lon="128.019980"></trkpt>
      <trkpt lat="26.664060" lon="128.019970"></trkpt>
      <trkpt lat="26.663930" lon="128.019970"></trkpt>
      <trkpt lat="26.663670" lon="128.020010"></trkpt>
      <trkpt lat="26.663550" lon="128.020040"></trkpt>
      <trkpt lat="26.663450" lon="128.020080"></trkpt>
      <trkpt lat="26.663190" lon="128.020220"></trkpt>
      <trkpt lat="26.663120" lon="128.020270"></trkpt>
      <trkpt lat="26.662930" lon="128.020430"></trkpt>
      <trkpt lat="26.662930" lon="128.020440"></trkpt>
      <trkpt lat="26.662820" lon="128.020560"></trkpt>
      <trkpt lat="26.662800" lon="128.020570"></trkpt>
      <trkpt lat="26.662640" lon="128.020790"></trkpt>
      <trkpt lat="26.662600" lon="128.020830"></trkpt>
      <trkpt lat="26.662490" lon="128.020990"></trkpt>
      <trkpt lat="26.662480" lon="128.021010"></trkpt>
      <trkpt lat="26.662300" lon="128.021250"></trkpt>
      <trkpt lat="26.662270" lon="128.021300"></trkpt>
      <trkpt lat="26.662180" lon="128.021410"></trkpt>
      <trkpt lat="26.662160" lon="128.021460"></trkpt>
      <trkpt lat="26.662130" lon="128.021490"></trkpt>
      <trkpt lat="26.662100" lon="128.021550"></trkpt>
      <trkpt lat="26.662050" lon="128.021620"></trkpt>
      <trkpt lat="26.661960" lon="128.021770"></trkpt>
      <trkpt lat="26.661930" lon="128.021840"></trkpt>
      <trkpt lat="26.661890" lon="128.021900"></trkpt>
      <trkpt lat="26.661890" lon="128.021910"></trkpt>
      <trkpt lat="26.661760" lon="128.022210"></trkpt>
      <trkpt lat="26.661650" lon="128.022570"></trkpt>
      <trkpt lat="26.661180" lon="128.024750"></trkpt>
      <trkpt lat="26.661170" lon="128.024830"></trkpt>
      <trkpt lat="26.661080" lon="128.025240"></trkpt>
      <trkpt lat="26.661040" lon="128.025380"></trkpt>
      <trkpt lat="26.661000" lon="128.025460"></trkpt>
      <trkpt lat="26.660970" lon="128.025540"></trkpt>
      <trkpt lat="26.660920" lon="128.025610"></trkpt>
      <trkpt lat="26.660910" lon="128.025630"></trkpt>
      <trkpt lat="26.660870" lon="128.025680"></trkpt>
      <trkpt lat="26.660830" lon="128.025720"></trkpt>
      <trkpt lat="26.660800" lon="128.025760"></trkpt>
      <trkpt lat="26.660760" lon="128.025800"></trkpt>
      <trkpt lat="26.660600" lon="128.025930"></trkpt>
      <trkpt lat="26.660580" lon="128.025940"></trkpt>
      <trkpt lat="26.659870" lon="128.026420"></trkpt>
      <trkpt lat="26.659680" lon="128.026530"></trkpt>
      <trkpt lat="26.659670" lon="128.026530"></trkpt>
      <trkpt lat="26.659630" lon="128.026550"></trkpt>
      <trkpt lat="26.659460" lon="128.026600"></trkpt>
      <trkpt lat="26.659230" lon="128.026600"></trkpt>
      <trkpt lat="26.659190" lon="128.026590"></trkpt>
      <trkpt lat="26.659160" lon="128.026590"></trkpt>
      <trkpt lat="26.659100" lon="128.026570"></trkpt>
      <trkpt lat="26.659090" lon="128.026570"></trkpt>
      <trkpt lat="26.658140" lon="128.026280"></trkpt>
      <trkpt lat="26.658120" lon="128.026270"></trkpt>
      <trkpt lat="26.658080" lon="128.026270"></trkpt>
      <trkpt lat="26.658020" lon="128.026260"></trkpt>
      <trkpt lat="26.657880" lon="128.026260"></trkpt>
      <trkpt lat="26.657700" lon="128.026300"></trkpt>
      <trkpt lat="26.657670" lon="128.026320"></trkpt>
      <trkpt lat="26.657660" lon="128.026320"></trkpt>
      <trkpt lat="26.657600" lon="128.026350"></trkpt>
      <trkpt lat="26.657570" lon="128.026360"></trkpt>
      <trkpt lat="26.657540" lon="128.026380"></trkpt>
      <trkpt lat="26.657470" lon="128.026410"></trkpt>
      <trkpt lat="26.657250" lon="128.026550"></trkpt>
      <trkpt lat="26.657100" lon="128.026620"></trkpt>
      <trkpt lat="26.657000" lon="128.026650"></trkpt>
      <trkpt lat="26.656960" lon="128.026670"></trkpt>
      <trkpt lat="26.656780" lon="128.026710"></trkpt>
      <trkpt lat="26.656700" lon="128.026710"></trkpt>
      <trkpt lat="26.656650" lon="128.026720"></trkpt>
      <trkpt lat="26.656400" lon="128.026720"></trkpt>
      <trkpt lat="26.656310" lon="128.026730"></trkpt>
      <trkpt lat="26.655760" lon="128.026730"></trkpt>
      <trkpt lat="26.655670" lon="128.026740"></trkpt>
      <trkpt lat="26.655420" lon="128.026740"></trkpt>
      <trkpt lat="26.655400" lon="128.026750"></trkpt>
      <trkpt lat="26.655340" lon="128.026750"></trkpt>
      <trkpt lat="26.655310" lon="128.026760"></trkpt>
      <trkpt lat="26.655270" lon="128.026760"></trkpt>
      <trkpt lat="26.655240" lon="128.026770"></trkpt>
      <trkpt lat="26.655180" lon="128.026780"></trkpt>
      <trkpt lat="26.655110" lon="128.026800"></trkpt>
      <trkpt lat="26.654960" lon="128.026860"></trkpt>
      <trkpt lat="26.654940" lon="128.026860"></trkpt>
      <trkpt lat="26.654470" lon="128.027090"></trkpt>
      <trkpt lat="26.654390" lon="128.027120"></trkpt>
      <trkpt lat="26.654350" lon="128.027150"></trkpt>
      <trkpt lat="26.654250" lon="128.027190"></trkpt>
      <trkpt lat="26.654190" lon="128.027220"></trkpt>
      <trkpt lat="26.654180" lon="128.027220"></trkpt>
      <trkpt lat="26.654100" lon="128.027270"></trkpt>
      <trkpt lat="26.654040" lon="128.027300"></trkpt>
      <trkpt lat="26.653980" lon="128.027340"></trkpt>
      <trkpt lat="26.653900" lon="128.027380"></trkpt>
      <trkpt lat="26.653800" lon="128.027450"></trkpt>
      <trkpt lat="26.653770" lon="128.027480"></trkpt>
      <trkpt lat="26.653720" lon="128.027520"></trkpt>
      <trkpt lat="26.653700" lon="128.027530"></trkpt>
      <trkpt lat="26.653510" lon="128.027690"></trkpt>
      <trkpt lat="26.653480" lon="128.027700"></trkpt>
      <trkpt lat="26.653460" lon="128.027720"></trkpt>
      <trkpt lat="26.653420" lon="128.027740"></trkpt>
      <trkpt lat="26.653380" lon="128.027770"></trkpt>
      <trkpt lat="26.653270" lon="128.027820"></trkpt>
      <trkpt lat="26.652970" lon="128.027920"></trkpt>
      <trkpt lat="26.652900" lon="128.027930"></trkpt>
      <trkpt lat="26.652790" lon="128.027970"></trkpt>
      <trkpt lat="26.652160" lon="128.028150"></trkpt>
      <trkpt lat="26.652060" lon="128.028190"></trkpt>
      <trkpt lat="26.651990" lon="128.028210"></trkpt>
      <trkpt lat="26.651890" lon="128.028250"></trkpt>
      <trkpt lat="26.651750" lon="128.028320"></trkpt>
      <trkpt lat="26.651720" lon="128.028340"></trkpt>
      <trkpt lat="26.651680" lon="128.028360"></trkpt>
      <trkpt lat="26.651650" lon="128.028370"></trkpt>
      <trkpt lat="26.651540" lon="128.028440"></trkpt>
      <trkpt lat="26.651480" lon="128.028470"></trkpt>
      <trkpt lat="26.651280" lon="128.028590"></trkpt>
      <trkpt lat="26.651220" lon="128.028640"></trkpt>
      <trkpt lat="26.651200" lon="128.028650"></trkpt>
      <trkpt lat="26.651040" lon="128.028810"></trkpt>
      <trkpt lat="26.651030" lon="128.028810"></trkpt>
      <trkpt lat="26.650940" lon="128.028930"></trkpt>
      <trkpt lat="26.650810" lon="128.029130"></trkpt>
      <trkpt lat="26.650720" lon="128.029350"></trkpt>
      <trkpt lat="26.650660" lon="128.029560"></trkpt>
      <trkpt lat="26.650560" lon="128.029840"></trkpt>
      <trkpt lat="26.650200" lon="128.030530"></trkpt>
      <trkpt lat="26.650160" lon="128.030590"></trkpt>
      <trkpt lat="26.649990" lon="128.030900"></trkpt>
      <trkpt lat="26.649900" lon="128.031040"></trkpt>
      <trkpt lat="26.649790" lon="128.031190"></trkpt>
      <trkpt lat="26.649620" lon="128.031380"></trkpt>
      <trkpt lat="26.648400" lon="128.032640"></trkpt>
      <trkpt lat="26.648360" lon="128.032690"></trkpt>
      <trkpt lat="26.648290" lon="128.032760"></trkpt>
      <trkpt lat="26.648260" lon="128.032800"></trkpt>
      <trkpt lat="26.648180" lon="128.032860"></trkpt>
      <trkpt lat="26.648080" lon="128.032960"></trkpt>
      <trkpt lat="26.647950" lon="128.033050"></trkpt>
      <trkpt lat="26.647930" lon="128.033070"></trkpt>
      <trkpt lat="26.647870" lon="128.033100"></trkpt>
      <trkpt lat="26.647860" lon="128.033110"></trkpt>
      <trkpt lat="26.647820" lon="128.033130"></trkpt>
      <trkpt lat="26.647810" lon="128.033130"></trkpt>
      <trkpt lat="26.647720" lon="128.033180"></trkpt>
      <trkpt lat="26.647700" lon="128.033180"></trkpt>
      <trkpt lat="26.647690" lon="128.033190"></trkpt>
      <trkpt lat="26.647570" lon="128.033240"></trkpt>
      <trkpt lat="26.647550" lon="128.033240"></trkpt>
      <trkpt lat="26.647500" lon="128.033260"></trkpt>
      <trkpt lat="26.647480" lon="128.033260"></trkpt>
      <trkpt lat="26.647440" lon="128.033280"></trkpt>
      <trkpt lat="26.647420" lon="128.033280"></trkpt>
      <trkpt lat="26.647390" lon="128.033290"></trkpt>
      <trkpt lat="26.647370" lon="128.033290"></trkpt>
      <trkpt lat="26.647350" lon="128.033300"></trkpt>
      <trkpt lat="26.647300" lon="128.033300"></trkpt>
      <trkpt lat="26.647260" lon="128.033310"></trkpt>
      <trkpt lat="26.647230" lon="128.033310"></trkpt>
      <trkpt lat="26.647220" lon="128.033320"></trkpt>
      <trkpt lat="26.646910" lon="128.033320"></trkpt>
      <trkpt lat="26.646860" lon="128.033310"></trkpt>
      <trkpt lat="26.646810" lon="128.033310"></trkpt>
      <trkpt lat="26.646800" lon="128.033300"></trkpt>
      <trkpt lat="26.646770" lon="128.033300"></trkpt>
      <trkpt lat="26.646730" lon="128.033290"></trkpt>
      <trkpt lat="26.646700" lon="128.033290"></trkpt>
      <trkpt lat="26.646150" lon="128.033160"></trkpt>
      <trkpt lat="26.646140" lon="128.033150"></trkpt>
      <trkpt lat="26.645610" lon="128.033030"></trkpt>
      <trkpt lat="26.645480" lon="128.032990"></trkpt>
      <trkpt lat="26.644370" lon="128.032730"></trkpt>
      <trkpt lat="26.644160" lon="128.032670"></trkpt>
      <trkpt lat="26.644020" lon="128.032640"></trkpt>
      <trkpt lat="26.643960" lon="128.032620"></trkpt>
      <trkpt lat="26.642800" lon="128.032340"></trkpt>
      <trkpt lat="26.642790" lon="128.032330"></trkpt>
      <trkpt lat="26.642410" lon="128.032240"></trkpt>
      <trkpt lat="26.642240" lon="128.032190"></trkpt>
      <trkpt lat="26.642210" lon="128.032190"></trkpt>
      <trkpt lat="26.642180" lon="128.032180"></trkpt>
      <trkpt lat="26.642140" lon="128.032180"></trkpt>
      <trkpt lat="26.642110" lon="128.032170"></trkpt>
      <trkpt lat="26.642080" lon="128.032170"></trkpt>
      <trkpt lat="26.642050" lon="128.032160"></trkpt>
      <trkpt lat="26.641840" lon="128.032160"></trkpt>
      <trkpt lat="26.641820" lon="128.032170"></trkpt>
      <trkpt lat="26.641790" lon="128.032170"></trkpt>
      <trkpt lat="26.641760" lon="128.032180"></trkpt>
      <trkpt lat="26.641730" lon="128.032180"></trkpt>
      <trkpt lat="26.641720" lon="128.032190"></trkpt>
      <trkpt lat="26.641680" lon="128.032190"></trkpt>
      <trkpt lat="26.641660" lon="128.032200"></trkpt>
      <trkpt lat="26.641650" lon="128.032200"></trkpt>
      <trkpt lat="26.641630" lon="128.032210"></trkpt>
      <trkpt lat="26.641500" lon="128.032250"></trkpt>
      <trkpt lat="26.641360" lon="128.032310"></trkpt>
      <trkpt lat="26.641310" lon="128.032340"></trkpt>
      <trkpt lat="26.641030" lon="128.032460"></trkpt>
      <trkpt lat="26.641010" lon="128.032460"></trkpt>
      <trkpt lat="26.640980" lon="128.032470"></trkpt>
      <trkpt lat="26.640940" lon="128.032490"></trkpt>
      <trkpt lat="26.640910" lon="128.032500"></trkpt>
      <trkpt lat="26.640890" lon="128.032500"></trkpt>
      <trkpt lat="26.640880" lon="128.032510"></trkpt>
      <trkpt lat="26.640850" lon="128.032510"></trkpt>
      <trkpt lat="26.640800" lon="128.032530"></trkpt>
      <trkpt lat="26.640730" lon="128.032540"></trkpt>
      <trkpt lat="26.640710" lon="128.032550"></trkpt>
      <trkpt lat="26.640680" lon="128.032550"></trkpt>
      <trkpt lat="26.640660" lon="128.032560"></trkpt>
      <trkpt lat="26.640630" lon="128.032560"></trkpt>
      <trkpt lat="26.640600" lon="128.032570"></trkpt>
      <trkpt lat="26.640550" lon="128.032570"></trkpt>
      <trkpt lat="26.640540" lon="128.032580"></trkpt>
      <trkpt lat="26.640270" lon="128.032580"></trkpt>
      <trkpt lat="26.639710" lon="128.032530"></trkpt>
      <trkpt lat="26.639160" lon="128.032510"></trkpt>
      <trkpt lat="26.638870" lon="128.032530"></trkpt>
      <trkpt lat="26.638770" lon="128.032530"></trkpt>
      <trkpt lat="26.638730" lon="128.032540"></trkpt>
      <trkpt lat="26.638670" lon="128.032540"></trkpt>
      <trkpt lat="26.638430" lon="128.032590"></trkpt>
      <trkpt lat="26.638410" lon="128.032600"></trkpt>
      <trkpt lat="26.638340" lon="128.032620"></trkpt>
      <trkpt lat="26.638310" lon="128.032640"></trkpt>
      <trkpt lat="26.638110" lon="128.032740"></trkpt>
      <trkpt lat="26.637890" lon="128.032890"></trkpt>
      <trkpt lat="26.637450" lon="128.033220"></trkpt>
      <trkpt lat="26.637260" lon="128.033380"></trkpt>
      <trkpt lat="26.637200" lon="128.033420"></trkpt>
      <trkpt lat="26.637170" lon="128.033450"></trkpt>
      <trkpt lat="26.637060" lon="128.033540"></trkpt>
      <trkpt lat="26.637030" lon="128.033570"></trkpt>
      <trkpt lat="26.636870" lon="128.033690"></trkpt>
      <trkpt lat="26.636680" lon="128.033790"></trkpt>
      <trkpt lat="26.636630" lon="128.033800"></trkpt>
      <trkpt lat="26.636600" lon="128.033820"></trkpt>
      <trkpt lat="26.636560" lon="128.033830"></trkpt>
      <trkpt lat="26.636550" lon="128.033840"></trkpt>
      <trkpt lat="26.636520" lon="128.033850"></trkpt>
      <trkpt lat="26.636210" lon="128.033910"></trkpt>
      <trkpt lat="26.635940" lon="128.033940"></trkpt>
      <trkpt lat="26.635900" lon="128.033950"></trkpt>
      <trkpt lat="26.635860" lon="128.033950"></trkpt>
      <trkpt lat="26.635840" lon="128.033960"></trkpt>
      <trkpt lat="26.635660" lon="128.033980"></trkpt>
      <trkpt lat="26.635460" lon="128.034020"></trkpt>
      <trkpt lat="26.635330" lon="128.034060"></trkpt>
      <trkpt lat="26.635150" lon="128.034130"></trkpt>
      <trkpt lat="26.634420" lon="128.034500"></trkpt>
      <trkpt lat="26.634350" lon="128.034530"></trkpt>
      <trkpt lat="26.633970" lon="128.034740"></trkpt>
      <trkpt lat="26.633880" lon="128.034800"></trkpt>
      <trkpt lat="26.633690" lon="128.034960"></trkpt>
      <trkpt lat="26.633620" lon="128.035010"></trkpt>
      <trkpt lat="26.633530" lon="128.035090"></trkpt>
      <trkpt lat="26.633580" lon="128.035170"></trkpt>
      <trkpt lat="26.633590" lon="128.035170"></trkpt>
      <trkpt lat="26.635290" lon="128.037740"></trkpt>
      <trkpt lat="26.635590" lon="128.038260"></trkpt>
      <trkpt lat="26.635710" lon="128.038510"></trkpt>
      <trkpt lat="26.635790" lon="128.038710"></trkpt>
      <trkpt lat="26.635890" lon="128.039030"></trkpt>
      <trkpt lat="26.635920" lon="128.039100"></trkpt>
      <trkpt lat="26.636010" lon="128.039560"></trkpt>
      <trkpt lat="26.636050" lon="128.039870"></trkpt>
      <trkpt lat="26.636060" lon="128.040010"></trkpt>
      <trkpt lat="26.636060" lon="128.040570"></trkpt>
      <trkpt lat="26.636030" lon="128.040870"></trkpt>
      <trkpt lat="26.635940" lon="128.041370"></trkpt>
      <trkpt lat="26.635940" lon="128.041490"></trkpt>
      <trkpt lat="26.635910" lon="128.041650"></trkpt>
      <trkpt lat="26.635390" lon="128.043800"></trkpt>
      <trkpt lat="26.635380" lon="128.043810"></trkpt>
      <trkpt lat="26.635370" lon="128.043850"></trkpt>
      <trkpt lat="26.635350" lon="128.043880"></trkpt>
      <trkpt lat="26.635330" lon="128.043920"></trkpt>
      <trkpt lat="26.634320" lon="128.048220"></trkpt>
      <trkpt lat="26.634310" lon="128.048290"></trkpt>
      <trkpt lat="26.634290" lon="128.048370"></trkpt>
      <trkpt lat="26.634270" lon="128.048560"></trkpt>
      <trkpt lat="26.634260" lon="128.048610"></trkpt>
      <trkpt lat="26.634260" lon="128.048660"></trkpt>
      <trkpt lat="26.634240" lon="128.048840"></trkpt>
      <trkpt lat="26.634240" lon="128.049050"></trkpt>
      <trkpt lat="26.634310" lon="128.049860"></trkpt>
      <trkpt lat="26.634370" lon="128.050320"></trkpt>
      <trkpt lat="26.634470" lon="128.050810"></trkpt>
      <trkpt lat="26.634940" lon="128.052590"></trkpt>
      <trkpt lat="26.635180" lon="128.053250"></trkpt>
      <trkpt lat="26.635200" lon="128.053320"></trkpt>
      <trkpt lat="26.635880" lon="128.055060"></trkpt>
      <trkpt lat="26.635960" lon="128.055170"></trkpt>
      <trkpt lat="26.636070" lon="128.055300"></trkpt>
      <trkpt lat="26.636120" lon="128.055370"></trkpt>
      <trkpt lat="26.636190" lon="128.055440"></trkpt>
      <trkpt lat="26.636380" lon="128.055660"></trkpt>
      <trkpt lat="26.636430" lon="128.055710"></trkpt>
      <trkpt lat="26.636570" lon="128.055890"></trkpt>
      <trkpt lat="26.636620" lon="128.055980"></trkpt>
      <trkpt lat="26.636660" lon="128.056040"></trkpt>
      <trkpt lat="26.636690" lon="128.056100"></trkpt>
      <trkpt lat="26.636720" lon="128.056190"></trkpt>
      <trkpt lat="26.636740" lon="128.056230"></trkpt>
      <trkpt lat="26.636740" lon="128.056250"></trkpt>
      <trkpt lat="26.636770" lon="128.056330"></trkpt>
      <trkpt lat="26.636820" lon="128.056610"></trkpt>
      <trkpt lat="26.636920" lon="128.057470"></trkpt>
      <trkpt lat="26.636990" lon="128.057810"></trkpt>
      <trkpt lat="26.637060" lon="128.058070"></trkpt>
      <trkpt lat="26.637260" lon="128.058630"></trkpt>
      <trkpt lat="26.637290" lon="128.058690"></trkpt>
      <trkpt lat="26.637290" lon="128.058710"></trkpt>
      <trkpt lat="26.637300" lon="128.058720"></trkpt>
      <trkpt lat="26.637320" lon="128.058780"></trkpt>
      <trkpt lat="26.637360" lon="128.058860"></trkpt>
      <trkpt lat="26.637370" lon="128.058910"></trkpt>
      <trkpt lat="26.637420" lon="128.059000"></trkpt>
      <trkpt lat="26.637450" lon="128.059080"></trkpt>
      <trkpt lat="26.637480" lon="128.059140"></trkpt>
      <trkpt lat="26.637490" lon="128.059170"></trkpt>
      <trkpt lat="26.637520" lon="128.059220"></trkpt>
      <trkpt lat="26.637530" lon="128.059250"></trkpt>
      <trkpt lat="26.637550" lon="128.059270"></trkpt>
      <trkpt lat="26.637560" lon="128.059300"></trkpt>
      <trkpt lat="26.637570" lon="128.059300"></trkpt>
      <trkpt lat="26.637580" lon="128.059330"></trkpt>
      <trkpt lat="26.637630" lon="128.059420"></trkpt>
      <trkpt lat="26.637640" lon="128.059430"></trkpt>
      <trkpt lat="26.637650" lon="128.059450"></trkpt>
      <trkpt lat="26.637670" lon="128.059470"></trkpt>
      <trkpt lat="26.637710" lon="128.059530"></trkpt>
      <trkpt lat="26.637750" lon="128.059570"></trkpt>
      <trkpt lat="26.637760" lon="128.059600"></trkpt>
      <trkpt lat="26.637810" lon="128.059650"></trkpt>
      <trkpt lat="26.637890" lon="128.059750"></trkpt>
      <trkpt lat="26.638370" lon="128.060270"></trkpt>
      <trkpt lat="26.638590" lon="128.060490"></trkpt>
      <trkpt lat="26.638650" lon="128.060560"></trkpt>
      <trkpt lat="26.638810" lon="128.060720"></trkpt>
      <trkpt lat="26.639450" lon="128.061440"></trkpt>
      <trkpt lat="26.639500" lon="128.061510"></trkpt>
      <trkpt lat="26.639530" lon="128.061540"></trkpt>
      <trkpt lat="26.639710" lon="128.061790"></trkpt>
      <trkpt lat="26.639740" lon="128.061850"></trkpt>
      <trkpt lat="26.640110" lon="128.062450"></trkpt>
      <trkpt lat="26.640160" lon="128.062550"></trkpt>
      <trkpt lat="26.640210" lon="128.062630"></trkpt>
      <trkpt lat="26.640950" lon="128.063990"></trkpt>
      <trkpt lat="26.641160" lon="128.064440"></trkpt>
      <trkpt lat="26.641240" lon="128.064640"></trkpt>
      <trkpt lat="26.641240" lon="128.064650"></trkpt>
      <trkpt lat="26.641250" lon="128.064660"></trkpt>
      <trkpt lat="26.641300" lon="128.064830"></trkpt>
      <trkpt lat="26.641310" lon="128.064840"></trkpt>
      <trkpt lat="26.641520" lon="128.065780"></trkpt>
      <trkpt lat="26.641580" lon="128.065990"></trkpt>
      <trkpt lat="26.641660" lon="128.066180"></trkpt>
      <trkpt lat="26.641820" lon="128.066470"></trkpt>
      <trkpt lat="26.642240" lon="128.066980"></trkpt>
      <trkpt lat="26.642310" lon="128.067050"></trkpt>
      <trkpt lat="26.642470" lon="128.067250"></trkpt>
      <trkpt lat="26.642590" lon="128.067440"></trkpt>
      <trkpt lat="26.642690" lon="128.067680"></trkpt>
      <trkpt lat="26.642760" lon="128.067920"></trkpt>
      <trkpt lat="26.642770" lon="128.068060"></trkpt>
      <trkpt lat="26.642790" lon="128.068170"></trkpt>
      <trkpt lat="26.642790" lon="128.068260"></trkpt>
      <trkpt lat="26.642800" lon="128.068350"></trkpt>
      <trkpt lat="26.642810" lon="128.068950"></trkpt>
      <trkpt lat="26.642820" lon="128.069080"></trkpt>
      <trkpt lat="26.642820" lon="128.069180"></trkpt>
      <trkpt lat="26.642860" lon="128.069410"></trkpt>
      <trkpt lat="26.642920" lon="128.069630"></trkpt>
      <trkpt lat="26.642990" lon="128.069810"></trkpt>
      <trkpt lat="26.643040" lon="128.069900"></trkpt>
      <trkpt lat="26.643090" lon="128.070010"></trkpt>
      <trkpt lat="26.643140" lon="128.070070"></trkpt>
      <trkpt lat="26.643190" lon="128.070150"></trkpt>
      <trkpt lat="26.643380" lon="128.070390"></trkpt>
      <trkpt lat="26.643510" lon="128.070520"></trkpt>
      <trkpt lat="26.643770" lon="128.070810"></trkpt>
      <trkpt lat="26.643950" lon="128.071030"></trkpt>
      <trkpt lat="26.644000" lon="128.071100"></trkpt>
      <trkpt lat="26.644120" lon="128.071300"></trkpt>
      <trkpt lat="26.644230" lon="128.071580"></trkpt>
      <trkpt lat="26.644240" lon="128.071620"></trkpt>
      <trkpt lat="26.644260" lon="128.071670"></trkpt>
      <trkpt lat="26.644270" lon="128.071740"></trkpt>
      <trkpt lat="26.644270" lon="128.071760"></trkpt>
      <trkpt lat="26.644280" lon="128.071780"></trkpt>
      <trkpt lat="26.644280" lon="128.071820"></trkpt>
      <trkpt lat="26.644300" lon="128.071910"></trkpt>
      <trkpt lat="26.644300" lon="128.071970"></trkpt>
      <trkpt lat="26.644310" lon="128.072050"></trkpt>
      <trkpt lat="26.644310" lon="128.072160"></trkpt>
      <trkpt lat="26.644300" lon="128.072210"></trkpt>
      <trkpt lat="26.644300" lon="128.072300"></trkpt>
      <trkpt lat="26.644280" lon="128.072550"></trkpt>
      <trkpt lat="26.644020" lon="128.074380"></trkpt>
      <trkpt lat="26.644020" lon="128.074450"></trkpt>
      <trkpt lat="26.644010" lon="128.074540"></trkpt>
      <trkpt lat="26.644010" lon="128.074850"></trkpt>
      <trkpt lat="26.644050" lon="128.075270"></trkpt>
      <trkpt lat="26.644240" lon="128.076370"></trkpt>
      <trkpt lat="26.644270" lon="128.076650"></trkpt>
      <trkpt lat="26.644290" lon="128.077000"></trkpt>
      <trkpt lat="26.644290" lon="128.077550"></trkpt>
      <trkpt lat="26.644210" lon="128.078550"></trkpt>
      <trkpt lat="26.644210" lon="128.078630"></trkpt>
      <trkpt lat="26.644200" lon="128.078690"></trkpt>
      <trkpt lat="26.644200" lon="128.078920"></trkpt>
      <trkpt lat="26.644210" lon="128.078980"></trkpt>
      <trkpt lat="26.644210" lon="128.079040"></trkpt>
      <trkpt lat="26.644240" lon="128.079240"></trkpt>
      <trkpt lat="26.644300" lon="128.079490"></trkpt>
      <trkpt lat="26.644350" lon="128.079580"></trkpt>
      <trkpt lat="26.644430" lon="128.079750"></trkpt>
      <trkpt lat="26.644530" lon="128.079900"></trkpt>
      <trkpt lat="26.644750" lon="128.080170"></trkpt>
      <trkpt lat="26.645070" lon="128.080480"></trkpt>
      <trkpt lat="26.645270" lon="128.080690"></trkpt>
      <trkpt lat="26.645470" lon="128.080940"></trkpt>
      <trkpt lat="26.645530" lon="128.081040"></trkpt>
      <trkpt lat="26.645560" lon="128.081080"></trkpt>
      <trkpt lat="26.645730" lon="128.081400"></trkpt>
      <trkpt lat="26.646380" lon="128.082870"></trkpt>
      <trkpt lat="26.646520" lon="128.083150"></trkpt>
      <trkpt lat="26.646520" lon="128.083160"></trkpt>
      <trkpt lat="26.646740" lon="128.083520"></trkpt>
      <trkpt lat="26.646970" lon="128.083760"></trkpt>
      <trkpt lat="26.647160" lon="128.083910"></trkpt>
      <trkpt lat="26.647330" lon="128.084020"></trkpt>
      <trkpt lat="26.647340" lon="128.084020"></trkpt>
      <trkpt lat="26.647460" lon="128.084080"></trkpt>
      <trkpt lat="26.647680" lon="128.084150"></trkpt>
      <trkpt lat="26.647990" lon="128.084210"></trkpt>
      <trkpt lat="26.648190" lon="128.084230"></trkpt>
      <trkpt lat="26.648640" lon="128.084250"></trkpt>
      <trkpt lat="26.648770" lon="128.084270"></trkpt>
      <trkpt lat="26.648920" lon="128.084310"></trkpt>
      <trkpt lat="26.649030" lon="128.084350"></trkpt>
      <trkpt lat="26.649200" lon="128.084430"></trkpt>
      <trkpt lat="26.649310" lon="128.084500"></trkpt>
      <trkpt lat="26.649410" lon="128.084580"></trkpt>
      <trkpt lat="26.649540" lon="128.084710"></trkpt>
      <trkpt lat="26.649630" lon="128.084820"></trkpt>
      <trkpt lat="26.649750" lon="128.085020"></trkpt>
      <trkpt lat="26.649800" lon="128.085120"></trkpt>
      <trkpt lat="26.649880" lon="128.085380"></trkpt>
      <trkpt lat="26.649890" lon="128.085480"></trkpt>
      <trkpt lat="26.649920" lon="128.085660"></trkpt>
      <trkpt lat="26.649920" lon="128.085900"></trkpt>
      <trkpt lat="26.649910" lon="128.086000"></trkpt>
      <trkpt lat="26.649900" lon="128.086010"></trkpt>
      <trkpt lat="26.649810" lon="128.086660"></trkpt>
      <trkpt lat="26.649800" lon="128.086820"></trkpt>
      <trkpt lat="26.649800" lon="128.087070"></trkpt>
      <trkpt lat="26.649810" lon="128.087120"></trkpt>
      <trkpt lat="26.649820" lon="128.087230"></trkpt>
      <trkpt lat="26.649830" lon="128.087260"></trkpt>
      <trkpt lat="26.649850" lon="128.087400"></trkpt>
      <trkpt lat="26.649870" lon="128.087460"></trkpt>
      <trkpt lat="26.649880" lon="128.087520"></trkpt>
      <trkpt lat="26.649930" lon="128.087640"></trkpt>
      <trkpt lat="26.649930" lon="128.087650"></trkpt>
      <trkpt lat="26.649980" lon="128.087760"></trkpt>
      <trkpt lat="26.650130" lon="128.088000"></trkpt>
      <trkpt lat="26.650230" lon="128.088120"></trkpt>
      <trkpt lat="26.650330" lon="128.088210"></trkpt>
      <trkpt lat="26.650490" lon="128.088320"></trkpt>
      <trkpt lat="26.650650" lon="128.088410"></trkpt>
      <trkpt lat="26.650660" lon="128.088420"></trkpt>
      <trkpt lat="26.650720" lon="128.088440"></trkpt>
      <trkpt lat="26.650810" lon="128.088490"></trkpt>
      <trkpt lat="26.650850" lon="128.088500"></trkpt>
      <trkpt lat="26.651160" lon="128.088610"></trkpt>
      <trkpt lat="26.651330" lon="128.088660"></trkpt>
      <trkpt lat="26.651340" lon="128.088660"></trkpt>
      <trkpt lat="26.651490" lon="128.088710"></trkpt>
      <trkpt lat="26.651500" lon="128.088710"></trkpt>
      <trkpt lat="26.651740" lon="128.088800"></trkpt>
      <trkpt lat="26.651770" lon="128.088820"></trkpt>
      <trkpt lat="26.651850" lon="128.088850"></trkpt>
      <trkpt lat="26.651930" lon="128.088890"></trkpt>
      <trkpt lat="26.652090" lon="128.088990"></trkpt>
      <trkpt lat="26.652160" lon="128.089050"></trkpt>
      <trkpt lat="26.652390" lon="128.089290"></trkpt>
      <trkpt lat="26.652520" lon="128.089500"></trkpt>
      <trkpt lat="26.652560" lon="128.089580"></trkpt>
      <trkpt lat="26.652650" lon="128.089830"></trkpt>
      <trkpt lat="26.652840" lon="128.090510"></trkpt>
      <trkpt lat="26.652960" lon="128.090790"></trkpt>
      <trkpt lat="26.653010" lon="128.090860"></trkpt>
      <trkpt lat="26.653020" lon="128.090880"></trkpt>
      <trkpt lat="26.653160" lon="128.091060"></trkpt>
      <trkpt lat="26.653240" lon="128.091130"></trkpt>
      <trkpt lat="26.653240" lon="128.091140"></trkpt>
      <trkpt lat="26.653330" lon="128.091210"></trkpt>
      <trkpt lat="26.653360" lon="128.091240"></trkpt>
      <trkpt lat="26.653580" lon="128.091380"></trkpt>
      <trkpt lat="26.655540" lon="128.092260"></trkpt>
      <trkpt lat="26.655880" lon="128.092440"></trkpt>
      <trkpt lat="26.656300" lon="128.092710"></trkpt>
      <trkpt lat="26.656340" lon="128.092730"></trkpt>
      <trkpt lat="26.659000" lon="128.094590"></trkpt>
      <trkpt lat="26.660230" lon="128.095570"></trkpt>
      <trkpt lat="26.660450" lon="128.095760"></trkpt>
      <trkpt lat="26.660640" lon="128.095950"></trkpt>
      <trkpt lat="26.660780" lon="128.096120"></trkpt>
      <trkpt lat="26.660900" lon="128.096310"></trkpt>
      <trkpt lat="26.660910" lon="128.096350"></trkpt>
      <trkpt lat="26.660930" lon="128.096370"></trkpt>
      <trkpt lat="26.660970" lon="128.096490"></trkpt>
      <trkpt lat="26.660990" lon="128.096530"></trkpt>
      <trkpt lat="26.661060" lon="128.096850"></trkpt>
      <trkpt lat="26.661060" lon="128.097180"></trkpt>
      <trkpt lat="26.661050" lon="128.097230"></trkpt>
      <trkpt lat="26.661050" lon="128.097280"></trkpt>
      <trkpt lat="26.661030" lon="128.097350"></trkpt>
      <trkpt lat="26.661030" lon="128.097380"></trkpt>
      <trkpt lat="26.661000" lon="128.097480"></trkpt>
      <trkpt lat="26.661000" lon="128.097510"></trkpt>
      <trkpt lat="26.660920" lon="128.097720"></trkpt>
      <trkpt lat="26.660900" lon="128.097790"></trkpt>
      <trkpt lat="26.660880" lon="128.097830"></trkpt>
      <trkpt lat="26.660710" lon="128.098300"></trkpt>
      <trkpt lat="26.660590" lon="128.098760"></trkpt>
      <trkpt lat="26.660530" lon="128.099270"></trkpt>
      <trkpt lat="26.660540" lon="128.099640"></trkpt>
      <trkpt lat="26.660550" lon="128.099710"></trkpt>
      <trkpt lat="26.660550" lon="128.099790"></trkpt>
      <trkpt lat="26.660560" lon="128.099860"></trkpt>
      <trkpt lat="26.660640" lon="128.100230"></trkpt>
      <trkpt lat="26.660680" lon="128.100370"></trkpt>
      <trkpt lat="26.660770" lon="128.100610"></trkpt>
      <trkpt lat="26.660840" lon="128.100770"></trkpt>
      <trkpt lat="26.660960" lon="128.101000"></trkpt>
      <trkpt lat="26.661090" lon="128.101210"></trkpt>
      <trkpt lat="26.661120" lon="128.101270"></trkpt>
      <trkpt lat="26.661170" lon="128.101330"></trkpt>
      <trkpt lat="26.661210" lon="128.101390"></trkpt>
      <trkpt lat="26.661230" lon="128.101410"></trkpt>
      <trkpt lat="26.661380" lon="128.101620"></trkpt>
      <trkpt lat="26.661450" lon="128.101700"></trkpt>
      <trkpt lat="26.661460" lon="128.101720"></trkpt>
      <trkpt lat="26.661530" lon="128.101800"></trkpt>
      <trkpt lat="26.661660" lon="128.101930"></trkpt>
      <trkpt lat="26.661700" lon="128.101980"></trkpt>
      <trkpt lat="26.661780" lon="128.102030"></trkpt>
      <trkpt lat="26.661830" lon="128.102080"></trkpt>
      <trkpt lat="26.662080" lon="128.102280"></trkpt>
      <trkpt lat="26.662430" lon="128.102510"></trkpt>
      <trkpt lat="26.662560" lon="128.102580"></trkpt>
      <trkpt lat="26.662580" lon="128.102600"></trkpt>
      <trkpt lat="26.663100" lon="128.102850"></trkpt>
      <trkpt lat="26.663200" lon="128.102910"></trkpt>
      <trkpt lat="26.663490" lon="128.103060"></trkpt>
      <trkpt lat="26.663970" lon="128.103350"></trkpt>
      <trkpt lat="26.664010" lon="128.103380"></trkpt>
      <trkpt lat="26.664080" lon="128.103420"></trkpt>
      <trkpt lat="26.664110" lon="128.103430"></trkpt>
      <trkpt lat="26.664120" lon="128.103440"></trkpt>
      <trkpt lat="26.664220" lon="128.103500"></trkpt>
      <trkpt lat="26.664240" lon="128.103500"></trkpt>
      <trkpt lat="26.664330" lon="128.103560"></trkpt>
      <trkpt lat="26.664760" lon="128.103730"></trkpt>
      <trkpt lat="26.665160" lon="128.103830"></trkpt>
      <trkpt lat="26.667070" lon="128.104100"></trkpt>
      <trkpt lat="26.667480" lon="128.104200"></trkpt>
      <trkpt lat="26.668720" lon="128.104680"></trkpt>
      <trkpt lat="26.668880" lon="128.104730"></trkpt>
      <trkpt lat="26.669060" lon="128.104800"></trkpt>
      <trkpt lat="26.669920" lon="128.105070"></trkpt>
      <trkpt lat="26.669940" lon="128.105080"></trkpt>
      <trkpt lat="26.670270" lon="128.105160"></trkpt>
      <trkpt lat="26.670350" lon="128.105190"></trkpt>
      <trkpt lat="26.670810" lon="128.105270"></trkpt>
      <trkpt lat="26.671220" lon="128.105260"></trkpt>
      <trkpt lat="26.671520" lon="128.105240"></trkpt>
      <trkpt lat="26.671850" lon="128.105200"></trkpt>
      <trkpt lat="26.672010" lon="128.105190"></trkpt>
      <trkpt lat="26.672150" lon="128.105170"></trkpt>
      <trkpt lat="26.672760" lon="128.105120"></trkpt>
      <trkpt lat="26.672870" lon="128.105120"></trkpt>
      <trkpt lat="26.673610" lon="128.105040"></trkpt>
      <trkpt lat="26.673810" lon="128.105000"></trkpt>
      <trkpt lat="26.673840" lon="128.105000"></trkpt>
      <trkpt lat="26.673900" lon="128.104980"></trkpt>
      <trkpt lat="26.673930" lon="128.104960"></trkpt>
      <trkpt lat="26.673980" lon="128.104950"></trkpt>
      <trkpt lat="26.674200" lon="128.104850"></trkpt>
      <trkpt lat="26.674490" lon="128.104650"></trkpt>
      <trkpt lat="26.674690" lon="128.104470"></trkpt>
      <trkpt lat="26.675480" lon="128.103500"></trkpt>
      <trkpt lat="26.675630" lon="128.103330"></trkpt>
      <trkpt lat="26.675800" lon="128.103170"></trkpt>
      <trkpt lat="26.675960" lon="128.103050"></trkpt>
      <trkpt lat="26.676190" lon="128.102940"></trkpt>
      <trkpt lat="26.676420" lon="128.102880"></trkpt>
      <trkpt lat="26.676800" lon="128.102810"></trkpt>
      <trkpt lat="26.677140" lon="128.102770"></trkpt>
      <trkpt lat="26.677220" lon="128.102750"></trkpt>
      <trkpt lat="26.677230" lon="128.102750"></trkpt>
      <trkpt lat="26.677430" lon="128.102680"></trkpt>
      <trkpt lat="26.677500" lon="128.102640"></trkpt>
      <trkpt lat="26.677510" lon="128.102630"></trkpt>
      <trkpt lat="26.677540" lon="128.102610"></trkpt>
      <trkpt lat="26.677570" lon="128.102580"></trkpt>
      <trkpt lat="26.677590" lon="128.102570"></trkpt>
      <trkpt lat="26.677610" lon="128.102550"></trkpt>
      <trkpt lat="26.677690" lon="128.102430"></trkpt>
      <trkpt lat="26.677730" lon="128.102380"></trkpt>
      <trkpt lat="26.677810" lon="128.102300"></trkpt>
      <trkpt lat="26.677840" lon="128.102280"></trkpt>
      <trkpt lat="26.678070" lon="128.101990"></trkpt>
      <trkpt lat="26.678190" lon="128.101820"></trkpt>
      <trkpt lat="26.678360" lon="128.101540"></trkpt>
      <trkpt lat="26.678460" lon="128.101400"></trkpt>
      <trkpt lat="26.678540" lon="128.101320"></trkpt>
      <trkpt lat="26.678560" lon="128.101290"></trkpt>
      <trkpt lat="26.678660" lon="128.101200"></trkpt>
      <trkpt lat="26.678740" lon="128.101150"></trkpt>
      <trkpt lat="26.678750" lon="128.101130"></trkpt>
      <trkpt lat="26.678960" lon="128.101010"></trkpt>
      <trkpt lat="26.679070" lon="128.100960"></trkpt>
      <trkpt lat="26.679320" lon="128.100890"></trkpt>
      <trkpt lat="26.679390" lon="128.100880"></trkpt>
      <trkpt lat="26.679450" lon="128.100880"></trkpt>
      <trkpt lat="26.679520" lon="128.100870"></trkpt>
      <trkpt lat="26.679600" lon="128.100870"></trkpt>
      <trkpt lat="26.679650" lon="128.100880"></trkpt>
      <trkpt lat="26.679690" lon="128.100880"></trkpt>
      <trkpt lat="26.679880" lon="128.100930"></trkpt>
      <trkpt lat="26.680040" lon="128.100990"></trkpt>
      <trkpt lat="26.680190" lon="128.101070"></trkpt>
      <trkpt lat="26.680310" lon="128.101150"></trkpt>
      <trkpt lat="26.680350" lon="128.101190"></trkpt>
      <trkpt lat="26.680380" lon="128.101210"></trkpt>
      <trkpt lat="26.680500" lon="128.101330"></trkpt>
      <trkpt lat="26.680880" lon="128.101790"></trkpt>
      <trkpt lat="26.680980" lon="128.101930"></trkpt>
      <trkpt lat="26.681010" lon="128.101960"></trkpt>
      <trkpt lat="26.681080" lon="128.102050"></trkpt>
      <trkpt lat="26.681220" lon="128.102200"></trkpt>
      <trkpt lat="26.681700" lon="128.102810"></trkpt>
      <trkpt lat="26.681910" lon="128.103040"></trkpt>
      <trkpt lat="26.682040" lon="128.103210"></trkpt>
      <trkpt lat="26.682100" lon="128.103300"></trkpt>
      <trkpt lat="26.682170" lon="128.103370"></trkpt>
      <trkpt lat="26.682280" lon="128.103500"></trkpt>
      <trkpt lat="26.682320" lon="128.103530"></trkpt>
      <trkpt lat="26.682350" lon="128.103560"></trkpt>
      <trkpt lat="26.682580" lon="128.103740"></trkpt>
      <trkpt lat="26.682670" lon="128.103790"></trkpt>
      <trkpt lat="26.682770" lon="128.103860"></trkpt>
      <trkpt lat="26.683360" lon="128.104190"></trkpt>
      <trkpt lat="26.684090" lon="128.104670"></trkpt>
      <trkpt lat="26.684290" lon="128.104830"></trkpt>
      <trkpt lat="26.684330" lon="128.104870"></trkpt>
      <trkpt lat="26.684360" lon="128.104890"></trkpt>
      <trkpt lat="26.684630" lon="128.105160"></trkpt>
      <trkpt lat="26.685690" lon="128.106300"></trkpt>
      <trkpt lat="26.685810" lon="128.106400"></trkpt>
      <trkpt lat="26.685970" lon="128.106510"></trkpt>
      <trkpt lat="26.685980" lon="128.106510"></trkpt>
      <trkpt lat="26.686030" lon="128.106540"></trkpt>
      <trkpt lat="26.686290" lon="128.106640"></trkpt>
      <trkpt lat="26.686390" lon="128.106660"></trkpt>
      <trkpt lat="26.686560" lon="128.106680"></trkpt>
      <trkpt lat="26.686610" lon="128.106680"></trkpt>
      <trkpt lat="26.686930" lon="128.106650"></trkpt>
      <trkpt lat="26.686950" lon="128.106640"></trkpt>
      <trkpt lat="26.686990" lon="128.106630"></trkpt>
      <trkpt lat="26.687190" lon="128.106560"></trkpt>
      <trkpt lat="26.687650" lon="128.106340"></trkpt>
      <trkpt lat="26.687790" lon="128.106290"></trkpt>
      <trkpt lat="26.687880" lon="128.106250"></trkpt>
      <trkpt lat="26.688130" lon="128.106200"></trkpt>
      <trkpt lat="26.688220" lon="128.106190"></trkpt>
      <trkpt lat="26.688350" lon="128.106190"></trkpt>
      <trkpt lat="26.688550" lon="128.106210"></trkpt>
      <trkpt lat="26.688680" lon="128.106240"></trkpt>
      <trkpt lat="26.688880" lon="128.106320"></trkpt>
      <trkpt lat="26.688990" lon="128.106380"></trkpt>
      <trkpt lat="26.689290" lon="128.106630"></trkpt>
      <trkpt lat="26.689300" lon="128.106650"></trkpt>
      <trkpt lat="26.689300" lon="128.106660"></trkpt>
      <trkpt lat="26.689330" lon="128.106720"></trkpt>
      <trkpt lat="26.689380" lon="128.106800"></trkpt>
      <trkpt lat="26.689530" lon="128.106990"></trkpt>
      <trkpt lat="26.689990" lon="128.107490"></trkpt>
      <trkpt lat="26.690100" lon="128.107590"></trkpt>
      <trkpt lat="26.690530" lon="128.107920"></trkpt>
      <trkpt lat="26.690660" lon="128.108010"></trkpt>
      <trkpt lat="26.691150" lon="128.108400"></trkpt>
      <trkpt lat="26.691350" lon="128.108590"></trkpt>
      <trkpt lat="26.691400" lon="128.108630"></trkpt>
      <trkpt lat="26.693360" lon="128.110710"></trkpt>
      <trkpt lat="26.693460" lon="128.110830"></trkpt>
      <trkpt lat="26.693540" lon="128.110910"></trkpt>
      <trkpt lat="26.694080" lon="128.111560"></trkpt>
      <trkpt lat="26.694170" lon="128.111680"></trkpt>
      <trkpt lat="26.694200" lon="128.111710"></trkpt>
      <trkpt lat="26.694390" lon="128.111950"></trkpt>
      <trkpt lat="26.694960" lon="128.112620"></trkpt>
      <trkpt lat="26.695070" lon="128.112730"></trkpt>
      <trkpt lat="26.695150" lon="128.112790"></trkpt>
      <trkpt lat="26.695230" lon="128.112870"></trkpt>
      <trkpt lat="26.695450" lon="128.113050"></trkpt>
      <trkpt lat="26.695770" lon="128.113240"></trkpt>
      <trkpt lat="26.696030" lon="128.113410"></trkpt>
      <trkpt lat="26.696230" lon="128.113520"></trkpt>
      <trkpt lat="26.696240" lon="128.113530"></trkpt>
      <trkpt lat="26.696330" lon="128.113580"></trkpt>
      <trkpt lat="26.696450" lon="128.113660"></trkpt>
      <trkpt lat="26.696710" lon="128.113810"></trkpt>
      <trkpt lat="26.697100" lon="128.114060"></trkpt>
      <trkpt lat="26.697810" lon="128.114480"></trkpt>
      <trkpt lat="26.698020" lon="128.114590"></trkpt>
      <trkpt lat="26.698240" lon="128.114660"></trkpt>
      <trkpt lat="26.698250" lon="128.114660"></trkpt>
      <trkpt lat="26.698360" lon="128.114690"></trkpt>
      <trkpt lat="26.698450" lon="128.114700"></trkpt>
      <trkpt lat="26.698540" lon="128.114720"></trkpt>
      <trkpt lat="26.698850" lon="128.114750"></trkpt>
      <trkpt lat="26.698910" lon="128.114750"></trkpt>
      <trkpt lat="26.699080" lon="128.114770"></trkpt>
      <trkpt lat="26.699120" lon="128.114770"></trkpt>
      <trkpt lat="26.699390" lon="128.114830"></trkpt>
      <trkpt lat="26.699400" lon="128.114830"></trkpt>
      <trkpt lat="26.699460" lon="128.114850"></trkpt>
      <trkpt lat="26.699600" lon="128.114910"></trkpt>
      <trkpt lat="26.699770" lon="128.115000"></trkpt>
      <trkpt lat="26.699780" lon="128.115020"></trkpt>
      <trkpt lat="26.699850" lon="128.115060"></trkpt>
      <trkpt lat="26.700030" lon="128.115220"></trkpt>
      <trkpt lat="26.700100" lon="128.115270"></trkpt>
      <trkpt lat="26.700830" lon="128.115920"></trkpt>
      <trkpt lat="26.700970" lon="128.116030"></trkpt>
      <trkpt lat="26.701020" lon="128.116080"></trkpt>
      <trkpt lat="26.701800" lon="128.116760"></trkpt>
      <trkpt lat="26.702220" lon="128.117230"></trkpt>
      <trkpt lat="26.702400" lon="128.117470"></trkpt>
      <trkpt lat="26.702830" lon="128.118110"></trkpt>
      <trkpt lat="26.702870" lon="128.118190"></trkpt>
      <trkpt lat="26.702910" lon="128.118250"></trkpt>
      <trkpt lat="26.703000" lon="128.118440"></trkpt>
      <trkpt lat="26.703080" lon="128.118690"></trkpt>
      <trkpt lat="26.703130" lon="128.118970"></trkpt>
      <trkpt lat="26.703130" lon="128.118990"></trkpt>
      <trkpt lat="26.703150" lon="128.119130"></trkpt>
      <trkpt lat="26.703150" lon="128.119900"></trkpt>
      <trkpt lat="26.703160" lon="128.119980"></trkpt>
      <trkpt lat="26.703150" lon="128.120190"></trkpt>
      <trkpt lat="26.703160" lon="128.120310"></trkpt>
      <trkpt lat="26.703160" lon="128.120610"></trkpt>
      <trkpt lat="26.703140" lon="128.121090"></trkpt>
      <trkpt lat="26.703090" lon="128.121720"></trkpt>
      <trkpt lat="26.703040" lon="128.122080"></trkpt>
      <trkpt lat="26.703040" lon="128.122120"></trkpt>
      <trkpt lat="26.702910" lon="128.123100"></trkpt>
      <trkpt lat="26.702910" lon="128.123130"></trkpt>
      <trkpt lat="26.702830" lon="128.123710"></trkpt>
      <trkpt lat="26.702810" lon="128.123940"></trkpt>
      <trkpt lat="26.702810" lon="128.124080"></trkpt>
      <trkpt lat="26.702800" lon="128.124130"></trkpt>
      <trkpt lat="26.702810" lon="128.124410"></trkpt>
      <trkpt lat="26.702880" lon="128.124900"></trkpt>
      <trkpt lat="26.702910" lon="128.125040"></trkpt>
      <trkpt lat="26.702980" lon="128.125290"></trkpt>
      <trkpt lat="26.703010" lon="128.125440"></trkpt>
      <trkpt lat="26.703180" lon="128.126120"></trkpt>
      <trkpt lat="26.703350" lon="128.126690"></trkpt>
      <trkpt lat="26.704180" lon="128.128870"></trkpt>
      <trkpt lat="26.704220" lon="128.129010"></trkpt>
      <trkpt lat="26.704320" lon="128.129280"></trkpt>
      <trkpt lat="26.704390" lon="128.129570"></trkpt>
      <trkpt lat="26.704410" lon="128.129630"></trkpt>
      <trkpt lat="26.704470" lon="128.130000"></trkpt>
      <trkpt lat="26.704480" lon="128.130030"></trkpt>
      <trkpt lat="26.704500" lon="128.130220"></trkpt>
      <trkpt lat="26.704510" lon="128.130930"></trkpt>
      <trkpt lat="26.704520" lon="128.131010"></trkpt>
      <trkpt lat="26.704510" lon="128.132780"></trkpt>
      <trkpt lat="26.704520" lon="128.132880"></trkpt>
      <trkpt lat="26.704520" lon="128.132930"></trkpt>
      <trkpt lat="26.704530" lon="128.132980"></trkpt>
      <trkpt lat="26.704530" lon="128.133010"></trkpt>
      <trkpt lat="26.704550" lon="128.133100"></trkpt>
      <trkpt lat="26.704580" lon="128.133300"></trkpt>
      <trkpt lat="26.704630" lon="128.133490"></trkpt>
      <trkpt lat="26.705200" lon="128.135060"></trkpt>
      <trkpt lat="26.705450" lon="128.135810"></trkpt>
      <trkpt lat="26.705480" lon="128.135880"></trkpt>
      <trkpt lat="26.705590" lon="128.136220"></trkpt>
      <trkpt lat="26.706740" lon="128.139140"></trkpt>
      <trkpt lat="26.707200" lon="128.140460"></trkpt>
      <trkpt lat="26.707990" lon="128.142900"></trkpt>
      <trkpt lat="26.708190" lon="128.143410"></trkpt>
      <trkpt lat="26.708410" lon="128.143850"></trkpt>
      <trkpt lat="26.708740" lon="128.144350"></trkpt>
      <trkpt lat="26.708820" lon="128.144440"></trkpt>
      <trkpt lat="26.708910" lon="128.144560"></trkpt>
      <trkpt lat="26.709260" lon="128.144940"></trkpt>
      <trkpt lat="26.709600" lon="128.145230"></trkpt>
      <trkpt lat="26.709810" lon="128.145390"></trkpt>
      <trkpt lat="26.710080" lon="128.145560"></trkpt>
      <trkpt lat="26.710370" lon="128.145720"></trkpt>
      <trkpt lat="26.710620" lon="128.145830"></trkpt>
      <trkpt lat="26.710710" lon="128.145860"></trkpt>
      <trkpt lat="26.710800" lon="128.145900"></trkpt>
      <trkpt lat="26.711370" lon="128.146060"></trkpt>
      <trkpt lat="26.712120" lon="128.146200"></trkpt>
      <trkpt lat="26.712410" lon="128.146270"></trkpt>
      <trkpt lat="26.712540" lon="128.146290"></trkpt>
      <trkpt lat="26.712810" lon="128.146390"></trkpt>
      <trkpt lat="26.712930" lon="128.146450"></trkpt>
      <trkpt lat="26.713170" lon="128.146590"></trkpt>
      <trkpt lat="26.713320" lon="128.146710"></trkpt>
      <trkpt lat="26.713440" lon="128.146820"></trkpt>
      <trkpt lat="26.713510" lon="128.146900"></trkpt>
      <trkpt lat="26.713680" lon="128.147120"></trkpt>
      <trkpt lat="26.713740" lon="128.147210"></trkpt>
      <trkpt lat="26.713860" lon="128.147450"></trkpt>
      <trkpt lat="26.713990" lon="128.147760"></trkpt>
      <trkpt lat="26.714190" lon="128.148380"></trkpt>
      <trkpt lat="26.714350" lon="128.148780"></trkpt>
      <trkpt lat="26.714490" lon="128.149050"></trkpt>
      <trkpt lat="26.714620" lon="128.149270"></trkpt>
      <trkpt lat="26.715070" lon="128.149900"></trkpt>
      <trkpt lat="26.715120" lon="128.149990"></trkpt>
      <trkpt lat="26.715290" lon="128.150240"></trkpt>
      <trkpt lat="26.715350" lon="128.150350"></trkpt>
      <trkpt lat="26.715350" lon="128.150380"></trkpt>
      <trkpt lat="26.715360" lon="128.150400"></trkpt>
      <trkpt lat="26.715360" lon="128.150490"></trkpt>
      <trkpt lat="26.715370" lon="128.150490"></trkpt>
      <trkpt lat="26.715370" lon="128.150510"></trkpt>
      <trkpt lat="26.715590" lon="128.150970"></trkpt>
      <trkpt lat="26.715930" lon="128.151830"></trkpt>
      <trkpt lat="26.716040" lon="128.152080"></trkpt>
      <trkpt lat="26.716250" lon="128.152420"></trkpt>
      <trkpt lat="26.716340" lon="128.152540"></trkpt>
      <trkpt lat="26.716470" lon="128.152690"></trkpt>
      <trkpt lat="26.717110" lon="128.153320"></trkpt>
      <trkpt lat="26.717280" lon="128.153540"></trkpt>
      <trkpt lat="26.717370" lon="128.153680"></trkpt>
      <trkpt lat="26.717430" lon="128.153790"></trkpt>
      <trkpt lat="26.717570" lon="128.154180"></trkpt>
      <trkpt lat="26.717760" lon="128.154870"></trkpt>
      <trkpt lat="26.717860" lon="128.155180"></trkpt>
      <trkpt lat="26.717890" lon="128.155310"></trkpt>
      <trkpt lat="26.717920" lon="128.155370"></trkpt>
      <trkpt lat="26.717930" lon="128.155420"></trkpt>
      <trkpt lat="26.718120" lon="128.155900"></trkpt>
      <trkpt lat="26.718140" lon="128.155930"></trkpt>
      <trkpt lat="26.718150" lon="128.155960"></trkpt>
      <trkpt lat="26.718230" lon="128.156110"></trkpt>
      <trkpt lat="26.718440" lon="128.156440"></trkpt>
      <trkpt lat="26.718540" lon="128.156570"></trkpt>
      <trkpt lat="26.718730" lon="128.156780"></trkpt>
      <trkpt lat="26.719090" lon="128.157120"></trkpt>
      <trkpt lat="26.720010" lon="128.157860"></trkpt>
      <trkpt lat="26.720140" lon="128.157950"></trkpt>
      <trkpt lat="26.720790" lon="128.158480"></trkpt>
      <trkpt lat="26.721190" lon="128.158840"></trkpt>
      <trkpt lat="26.721440" lon="128.159120"></trkpt>
      <trkpt lat="26.721710" lon="128.159500"></trkpt>
      <trkpt lat="26.721860" lon="128.159780"></trkpt>
      <trkpt lat="26.721930" lon="128.159940"></trkpt>
      <trkpt lat="26.722310" lon="128.160680"></trkpt>
      <trkpt lat="26.722430" lon="128.160860"></trkpt>
      <trkpt lat="26.722450" lon="128.160900"></trkpt>
      <trkpt lat="26.722520" lon="128.161010"></trkpt>
      <trkpt lat="26.722640" lon="128.161170"></trkpt>
      <trkpt lat="26.723000" lon="128.161560"></trkpt>
      <trkpt lat="26.723180" lon="128.161730"></trkpt>
      <trkpt lat="26.723560" lon="128.162050"></trkpt>
      <trkpt lat="26.724280" lon="128.162710"></trkpt>
      <trkpt lat="26.726240" lon="128.164310"></trkpt>
      <trkpt lat="26.726600" lon="128.164660"></trkpt>
      <trkpt lat="26.727040" lon="128.165140"></trkpt>
      <trkpt lat="26.727310" lon="128.165480"></trkpt>
      <trkpt lat="26.727550" lon="128.165750"></trkpt>
      <trkpt lat="26.728260" lon="128.166610"></trkpt>
      <trkpt lat="26.728450" lon="128.166860"></trkpt>
      <trkpt lat="26.728470" lon="128.166900"></trkpt>
      <trkpt lat="26.728510" lon="128.166950"></trkpt>
      <trkpt lat="26.728910" lon="128.167540"></trkpt>
      <trkpt lat="26.729190" lon="128.167870"></trkpt>
      <trkpt lat="26.729410" lon="128.168070"></trkpt>
      <trkpt lat="26.730460" lon="128.168940"></trkpt>
      <trkpt lat="26.730510" lon="128.168970"></trkpt>
      <trkpt lat="26.730760" lon="128.169190"></trkpt>
      <trkpt lat="26.731240" lon="128.169580"></trkpt>
      <trkpt lat="26.731270" lon="128.169610"></trkpt>
      <trkpt lat="26.731800" lon="128.170030"></trkpt>
      <trkpt lat="26.732150" lon="128.170280"></trkpt>
      <trkpt lat="26.732160" lon="128.170280"></trkpt>
      <trkpt lat="26.732280" lon="128.170370"></trkpt>
      <trkpt lat="26.732300" lon="128.170380"></trkpt>
      <trkpt lat="26.732370" lon="128.170440"></trkpt>
      <trkpt lat="26.733280" lon="128.170960"></trkpt>
      <trkpt lat="26.733510" lon="128.171070"></trkpt>
      <trkpt lat="26.733520" lon="128.171080"></trkpt>
      <trkpt lat="26.734060" lon="128.171320"></trkpt>
      <trkpt lat="26.734600" lon="128.171540"></trkpt>
      <trkpt lat="26.734670" lon="128.171560"></trkpt>
      <trkpt lat="26.736300" lon="128.172190"></trkpt>
      <trkpt lat="26.736330" lon="128.172210"></trkpt>
      <trkpt lat="26.736410" lon="128.172240"></trkpt>
      <trkpt lat="26.736580" lon="128.172320"></trkpt>
      <trkpt lat="26.736750" lon="128.172430"></trkpt>
      <trkpt lat="26.737150" lon="128.172720"></trkpt>
      <trkpt lat="26.737220" lon="128.172790"></trkpt>
      <trkpt lat="26.737290" lon="128.172840"></trkpt>
      <trkpt lat="26.737400" lon="128.172950"></trkpt>
      <trkpt lat="26.737600" lon="128.173120"></trkpt>
      <trkpt lat="26.739160" lon="128.174550"></trkpt>
      <trkpt lat="26.739230" lon="128.174630"></trkpt>
      <trkpt lat="26.739490" lon="128.174860"></trkpt>
      <trkpt lat="26.739730" lon="128.175040"></trkpt>
      <trkpt lat="26.739940" lon="128.175180"></trkpt>
      <trkpt lat="26.740300" lon="128.175360"></trkpt>
      <trkpt lat="26.740330" lon="128.175380"></trkpt>
      <trkpt lat="26.741810" lon="128.175950"></trkpt>
      <trkpt lat="26.742160" lon="128.176100"></trkpt>
      <trkpt lat="26.742440" lon="128.176240"></trkpt>
      <trkpt lat="26.742560" lon="128.176290"></trkpt>
      <trkpt lat="26.742620" lon="128.176290"></trkpt>
      <trkpt lat="26.742630" lon="128.176300"></trkpt>
      <trkpt lat="26.742740" lon="128.176350"></trkpt>
      <trkpt lat="26.742770" lon="128.176370"></trkpt>
      <trkpt lat="26.742810" lon="128.176380"></trkpt>
      <trkpt lat="26.742860" lon="128.176400"></trkpt>
      <trkpt lat="26.742870" lon="128.176400"></trkpt>
      <trkpt lat="26.742940" lon="128.176440"></trkpt>
      <trkpt lat="26.743000" lon="128.176420"></trkpt>
      <trkpt lat="26.743030" lon="128.176420"></trkpt>
      <trkpt lat="26.743060" lon="128.176410"></trkpt>
      <trkpt lat="26.743090" lon="128.176410"></trkpt>
      <trkpt lat="26.743110" lon="128.176420"></trkpt>
      <trkpt lat="26.743140" lon="128.176420"></trkpt>
      <trkpt lat="26.743170" lon="128.176430"></trkpt>
      <trkpt lat="26.743210" lon="128.176450"></trkpt>
      <trkpt lat="26.743220" lon="128.176450"></trkpt>
      <trkpt lat="26.744230" lon="128.176830"></trkpt>
      <trkpt lat="26.744260" lon="128.176850"></trkpt>
    </trkseg>
  </trk>
</gpx>
