<?xml version="1.0" encoding="UTF-8"?>
<gpx version="1.1" creator="2026-routes" xmlns="http://www.topografix.com/GPX/1/1">
  <metadata>
    <name>第一天路線(10/11)</name>
    <desc>第一天路線(10/11)</desc>
  </metadata>
  <trk>
    <name>Day 1 第一天路線(10/11)</name>
    <trkseg>
      <trkpt lat="26.213480" lon="127.677530"></trkpt>
      <trkpt lat="26.213330" lon="127.677480"></trkpt>
      <trkpt lat="26.213420" lon="127.677150"></trkpt>
      <trkpt lat="26.213490" lon="127.676830"></trkpt>
      <trkpt lat="26.213570" lon="127.676540"></trkpt>
      <trkpt lat="26.213640" lon="127.676240"></trkpt>
      <trkpt lat="26.213640" lon="127.676230"></trkpt>
      <trkpt lat="26.213660" lon="127.676110"></trkpt>
      <trkpt lat="26.213710" lon="127.675980"></trkpt>
      <trkpt lat="26.213840" lon="127.676070"></trkpt>
      <trkpt lat="26.213920" lon="127.676140"></trkpt>
      <trkpt lat="26.214070" lon="127.676290"></trkpt>
      <trkpt lat="26.214130" lon="127.676340"></trkpt>
      <trkpt lat="26.214360" lon="127.676590"></trkpt>
      <trkpt lat="26.215380" lon="127.677850"></trkpt>
      <trkpt lat="26.215490" lon="127.678000"></trkpt>
      <trkpt lat="26.215910" lon="127.678490"></trkpt>
      <trkpt lat="26.216240" lon="127.678900"></trkpt>
      <trkpt lat="26.217000" lon="127.679740"></trkpt>
      <trkpt lat="26.217110" lon="127.679850"></trkpt>
      <trkpt lat="26.217670" lon="127.680340"></trkpt>
      <trkpt lat="26.219420" lon="127.681730"></trkpt>
      <trkpt lat="26.219470" lon="127.681780"></trkpt>
      <trkpt lat="26.219500" lon="127.681800"></trkpt>
      <trkpt lat="26.219960" lon="127.682170"></trkpt>
      <trkpt lat="26.220320" lon="127.682410"></trkpt>
      <trkpt lat="26.220630" lon="127.682600"></trkpt>
      <trkpt lat="26.220710" lon="127.682640"></trkpt>
      <trkpt lat="26.220950" lon="127.682790"></trkpt>
      <trkpt lat="26.225120" lon="127.684960"></trkpt>
      <trkpt lat="26.225180" lon="127.685000"></trkpt>
      <trkpt lat="26.225200" lon="127.685000"></trkpt>
      <trkpt lat="26.225200" lon="127.685010"></trkpt>
      <trkpt lat="26.226510" lon="127.685670"></trkpt>
      <trkpt lat="26.226850" lon="127.685820"></trkpt>
      <trkpt lat="26.227120" lon="127.685910"></trkpt>
      <trkpt lat="26.227160" lon="127.685930"></trkpt>
      <trkpt lat="26.227380" lon="127.685990"></trkpt>
      <trkpt lat="26.227540" lon="127.686050"></trkpt>
      <trkpt lat="26.227550" lon="127.686050"></trkpt>
      <trkpt lat="26.227940" lon="127.686140"></trkpt>
      <trkpt lat="26.228250" lon="127.686190"></trkpt>
      <trkpt lat="26.228300" lon="127.686190"></trkpt>
      <trkpt lat="26.228740" lon="127.686230"></trkpt>
      <trkpt lat="26.229460" lon="127.686220"></trkpt>
      <trkpt lat="26.229830" lon="127.686180"></trkpt>
      <trkpt lat="26.230520" lon="127.686040"></trkpt>
      <trkpt lat="26.230980" lon="127.685920"></trkpt>
      <trkpt lat="26.231550" lon="127.685740"></trkpt>
      <trkpt lat="26.231720" lon="127.685700"></trkpt>
      <trkpt lat="26.231800" lon="127.685670"></trkpt>
      <trkpt lat="26.232190" lon="127.685580"></trkpt>
      <trkpt lat="26.232360" lon="127.685560"></trkpt>
      <trkpt lat="26.232530" lon="127.685530"></trkpt>
      <trkpt lat="26.232700" lon="127.685520"></trkpt>
      <trkpt lat="26.233120" lon="127.685530"></trkpt>
      <trkpt lat="26.233540" lon="127.685590"></trkpt>
      <trkpt lat="26.233920" lon="127.685680"></trkpt>
      <trkpt lat="26.234290" lon="127.685810"></trkpt>
      <trkpt lat="26.235940" lon="127.686600"></trkpt>
      <trkpt lat="26.236090" lon="127.686680"></trkpt>
      <trkpt lat="26.236100" lon="127.686680"></trkpt>
      <trkpt lat="26.236660" lon="127.686970"></trkpt>
      <trkpt lat="26.236800" lon="127.687030"></trkpt>
      <trkpt lat="26.237010" lon="127.687140"></trkpt>
      <trkpt lat="26.237510" lon="127.687360"></trkpt>
      <trkpt lat="26.238060" lon="127.687640"></trkpt>
      <trkpt lat="26.238350" lon="127.687810"></trkpt>
      <trkpt lat="26.238440" lon="127.687870"></trkpt>
      <trkpt lat="26.238580" lon="127.687950"></trkpt>
      <trkpt lat="26.238630" lon="127.687990"></trkpt>
      <trkpt lat="26.238660" lon="127.688060"></trkpt>
      <trkpt lat="26.238660" lon="127.688070"></trkpt>
      <trkpt lat="26.238840" lon="127.688200"></trkpt>
      <trkpt lat="26.238850" lon="127.688200"></trkpt>
      <trkpt lat="26.238970" lon="127.688300"></trkpt>
      <trkpt lat="26.239120" lon="127.688410"></trkpt>
      <trkpt lat="26.239940" lon="127.689090"></trkpt>
      <trkpt lat="26.240010" lon="127.689160"></trkpt>
      <trkpt lat="26.243120" lon="127.691760"></trkpt>
      <trkpt lat="26.243580" lon="127.692180"></trkpt>
      <trkpt lat="26.243840" lon="127.692460"></trkpt>
      <trkpt lat="26.244190" lon="127.692940"></trkpt>
      <trkpt lat="26.244440" lon="127.693350"></trkpt>
      <trkpt lat="26.244700" lon="127.693870"></trkpt>
      <trkpt lat="26.244780" lon="127.694010"></trkpt>
      <trkpt lat="26.244870" lon="127.694220"></trkpt>
      <trkpt lat="26.244940" lon="127.694300"></trkpt>
      <trkpt lat="26.245180" lon="127.694800"></trkpt>
      <trkpt lat="26.245280" lon="127.694970"></trkpt>
      <trkpt lat="26.245320" lon="127.695050"></trkpt>
      <trkpt lat="26.245450" lon="127.695270"></trkpt>
      <trkpt lat="26.245600" lon="127.695490"></trkpt>
      <trkpt lat="26.245670" lon="127.695610"></trkpt>
      <trkpt lat="26.245920" lon="127.695960"></trkpt>
      <trkpt lat="26.246050" lon="127.696110"></trkpt>
      <trkpt lat="26.246150" lon="127.696190"></trkpt>
      <trkpt lat="26.246440" lon="127.696520"></trkpt>
      <trkpt lat="26.246700" lon="127.696780"></trkpt>
      <trkpt lat="26.246750" lon="127.696810"></trkpt>
      <trkpt lat="26.247030" lon="127.697060"></trkpt>
      <trkpt lat="26.247590" lon="127.697490"></trkpt>
      <trkpt lat="26.247720" lon="127.697600"></trkpt>
      <trkpt lat="26.247750" lon="127.697620"></trkpt>
      <trkpt lat="26.247800" lon="127.697670"></trkpt>
      <trkpt lat="26.248100" lon="127.697930"></trkpt>
      <trkpt lat="26.248440" lon="127.698270"></trkpt>
      <trkpt lat="26.248620" lon="127.698480"></trkpt>
      <trkpt lat="26.248710" lon="127.698570"></trkpt>
      <trkpt lat="26.248750" lon="127.698630"></trkpt>
      <trkpt lat="26.248880" lon="127.698790"></trkpt>
      <trkpt lat="26.248910" lon="127.698840"></trkpt>
      <trkpt lat="26.249060" lon="127.699030"></trkpt>
      <trkpt lat="26.249500" lon="127.699700"></trkpt>
      <trkpt lat="26.249630" lon="127.699920"></trkpt>
      <trkpt lat="26.249660" lon="127.699980"></trkpt>
      <trkpt lat="26.250870" lon="127.701860"></trkpt>
      <trkpt lat="26.251020" lon="127.702070"></trkpt>
      <trkpt lat="26.251330" lon="127.702560"></trkpt>
      <trkpt lat="26.251400" lon="127.702650"></trkpt>
      <trkpt lat="26.251570" lon="127.702900"></trkpt>
      <trkpt lat="26.251850" lon="127.703250"></trkpt>
      <trkpt lat="26.252300" lon="127.703760"></trkpt>
      <trkpt lat="26.253830" lon="127.705340"></trkpt>
      <trkpt lat="26.254100" lon="127.705640"></trkpt>
      <trkpt lat="26.254820" lon="127.706360"></trkpt>
      <trkpt lat="26.254850" lon="127.706400"></trkpt>
      <trkpt lat="26.254860" lon="127.706400"></trkpt>
      <trkpt lat="26.255150" lon="127.706710"></trkpt>
      <trkpt lat="26.255210" lon="127.706760"></trkpt>
      <trkpt lat="26.255740" lon="127.707330"></trkpt>
      <trkpt lat="26.255920" lon="127.707510"></trkpt>
      <trkpt lat="26.256360" lon="127.708000"></trkpt>
      <trkpt lat="26.257200" lon="127.708840"></trkpt>
      <trkpt lat="26.258010" lon="127.709690"></trkpt>
      <trkpt lat="26.258160" lon="127.709870"></trkpt>
      <trkpt lat="26.258590" lon="127.710310"></trkpt>
      <trkpt lat="26.258630" lon="127.710360"></trkpt>
      <trkpt lat="26.258940" lon="127.710690"></trkpt>
      <trkpt lat="26.259450" lon="127.711060"></trkpt>
      <trkpt lat="26.259650" lon="127.711180"></trkpt>
      <trkpt lat="26.259700" lon="127.711220"></trkpt>
      <trkpt lat="26.259900" lon="127.711350"></trkpt>
      <trkpt lat="26.259920" lon="127.711360"></trkpt>
      <trkpt lat="26.259940" lon="127.711380"></trkpt>
      <trkpt lat="26.259960" lon="127.711380"></trkpt>
      <trkpt lat="26.259980" lon="127.711400"></trkpt>
      <trkpt lat="26.259990" lon="127.711400"></trkpt>
      <trkpt lat="26.260000" lon="127.711410"></trkpt>
      <trkpt lat="26.260030" lon="127.711420"></trkpt>
      <trkpt lat="26.260440" lon="127.711680"></trkpt>
      <trkpt lat="26.260480" lon="127.711700"></trkpt>
      <trkpt lat="26.260660" lon="127.711820"></trkpt>
      <trkpt lat="26.260710" lon="127.711840"></trkpt>
      <trkpt lat="26.261630" lon="127.712400"></trkpt>
      <trkpt lat="26.261710" lon="127.712440"></trkpt>
      <trkpt lat="26.262070" lon="127.712680"></trkpt>
      <trkpt lat="26.262290" lon="127.712800"></trkpt>
      <trkpt lat="26.262890" lon="127.713190"></trkpt>
      <trkpt lat="26.263060" lon="127.713270"></trkpt>
      <trkpt lat="26.264820" lon="127.714300"></trkpt>
      <trkpt lat="26.265210" lon="127.714510"></trkpt>
      <trkpt lat="26.265630" lon="127.714760"></trkpt>
      <trkpt lat="26.265860" lon="127.714940"></trkpt>
      <trkpt lat="26.266100" lon="127.715150"></trkpt>
      <trkpt lat="26.266450" lon="127.715510"></trkpt>
      <trkpt lat="26.266710" lon="127.715860"></trkpt>
      <trkpt lat="26.266800" lon="127.716000"></trkpt>
      <trkpt lat="26.266920" lon="127.716210"></trkpt>
      <trkpt lat="26.267030" lon="127.716430"></trkpt>
      <trkpt lat="26.267190" lon="127.716800"></trkpt>
      <trkpt lat="26.267310" lon="127.717130"></trkpt>
      <trkpt lat="26.267400" lon="127.717450"></trkpt>
      <trkpt lat="26.267410" lon="127.717530"></trkpt>
      <trkpt lat="26.267430" lon="127.717620"></trkpt>
      <trkpt lat="26.267440" lon="127.717730"></trkpt>
      <trkpt lat="26.267460" lon="127.717820"></trkpt>
      <trkpt lat="26.267510" lon="127.718320"></trkpt>
      <trkpt lat="26.267510" lon="127.718840"></trkpt>
      <trkpt lat="26.267480" lon="127.719120"></trkpt>
      <trkpt lat="26.267440" lon="127.719380"></trkpt>
      <trkpt lat="26.267370" lon="127.719710"></trkpt>
      <trkpt lat="26.267350" lon="127.719770"></trkpt>
      <trkpt lat="26.267350" lon="127.719790"></trkpt>
      <trkpt lat="26.267260" lon="127.720110"></trkpt>
      <trkpt lat="26.266930" lon="127.721100"></trkpt>
      <trkpt lat="26.266920" lon="127.721120"></trkpt>
      <trkpt lat="26.266750" lon="127.721660"></trkpt>
      <trkpt lat="26.266630" lon="127.722110"></trkpt>
      <trkpt lat="26.266540" lon="127.722500"></trkpt>
      <trkpt lat="26.266520" lon="127.722630"></trkpt>
      <trkpt lat="26.266470" lon="127.723210"></trkpt>
      <trkpt lat="26.266450" lon="127.723690"></trkpt>
      <trkpt lat="26.266480" lon="127.724100"></trkpt>
      <trkpt lat="26.266580" lon="127.724590"></trkpt>
      <trkpt lat="26.266600" lon="127.724780"></trkpt>
      <trkpt lat="26.266770" lon="127.725450"></trkpt>
      <trkpt lat="26.267440" lon="127.727630"></trkpt>
      <trkpt lat="26.267480" lon="127.727800"></trkpt>
      <trkpt lat="26.268350" lon="127.730660"></trkpt>
      <trkpt lat="26.268920" lon="127.733010"></trkpt>
      <trkpt lat="26.268950" lon="127.733170"></trkpt>
      <trkpt lat="26.269140" lon="127.733990"></trkpt>
      <trkpt lat="26.269150" lon="127.734020"></trkpt>
      <trkpt lat="26.269230" lon="127.734410"></trkpt>
      <trkpt lat="26.269240" lon="127.734430"></trkpt>
      <trkpt lat="26.269730" lon="127.736560"></trkpt>
      <trkpt lat="26.269830" lon="127.736840"></trkpt>
      <trkpt lat="26.269930" lon="127.737070"></trkpt>
      <trkpt lat="26.270070" lon="127.737330"></trkpt>
      <trkpt lat="26.270280" lon="127.737650"></trkpt>
      <trkpt lat="26.270680" lon="127.738140"></trkpt>
      <trkpt lat="26.270940" lon="127.738430"></trkpt>
      <trkpt lat="26.271100" lon="127.738580"></trkpt>
      <trkpt lat="26.271240" lon="127.738670"></trkpt>
      <trkpt lat="26.271320" lon="127.738730"></trkpt>
      <trkpt lat="26.271540" lon="127.738870"></trkpt>
      <trkpt lat="26.271590" lon="127.738890"></trkpt>
      <trkpt lat="26.271920" lon="127.739060"></trkpt>
      <trkpt lat="26.272250" lon="127.739210"></trkpt>
      <trkpt lat="26.272280" lon="127.739230"></trkpt>
      <trkpt lat="26.272830" lon="127.739490"></trkpt>
      <trkpt lat="26.273230" lon="127.739730"></trkpt>
      <trkpt lat="26.273620" lon="127.740000"></trkpt>
      <trkpt lat="26.274510" lon="127.740780"></trkpt>
      <trkpt lat="26.274600" lon="127.740850"></trkpt>
      <trkpt lat="26.275090" lon="127.741320"></trkpt>
      <trkpt lat="26.275160" lon="127.741380"></trkpt>
      <trkpt lat="26.275190" lon="127.741420"></trkpt>
      <trkpt lat="26.275470" lon="127.741700"></trkpt>
      <trkpt lat="26.275830" lon="127.742100"></trkpt>
      <trkpt lat="26.275850" lon="127.742110"></trkpt>
      <trkpt lat="26.275960" lon="127.742250"></trkpt>
      <trkpt lat="26.276110" lon="127.742470"></trkpt>
      <trkpt lat="26.276170" lon="127.742540"></trkpt>
      <trkpt lat="26.276620" lon="127.743220"></trkpt>
      <trkpt lat="26.277140" lon="127.744160"></trkpt>
      <trkpt lat="26.277170" lon="127.744200"></trkpt>
      <trkpt lat="26.278890" lon="127.747270"></trkpt>
      <trkpt lat="26.278930" lon="127.747330"></trkpt>
      <trkpt lat="26.279040" lon="127.747530"></trkpt>
      <trkpt lat="26.279050" lon="127.747540"></trkpt>
      <trkpt lat="26.279240" lon="127.747840"></trkpt>
      <trkpt lat="26.279610" lon="127.748360"></trkpt>
      <trkpt lat="26.281880" lon="127.751380"></trkpt>
      <trkpt lat="26.281930" lon="127.751460"></trkpt>
      <trkpt lat="26.282860" lon="127.752700"></trkpt>
      <trkpt lat="26.283390" lon="127.753360"></trkpt>
      <trkpt lat="26.284010" lon="127.753930"></trkpt>
      <trkpt lat="26.284440" lon="127.754280"></trkpt>
      <trkpt lat="26.284460" lon="127.754290"></trkpt>
      <trkpt lat="26.284550" lon="127.754360"></trkpt>
      <trkpt lat="26.284630" lon="127.754410"></trkpt>
      <trkpt lat="26.285320" lon="127.754940"></trkpt>
      <trkpt lat="26.285460" lon="127.755060"></trkpt>
      <trkpt lat="26.285760" lon="127.755290"></trkpt>
      <trkpt lat="26.286050" lon="127.755460"></trkpt>
      <trkpt lat="26.286210" lon="127.755530"></trkpt>
      <trkpt lat="26.286220" lon="127.755540"></trkpt>
      <trkpt lat="26.286270" lon="127.755570"></trkpt>
      <trkpt lat="26.287130" lon="127.755880"></trkpt>
      <trkpt lat="26.287140" lon="127.755890"></trkpt>
      <trkpt lat="26.287750" lon="127.756170"></trkpt>
      <trkpt lat="26.288180" lon="127.756390"></trkpt>
      <trkpt lat="26.288260" lon="127.756440"></trkpt>
      <trkpt lat="26.289120" lon="127.756880"></trkpt>
      <trkpt lat="26.289410" lon="127.757040"></trkpt>
      <trkpt lat="26.290640" lon="127.757660"></trkpt>
      <trkpt lat="26.290650" lon="127.757660"></trkpt>
      <trkpt lat="26.291120" lon="127.757900"></trkpt>
      <trkpt lat="26.291420" lon="127.758070"></trkpt>
      <trkpt lat="26.291490" lon="127.758120"></trkpt>
      <trkpt lat="26.291740" lon="127.758270"></trkpt>
      <trkpt lat="26.291810" lon="127.758330"></trkpt>
      <trkpt lat="26.291990" lon="127.758460"></trkpt>
      <trkpt lat="26.292050" lon="127.758490"></trkpt>
      <trkpt lat="26.292500" lon="127.758870"></trkpt>
      <trkpt lat="26.292920" lon="127.759200"></trkpt>
      <trkpt lat="26.292940" lon="127.759210"></trkpt>
      <trkpt lat="26.293030" lon="127.759280"></trkpt>
      <trkpt lat="26.293390" lon="127.759500"></trkpt>
      <trkpt lat="26.293880" lon="127.759750"></trkpt>
      <trkpt lat="26.294410" lon="127.759950"></trkpt>
      <trkpt lat="26.294460" lon="127.759960"></trkpt>
      <trkpt lat="26.295540" lon="127.760270"></trkpt>
      <trkpt lat="26.295610" lon="127.760300"></trkpt>
      <trkpt lat="26.296970" lon="127.760740"></trkpt>
      <trkpt lat="26.297080" lon="127.760760"></trkpt>
      <trkpt lat="26.297450" lon="127.760850"></trkpt>
      <trkpt lat="26.297740" lon="127.760890"></trkpt>
      <trkpt lat="26.297900" lon="127.760920"></trkpt>
      <trkpt lat="26.297950" lon="127.760920"></trkpt>
      <trkpt lat="26.298050" lon="127.760940"></trkpt>
      <trkpt lat="26.298230" lon="127.760960"></trkpt>
      <trkpt lat="26.298440" lon="127.760960"></trkpt>
      <trkpt lat="26.299170" lon="127.760990"></trkpt>
      <trkpt lat="26.299250" lon="127.761000"></trkpt>
      <trkpt lat="26.299340" lon="127.761000"></trkpt>
      <trkpt lat="26.299640" lon="127.761030"></trkpt>
      <trkpt lat="26.299920" lon="127.761070"></trkpt>
      <trkpt lat="26.300360" lon="127.761170"></trkpt>
      <trkpt lat="26.300480" lon="127.761210"></trkpt>
      <trkpt lat="26.300710" lon="127.761270"></trkpt>
      <trkpt lat="26.300820" lon="127.761290"></trkpt>
      <trkpt lat="26.303450" lon="127.761970"></trkpt>
      <trkpt lat="26.303830" lon="127.762100"></trkpt>
      <trkpt lat="26.303870" lon="127.762110"></trkpt>
      <trkpt lat="26.304240" lon="127.762250"></trkpt>
      <trkpt lat="26.304600" lon="127.762410"></trkpt>
      <trkpt lat="26.305570" lon="127.762950"></trkpt>
      <trkpt lat="26.305630" lon="127.762990"></trkpt>
      <trkpt lat="26.305660" lon="127.763000"></trkpt>
      <trkpt lat="26.306480" lon="127.763490"></trkpt>
      <trkpt lat="26.306520" lon="127.763510"></trkpt>
      <trkpt lat="26.306530" lon="127.763520"></trkpt>
      <trkpt lat="26.306770" lon="127.763630"></trkpt>
      <trkpt lat="26.307120" lon="127.763760"></trkpt>
      <trkpt lat="26.307340" lon="127.763820"></trkpt>
      <trkpt lat="26.307680" lon="127.763880"></trkpt>
      <trkpt lat="26.307920" lon="127.763910"></trkpt>
      <trkpt lat="26.308180" lon="127.763920"></trkpt>
      <trkpt lat="26.308810" lon="127.763820"></trkpt>
      <trkpt lat="26.308950" lon="127.763790"></trkpt>
      <trkpt lat="26.309270" lon="127.763680"></trkpt>
      <trkpt lat="26.309280" lon="127.763680"></trkpt>
      <trkpt lat="26.309590" lon="127.763540"></trkpt>
      <trkpt lat="26.309890" lon="127.763370"></trkpt>
      <trkpt lat="26.309920" lon="127.763360"></trkpt>
      <trkpt lat="26.310110" lon="127.763260"></trkpt>
      <trkpt lat="26.310140" lon="127.763260"></trkpt>
      <trkpt lat="26.310650" lon="127.763000"></trkpt>
      <trkpt lat="26.310680" lon="127.762990"></trkpt>
      <trkpt lat="26.310790" lon="127.762920"></trkpt>
      <trkpt lat="26.311230" lon="127.762690"></trkpt>
      <trkpt lat="26.311280" lon="127.762670"></trkpt>
      <trkpt lat="26.311530" lon="127.762530"></trkpt>
      <trkpt lat="26.314400" lon="127.761040"></trkpt>
      <trkpt lat="26.314770" lon="127.760870"></trkpt>
      <trkpt lat="26.315000" lon="127.760740"></trkpt>
      <trkpt lat="26.315130" lon="127.760680"></trkpt>
      <trkpt lat="26.315140" lon="127.760670"></trkpt>
      <trkpt lat="26.315790" lon="127.760340"></trkpt>
      <trkpt lat="26.316310" lon="127.760140"></trkpt>
      <trkpt lat="26.316380" lon="127.760120"></trkpt>
      <trkpt lat="26.316400" lon="127.760110"></trkpt>
      <trkpt lat="26.316430" lon="127.760100"></trkpt>
      <trkpt lat="26.316480" lon="127.760090"></trkpt>
      <trkpt lat="26.316510" lon="127.760080"></trkpt>
      <trkpt lat="26.316520" lon="127.760070"></trkpt>
      <trkpt lat="26.316560" lon="127.760070"></trkpt>
      <trkpt lat="26.316570" lon="127.760060"></trkpt>
      <trkpt lat="26.316580" lon="127.760060"></trkpt>
      <trkpt lat="26.316610" lon="127.760050"></trkpt>
      <trkpt lat="26.316630" lon="127.760040"></trkpt>
      <trkpt lat="26.316680" lon="127.760030"></trkpt>
      <trkpt lat="26.316920" lon="127.759960"></trkpt>
      <trkpt lat="26.316930" lon="127.759960"></trkpt>
      <trkpt lat="26.317010" lon="127.759940"></trkpt>
      <trkpt lat="26.317090" lon="127.759930"></trkpt>
      <trkpt lat="26.317120" lon="127.759920"></trkpt>
      <trkpt lat="26.317170" lon="127.759910"></trkpt>
      <trkpt lat="26.317200" lon="127.759900"></trkpt>
      <trkpt lat="26.318650" lon="127.759610"></trkpt>
      <trkpt lat="26.318790" lon="127.759570"></trkpt>
      <trkpt lat="26.318840" lon="127.759560"></trkpt>
      <trkpt lat="26.319600" lon="127.759320"></trkpt>
      <trkpt lat="26.320280" lon="127.759000"></trkpt>
      <trkpt lat="26.320370" lon="127.758950"></trkpt>
      <trkpt lat="26.320500" lon="127.758890"></trkpt>
      <trkpt lat="26.320560" lon="127.758840"></trkpt>
      <trkpt lat="26.320660" lon="127.758790"></trkpt>
      <trkpt lat="26.320890" lon="127.758650"></trkpt>
      <trkpt lat="26.320950" lon="127.758600"></trkpt>
      <trkpt lat="26.321010" lon="127.758570"></trkpt>
      <trkpt lat="26.321350" lon="127.758330"></trkpt>
      <trkpt lat="26.321620" lon="127.758110"></trkpt>
      <trkpt lat="26.321650" lon="127.758090"></trkpt>
      <trkpt lat="26.321720" lon="127.758020"></trkpt>
      <trkpt lat="26.322550" lon="127.757300"></trkpt>
      <trkpt lat="26.322620" lon="127.757230"></trkpt>
      <trkpt lat="26.323680" lon="127.756310"></trkpt>
      <trkpt lat="26.323780" lon="127.756210"></trkpt>
      <trkpt lat="26.323800" lon="127.756200"></trkpt>
      <trkpt lat="26.325140" lon="127.755040"></trkpt>
      <trkpt lat="26.325190" lon="127.754990"></trkpt>
      <trkpt lat="26.325860" lon="127.754410"></trkpt>
      <trkpt lat="26.326060" lon="127.754260"></trkpt>
      <trkpt lat="26.326870" lon="127.753560"></trkpt>
      <trkpt lat="26.327040" lon="127.753370"></trkpt>
      <trkpt lat="26.327240" lon="127.753190"></trkpt>
      <trkpt lat="26.327420" lon="127.753050"></trkpt>
      <trkpt lat="26.328090" lon="127.752470"></trkpt>
      <trkpt lat="26.328240" lon="127.752360"></trkpt>
      <trkpt lat="26.328560" lon="127.752160"></trkpt>
      <trkpt lat="26.328630" lon="127.752130"></trkpt>
      <trkpt lat="26.328700" lon="127.752090"></trkpt>
      <trkpt lat="26.329100" lon="127.751910"></trkpt>
      <trkpt lat="26.329590" lon="127.751760"></trkpt>
      <trkpt lat="26.329730" lon="127.751730"></trkpt>
      <trkpt lat="26.329810" lon="127.751720"></trkpt>
      <trkpt lat="26.329960" lon="127.751690"></trkpt>
      <trkpt lat="26.330120" lon="127.751670"></trkpt>
      <trkpt lat="26.335710" lon="127.751400"></trkpt>
      <trkpt lat="26.335860" lon="127.751400"></trkpt>
      <trkpt lat="26.337150" lon="127.751330"></trkpt>
      <trkpt lat="26.337320" lon="127.751310"></trkpt>
      <trkpt lat="26.337400" lon="127.751290"></trkpt>
      <trkpt lat="26.337730" lon="127.751240"></trkpt>
      <trkpt lat="26.337780" lon="127.751220"></trkpt>
      <trkpt lat="26.338070" lon="127.751160"></trkpt>
      <trkpt lat="26.338350" lon="127.751080"></trkpt>
      <trkpt lat="26.338910" lon="127.750860"></trkpt>
      <trkpt lat="26.341030" lon="127.749760"></trkpt>
      <trkpt lat="26.341040" lon="127.749750"></trkpt>
      <trkpt lat="26.342730" lon="127.748870"></trkpt>
      <trkpt lat="26.342850" lon="127.748800"></trkpt>
      <trkpt lat="26.344400" lon="127.747990"></trkpt>
      <trkpt lat="26.344430" lon="127.747970"></trkpt>
      <trkpt lat="26.345450" lon="127.747440"></trkpt>
      <trkpt lat="26.345800" lon="127.747290"></trkpt>
      <trkpt lat="26.346190" lon="127.747150"></trkpt>
      <trkpt lat="26.346340" lon="127.747110"></trkpt>
      <trkpt lat="26.346520" lon="127.747050"></trkpt>
      <trkpt lat="26.347170" lon="127.746930"></trkpt>
      <trkpt lat="26.347400" lon="127.746900"></trkpt>
      <trkpt lat="26.348210" lon="127.746850"></trkpt>
      <trkpt lat="26.348360" lon="127.746850"></trkpt>
      <trkpt lat="26.348690" lon="127.746830"></trkpt>
      <trkpt lat="26.348760" lon="127.746820"></trkpt>
      <trkpt lat="26.349960" lon="127.746760"></trkpt>
      <trkpt lat="26.350220" lon="127.746720"></trkpt>
      <trkpt lat="26.350510" lon="127.746690"></trkpt>
      <trkpt lat="26.351080" lon="127.746570"></trkpt>
      <trkpt lat="26.351530" lon="127.746440"></trkpt>
      <trkpt lat="26.351680" lon="127.746380"></trkpt>
      <trkpt lat="26.351820" lon="127.746340"></trkpt>
      <trkpt lat="26.352090" lon="127.746230"></trkpt>
      <trkpt lat="26.352560" lon="127.746060"></trkpt>
      <trkpt lat="26.352650" lon="127.746020"></trkpt>
      <trkpt lat="26.352690" lon="127.746010"></trkpt>
      <trkpt lat="26.353470" lon="127.745730"></trkpt>
      <trkpt lat="26.353560" lon="127.745690"></trkpt>
      <trkpt lat="26.353580" lon="127.745690"></trkpt>
      <trkpt lat="26.354050" lon="127.745520"></trkpt>
      <trkpt lat="26.354740" lon="127.745380"></trkpt>
      <trkpt lat="26.355030" lon="127.745360"></trkpt>
      <trkpt lat="26.355540" lon="127.745380"></trkpt>
      <trkpt lat="26.355900" lon="127.745450"></trkpt>
      <trkpt lat="26.356060" lon="127.745490"></trkpt>
      <trkpt lat="26.356310" lon="127.745570"></trkpt>
      <trkpt lat="26.356440" lon="127.745620"></trkpt>
      <trkpt lat="26.356860" lon="127.745820"></trkpt>
      <trkpt lat="26.356870" lon="127.745830"></trkpt>
      <trkpt lat="26.357120" lon="127.745970"></trkpt>
      <trkpt lat="26.357470" lon="127.746220"></trkpt>
      <trkpt lat="26.357640" lon="127.746390"></trkpt>
      <trkpt lat="26.358000" lon="127.746800"></trkpt>
      <trkpt lat="26.358200" lon="127.747060"></trkpt>
      <trkpt lat="26.358400" lon="127.747360"></trkpt>
      <trkpt lat="26.358510" lon="127.747560"></trkpt>
      <trkpt lat="26.358700" lon="127.747990"></trkpt>
      <trkpt lat="26.358760" lon="127.748090"></trkpt>
      <trkpt lat="26.358780" lon="127.748150"></trkpt>
      <trkpt lat="26.358790" lon="127.748170"></trkpt>
      <trkpt lat="26.358850" lon="127.748370"></trkpt>
      <trkpt lat="26.358870" lon="127.748410"></trkpt>
      <trkpt lat="26.358880" lon="127.748440"></trkpt>
      <trkpt lat="26.358880" lon="127.748470"></trkpt>
      <trkpt lat="26.358900" lon="127.748510"></trkpt>
      <trkpt lat="26.358960" lon="127.748760"></trkpt>
      <trkpt lat="26.359030" lon="127.749200"></trkpt>
      <trkpt lat="26.359040" lon="127.749240"></trkpt>
      <trkpt lat="26.359050" lon="127.749320"></trkpt>
      <trkpt lat="26.359050" lon="127.749390"></trkpt>
      <trkpt lat="26.359100" lon="127.750110"></trkpt>
      <trkpt lat="26.359100" lon="127.750170"></trkpt>
      <trkpt lat="26.359110" lon="127.750240"></trkpt>
      <trkpt lat="26.359110" lon="127.750390"></trkpt>
      <trkpt lat="26.359120" lon="127.750440"></trkpt>
      <trkpt lat="26.359120" lon="127.750540"></trkpt>
      <trkpt lat="26.359130" lon="127.750600"></trkpt>
      <trkpt lat="26.359130" lon="127.750650"></trkpt>
      <trkpt lat="26.359140" lon="127.750750"></trkpt>
      <trkpt lat="26.359140" lon="127.750890"></trkpt>
      <trkpt lat="26.359170" lon="127.751270"></trkpt>
      <trkpt lat="26.359170" lon="127.751380"></trkpt>
      <trkpt lat="26.359210" lon="127.751910"></trkpt>
      <trkpt lat="26.359210" lon="127.752040"></trkpt>
      <trkpt lat="26.359260" lon="127.752740"></trkpt>
      <trkpt lat="26.359300" lon="127.752980"></trkpt>
      <trkpt lat="26.359380" lon="127.753320"></trkpt>
      <trkpt lat="26.359440" lon="127.753510"></trkpt>
      <trkpt lat="26.359490" lon="127.753620"></trkpt>
      <trkpt lat="26.359550" lon="127.753730"></trkpt>
      <trkpt lat="26.359580" lon="127.753800"></trkpt>
      <trkpt lat="26.359620" lon="127.753870"></trkpt>
      <trkpt lat="26.359780" lon="127.754100"></trkpt>
      <trkpt lat="26.359820" lon="127.754140"></trkpt>
      <trkpt lat="26.359860" lon="127.754200"></trkpt>
      <trkpt lat="26.360040" lon="127.754390"></trkpt>
      <trkpt lat="26.360090" lon="127.754450"></trkpt>
      <trkpt lat="26.362580" lon="127.756430"></trkpt>
      <trkpt lat="26.362740" lon="127.756530"></trkpt>
      <trkpt lat="26.362910" lon="127.756610"></trkpt>
      <trkpt lat="26.362970" lon="127.756630"></trkpt>
      <trkpt lat="26.363030" lon="127.756640"></trkpt>
      <trkpt lat="26.363100" lon="127.756660"></trkpt>
      <trkpt lat="26.363290" lon="127.756660"></trkpt>
      <trkpt lat="26.363360" lon="127.756650"></trkpt>
      <trkpt lat="26.363490" lon="127.756620"></trkpt>
      <trkpt lat="26.363730" lon="127.756510"></trkpt>
      <trkpt lat="26.363810" lon="127.756450"></trkpt>
      <trkpt lat="26.363920" lon="127.756380"></trkpt>
      <trkpt lat="26.364200" lon="127.756100"></trkpt>
      <trkpt lat="26.364390" lon="127.755930"></trkpt>
      <trkpt lat="26.364650" lon="127.755790"></trkpt>
      <trkpt lat="26.364730" lon="127.755760"></trkpt>
      <trkpt lat="26.364860" lon="127.755740"></trkpt>
      <trkpt lat="26.364920" lon="127.755740"></trkpt>
      <trkpt lat="26.364980" lon="127.755730"></trkpt>
      <trkpt lat="26.365120" lon="127.755720"></trkpt>
      <trkpt lat="26.365190" lon="127.755700"></trkpt>
      <trkpt lat="26.365220" lon="127.755700"></trkpt>
      <trkpt lat="26.365250" lon="127.755690"></trkpt>
      <trkpt lat="26.365640" lon="127.755650"></trkpt>
      <trkpt lat="26.365820" lon="127.755650"></trkpt>
      <trkpt lat="26.365890" lon="127.755640"></trkpt>
      <trkpt lat="26.366270" lon="127.755640"></trkpt>
      <trkpt lat="26.366500" lon="127.755650"></trkpt>
      <trkpt lat="26.366540" lon="127.755660"></trkpt>
      <trkpt lat="26.366630" lon="127.755660"></trkpt>
      <trkpt lat="26.367230" lon="127.755740"></trkpt>
      <trkpt lat="26.367400" lon="127.755750"></trkpt>
      <trkpt lat="26.367630" lon="127.755780"></trkpt>
      <trkpt lat="26.367680" lon="127.755780"></trkpt>
      <trkpt lat="26.367950" lon="127.755820"></trkpt>
      <trkpt lat="26.368000" lon="127.755820"></trkpt>
      <trkpt lat="26.368290" lon="127.755860"></trkpt>
      <trkpt lat="26.368340" lon="127.755860"></trkpt>
      <trkpt lat="26.368370" lon="127.755870"></trkpt>
      <trkpt lat="26.368440" lon="127.755870"></trkpt>
      <trkpt lat="26.368740" lon="127.755900"></trkpt>
      <trkpt lat="26.369250" lon="127.755900"></trkpt>
      <trkpt lat="26.369330" lon="127.755890"></trkpt>
      <trkpt lat="26.370160" lon="127.755890"></trkpt>
      <trkpt lat="26.370250" lon="127.755880"></trkpt>
      <trkpt lat="26.370640" lon="127.755860"></trkpt>
      <trkpt lat="26.370720" lon="127.755870"></trkpt>
      <trkpt lat="26.370780" lon="127.755870"></trkpt>
      <trkpt lat="26.370860" lon="127.755860"></trkpt>
      <trkpt lat="26.370920" lon="127.755860"></trkpt>
      <trkpt lat="26.371520" lon="127.755760"></trkpt>
      <trkpt lat="26.371600" lon="127.755740"></trkpt>
      <trkpt lat="26.371840" lon="127.755700"></trkpt>
      <trkpt lat="26.371900" lon="127.755680"></trkpt>
      <trkpt lat="26.371980" lon="127.755670"></trkpt>
      <trkpt lat="26.372050" lon="127.755650"></trkpt>
      <trkpt lat="26.372080" lon="127.755650"></trkpt>
      <trkpt lat="26.372180" lon="127.755630"></trkpt>
      <trkpt lat="26.372250" lon="127.755610"></trkpt>
      <trkpt lat="26.372280" lon="127.755610"></trkpt>
      <trkpt lat="26.372420" lon="127.755580"></trkpt>
      <trkpt lat="26.372670" lon="127.755540"></trkpt>
      <trkpt lat="26.372800" lon="127.755510"></trkpt>
      <trkpt lat="26.373030" lon="127.755470"></trkpt>
      <trkpt lat="26.373110" lon="127.755450"></trkpt>
      <trkpt lat="26.373450" lon="127.755390"></trkpt>
      <trkpt lat="26.373580" lon="127.755380"></trkpt>
      <trkpt lat="26.373730" lon="127.755350"></trkpt>
      <trkpt lat="26.373770" lon="127.755350"></trkpt>
      <trkpt lat="26.373970" lon="127.755320"></trkpt>
      <trkpt lat="26.374010" lon="127.755320"></trkpt>
      <trkpt lat="26.374110" lon="127.755300"></trkpt>
      <trkpt lat="26.374350" lon="127.755270"></trkpt>
      <trkpt lat="26.374440" lon="127.755250"></trkpt>
      <trkpt lat="26.374530" lon="127.755250"></trkpt>
      <trkpt lat="26.374580" lon="127.755240"></trkpt>
      <trkpt lat="26.374630" lon="127.755240"></trkpt>
      <trkpt lat="26.374770" lon="127.755210"></trkpt>
      <trkpt lat="26.374820" lon="127.755210"></trkpt>
      <trkpt lat="26.374940" lon="127.755190"></trkpt>
      <trkpt lat="26.375010" lon="127.755190"></trkpt>
      <trkpt lat="26.375110" lon="127.755170"></trkpt>
      <trkpt lat="26.375140" lon="127.755160"></trkpt>
      <trkpt lat="26.375200" lon="127.755150"></trkpt>
      <trkpt lat="26.375270" lon="127.755130"></trkpt>
      <trkpt lat="26.375320" lon="127.755130"></trkpt>
      <trkpt lat="26.375360" lon="127.755120"></trkpt>
      <trkpt lat="26.376160" lon="127.755010"></trkpt>
      <trkpt lat="26.376240" lon="127.754990"></trkpt>
      <trkpt lat="26.376280" lon="127.754970"></trkpt>
      <trkpt lat="26.376350" lon="127.754960"></trkpt>
      <trkpt lat="26.376730" lon="127.754840"></trkpt>
      <trkpt lat="26.376800" lon="127.754830"></trkpt>
      <trkpt lat="26.376850" lon="127.754810"></trkpt>
      <trkpt lat="26.376990" lon="127.754780"></trkpt>
      <trkpt lat="26.377310" lon="127.754740"></trkpt>
      <trkpt lat="26.377480" lon="127.754740"></trkpt>
      <trkpt lat="26.377550" lon="127.754750"></trkpt>
      <trkpt lat="26.377640" lon="127.754750"></trkpt>
      <trkpt lat="26.377680" lon="127.754760"></trkpt>
      <trkpt lat="26.377750" lon="127.754760"></trkpt>
      <trkpt lat="26.377880" lon="127.754780"></trkpt>
      <trkpt lat="26.378310" lon="127.754870"></trkpt>
      <trkpt lat="26.378350" lon="127.754890"></trkpt>
      <trkpt lat="26.378450" lon="127.754910"></trkpt>
      <trkpt lat="26.378540" lon="127.754950"></trkpt>
      <trkpt lat="26.378640" lon="127.754980"></trkpt>
      <trkpt lat="26.378750" lon="127.755030"></trkpt>
      <trkpt lat="26.378880" lon="127.755100"></trkpt>
      <trkpt lat="26.378970" lon="127.755160"></trkpt>
      <trkpt lat="26.379390" lon="127.755400"></trkpt>
      <trkpt lat="26.379740" lon="127.755550"></trkpt>
      <trkpt lat="26.380630" lon="127.755860"></trkpt>
      <trkpt lat="26.380700" lon="127.755890"></trkpt>
      <trkpt lat="26.380750" lon="127.755900"></trkpt>
      <trkpt lat="26.380770" lon="127.755910"></trkpt>
      <trkpt lat="26.380780" lon="127.755910"></trkpt>
      <trkpt lat="26.380820" lon="127.755930"></trkpt>
      <trkpt lat="26.380920" lon="127.755950"></trkpt>
      <trkpt lat="26.380990" lon="127.755970"></trkpt>
      <trkpt lat="26.381190" lon="127.756000"></trkpt>
      <trkpt lat="26.381460" lon="127.756000"></trkpt>
      <trkpt lat="26.381550" lon="127.755990"></trkpt>
      <trkpt lat="26.381600" lon="127.755990"></trkpt>
      <trkpt lat="26.381660" lon="127.755980"></trkpt>
      <trkpt lat="26.381900" lon="127.755920"></trkpt>
      <trkpt lat="26.382130" lon="127.755840"></trkpt>
      <trkpt lat="26.382250" lon="127.755810"></trkpt>
      <trkpt lat="26.383580" lon="127.755310"></trkpt>
      <trkpt lat="26.383600" lon="127.755310"></trkpt>
      <trkpt lat="26.383620" lon="127.755300"></trkpt>
      <trkpt lat="26.383850" lon="127.755220"></trkpt>
      <trkpt lat="26.384030" lon="127.755140"></trkpt>
      <trkpt lat="26.384400" lon="127.755010"></trkpt>
      <trkpt lat="26.384420" lon="127.755010"></trkpt>
      <trkpt lat="26.384570" lon="127.754970"></trkpt>
      <trkpt lat="26.385610" lon="127.754740"></trkpt>
      <trkpt lat="26.385640" lon="127.754740"></trkpt>
      <trkpt lat="26.386250" lon="127.754610"></trkpt>
      <trkpt lat="26.386440" lon="127.754580"></trkpt>
      <trkpt lat="26.386490" lon="127.754580"></trkpt>
      <trkpt lat="26.386540" lon="127.754570"></trkpt>
      <trkpt lat="26.386640" lon="127.754570"></trkpt>
      <trkpt lat="26.386710" lon="127.754560"></trkpt>
      <trkpt lat="26.387190" lon="127.754560"></trkpt>
      <trkpt lat="26.387270" lon="127.754570"></trkpt>
      <trkpt lat="26.387320" lon="127.754570"></trkpt>
      <trkpt lat="26.387660" lon="127.754620"></trkpt>
      <trkpt lat="26.387690" lon="127.754620"></trkpt>
      <trkpt lat="26.387740" lon="127.754630"></trkpt>
      <trkpt lat="26.387860" lon="127.754640"></trkpt>
      <trkpt lat="26.388060" lon="127.754670"></trkpt>
      <trkpt lat="26.388170" lon="127.754680"></trkpt>
      <trkpt lat="26.388490" lon="127.754730"></trkpt>
      <trkpt lat="26.388980" lon="127.754770"></trkpt>
      <trkpt lat="26.389400" lon="127.754780"></trkpt>
      <trkpt lat="26.389510" lon="127.754790"></trkpt>
      <trkpt lat="26.389710" lon="127.754790"></trkpt>
      <trkpt lat="26.390070" lon="127.754830"></trkpt>
      <trkpt lat="26.390110" lon="127.754830"></trkpt>
      <trkpt lat="26.390180" lon="127.754840"></trkpt>
      <trkpt lat="26.390310" lon="127.754870"></trkpt>
      <trkpt lat="26.390470" lon="127.754920"></trkpt>
      <trkpt lat="26.390640" lon="127.754960"></trkpt>
      <trkpt lat="26.391220" lon="127.755160"></trkpt>
      <trkpt lat="26.391520" lon="127.755240"></trkpt>
      <trkpt lat="26.391580" lon="127.755250"></trkpt>
      <trkpt lat="26.391780" lon="127.755300"></trkpt>
      <trkpt lat="26.391890" lon="127.755320"></trkpt>
      <trkpt lat="26.391920" lon="127.755320"></trkpt>
      <trkpt lat="26.392430" lon="127.755410"></trkpt>
      <trkpt lat="26.392660" lon="127.755430"></trkpt>
      <trkpt lat="26.392860" lon="127.755460"></trkpt>
      <trkpt lat="26.393020" lon="127.755470"></trkpt>
      <trkpt lat="26.393070" lon="127.755450"></trkpt>
      <trkpt lat="26.393090" lon="127.755450"></trkpt>
      <trkpt lat="26.393120" lon="127.755440"></trkpt>
      <trkpt lat="26.393210" lon="127.755440"></trkpt>
      <trkpt lat="26.393270" lon="127.755410"></trkpt>
      <trkpt lat="26.393290" lon="127.755390"></trkpt>
      <trkpt lat="26.393310" lon="127.755350"></trkpt>
      <trkpt lat="26.393330" lon="127.755290"></trkpt>
      <trkpt lat="26.393330" lon="127.755260"></trkpt>
      <trkpt lat="26.393340" lon="127.755230"></trkpt>
      <trkpt lat="26.393340" lon="127.755200"></trkpt>
      <trkpt lat="26.393350" lon="127.755160"></trkpt>
      <trkpt lat="26.393350" lon="127.755080"></trkpt>
      <trkpt lat="26.393360" lon="127.754960"></trkpt>
      <trkpt lat="26.393380" lon="127.751080"></trkpt>
      <trkpt lat="26.393370" lon="127.750450"></trkpt>
      <trkpt lat="26.393380" lon="127.749320"></trkpt>
      <trkpt lat="26.393370" lon="127.749170"></trkpt>
      <trkpt lat="26.393360" lon="127.748610"></trkpt>
      <trkpt lat="26.393380" lon="127.745900"></trkpt>
      <trkpt lat="26.393390" lon="127.745700"></trkpt>
      <trkpt lat="26.393390" lon="127.745330"></trkpt>
      <trkpt lat="26.393400" lon="127.745150"></trkpt>
      <trkpt lat="26.393400" lon="127.744350"></trkpt>
      <trkpt lat="26.393410" lon="127.744210"></trkpt>
      <trkpt lat="26.393430" lon="127.741020"></trkpt>
      <trkpt lat="26.393420" lon="127.740850"></trkpt>
      <trkpt lat="26.393480" lon="127.739680"></trkpt>
      <trkpt lat="26.393540" lon="127.739170"></trkpt>
      <trkpt lat="26.393660" lon="127.738580"></trkpt>
      <trkpt lat="26.393740" lon="127.738280"></trkpt>
      <trkpt lat="26.393930" lon="127.737730"></trkpt>
      <trkpt lat="26.394230" lon="127.737070"></trkpt>
      <trkpt lat="26.395590" lon="127.734400"></trkpt>
      <trkpt lat="26.395670" lon="127.734220"></trkpt>
      <trkpt lat="26.396540" lon="127.732540"></trkpt>
      <trkpt lat="26.396600" lon="127.732440"></trkpt>
      <trkpt lat="26.396860" lon="127.731940"></trkpt>
      <trkpt lat="26.396960" lon="127.731770"></trkpt>
      <trkpt lat="26.397050" lon="127.731570"></trkpt>
      <trkpt lat="26.397060" lon="127.731540"></trkpt>
      <trkpt lat="26.397380" lon="127.730940"></trkpt>
      <trkpt lat="26.397720" lon="127.730390"></trkpt>
      <trkpt lat="26.397790" lon="127.730310"></trkpt>
      <trkpt lat="26.397960" lon="127.730070"></trkpt>
      <trkpt lat="26.398410" lon="127.729510"></trkpt>
      <trkpt lat="26.398620" lon="127.729300"></trkpt>
      <trkpt lat="26.399080" lon="127.728910"></trkpt>
      <trkpt lat="26.399190" lon="127.728830"></trkpt>
      <trkpt lat="26.399570" lon="127.728590"></trkpt>
      <trkpt lat="26.400250" lon="127.728260"></trkpt>
      <trkpt lat="26.401090" lon="127.727980"></trkpt>
      <trkpt lat="26.401160" lon="127.727970"></trkpt>
      <trkpt lat="26.402300" lon="127.727700"></trkpt>
      <trkpt lat="26.402360" lon="127.727680"></trkpt>
      <trkpt lat="26.402410" lon="127.727670"></trkpt>
      <trkpt lat="26.402970" lon="127.727510"></trkpt>
      <trkpt lat="26.403220" lon="127.727450"></trkpt>
      <trkpt lat="26.403230" lon="127.727450"></trkpt>
      <trkpt lat="26.404710" lon="127.727110"></trkpt>
      <trkpt lat="26.404810" lon="127.727080"></trkpt>
      <trkpt lat="26.404560" lon="127.726490"></trkpt>
      <trkpt lat="26.404580" lon="127.726320"></trkpt>
      <trkpt lat="26.404590" lon="127.726270"></trkpt>
      <trkpt lat="26.404590" lon="127.726020"></trkpt>
      <trkpt lat="26.404560" lon="127.725870"></trkpt>
      <trkpt lat="26.404520" lon="127.724880"></trkpt>
      <trkpt lat="26.404520" lon="127.724660"></trkpt>
      <trkpt lat="26.404530" lon="127.724630"></trkpt>
      <trkpt lat="26.404530" lon="127.724550"></trkpt>
      <trkpt lat="26.404550" lon="127.724340"></trkpt>
      <trkpt lat="26.404500" lon="127.723200"></trkpt>
      <trkpt lat="26.404490" lon="127.722350"></trkpt>
      <trkpt lat="26.404520" lon="127.721600"></trkpt>
      <trkpt lat="26.404480" lon="127.720000"></trkpt>
      <trkpt lat="26.406600" lon="127.719960"></trkpt>
      <trkpt lat="26.406750" lon="127.719970"></trkpt>
      <trkpt lat="26.407290" lon="127.719980"></trkpt>
      <trkpt lat="26.407460" lon="127.719970"></trkpt>
      <trkpt lat="26.407580" lon="127.719970"></trkpt>
      <trkpt lat="26.408100" lon="127.719930"></trkpt>
      <trkpt lat="26.409850" lon="127.719910"></trkpt>
      <trkpt lat="26.410370" lon="127.719890"></trkpt>
      <trkpt lat="26.413280" lon="127.719850"></trkpt>
      <trkpt lat="26.413400" lon="127.719840"></trkpt>
      <trkpt lat="26.419180" lon="127.719770"></trkpt>
      <trkpt lat="26.419850" lon="127.719740"></trkpt>
      <trkpt lat="26.420050" lon="127.719740"></trkpt>
      <trkpt lat="26.420450" lon="127.719710"></trkpt>
      <trkpt lat="26.420570" lon="127.719680"></trkpt>
      <trkpt lat="26.420950" lon="127.719530"></trkpt>
      <trkpt lat="26.425190" lon="127.717440"></trkpt>
      <trkpt lat="26.425360" lon="127.717390"></trkpt>
      <trkpt lat="26.425550" lon="127.717350"></trkpt>
      <trkpt lat="26.425700" lon="127.717340"></trkpt>
      <trkpt lat="26.425820" lon="127.717340"></trkpt>
      <trkpt lat="26.425950" lon="127.717350"></trkpt>
      <trkpt lat="26.426200" lon="127.717390"></trkpt>
      <trkpt lat="26.426310" lon="127.717420"></trkpt>
      <trkpt lat="26.426570" lon="127.717540"></trkpt>
      <trkpt lat="26.428990" lon="127.718460"></trkpt>
      <trkpt lat="26.429510" lon="127.718700"></trkpt>
      <trkpt lat="26.429720" lon="127.718770"></trkpt>
      <trkpt lat="26.429960" lon="127.718810"></trkpt>
      <trkpt lat="26.430040" lon="127.718830"></trkpt>
      <trkpt lat="26.430140" lon="127.718830"></trkpt>
      <trkpt lat="26.430200" lon="127.718820"></trkpt>
      <trkpt lat="26.430390" lon="127.718730"></trkpt>
      <trkpt lat="26.430450" lon="127.718710"></trkpt>
      <trkpt lat="26.430550" lon="127.718690"></trkpt>
      <trkpt lat="26.430660" lon="127.718690"></trkpt>
      <trkpt lat="26.430760" lon="127.718720"></trkpt>
      <trkpt lat="26.430960" lon="127.718800"></trkpt>
      <trkpt lat="26.431030" lon="127.718840"></trkpt>
      <trkpt lat="26.432200" lon="127.719330"></trkpt>
      <trkpt lat="26.432310" lon="127.719360"></trkpt>
      <trkpt lat="26.432330" lon="127.719370"></trkpt>
      <trkpt lat="26.432420" lon="127.719400"></trkpt>
      <trkpt lat="26.432740" lon="127.719430"></trkpt>
      <trkpt lat="26.432840" lon="127.719430"></trkpt>
      <trkpt lat="26.433080" lon="127.719450"></trkpt>
      <trkpt lat="26.433250" lon="127.719450"></trkpt>
      <trkpt lat="26.433250" lon="127.719370"></trkpt>
      <trkpt lat="26.433260" lon="127.719300"></trkpt>
      <trkpt lat="26.433260" lon="127.718840"></trkpt>
      <trkpt lat="26.433270" lon="127.718700"></trkpt>
      <trkpt lat="26.433270" lon="127.718560"></trkpt>
      <trkpt lat="26.433290" lon="127.718430"></trkpt>
      <trkpt lat="26.433330" lon="127.718290"></trkpt>
      <trkpt lat="26.433450" lon="127.718110"></trkpt>
      <trkpt lat="26.433510" lon="127.718050"></trkpt>
      <trkpt lat="26.433620" lon="127.717960"></trkpt>
      <trkpt lat="26.433760" lon="127.717880"></trkpt>
      <trkpt lat="26.433770" lon="127.717870"></trkpt>
      <trkpt lat="26.434020" lon="127.717710"></trkpt>
      <trkpt lat="26.434120" lon="127.717620"></trkpt>
      <trkpt lat="26.434230" lon="127.717500"></trkpt>
      <trkpt lat="26.434320" lon="127.717380"></trkpt>
      <trkpt lat="26.434430" lon="127.717200"></trkpt>
      <trkpt lat="26.434440" lon="127.717170"></trkpt>
      <trkpt lat="26.434450" lon="127.717150"></trkpt>
      <trkpt lat="26.434460" lon="127.717120"></trkpt>
      <trkpt lat="26.434480" lon="127.717080"></trkpt>
      <trkpt lat="26.434710" lon="127.716740"></trkpt>
      <trkpt lat="26.434790" lon="127.716640"></trkpt>
      <trkpt lat="26.434880" lon="127.716560"></trkpt>
      <trkpt lat="26.435010" lon="127.716490"></trkpt>
      <trkpt lat="26.435160" lon="127.716450"></trkpt>
      <trkpt lat="26.435270" lon="127.716440"></trkpt>
      <trkpt lat="26.435740" lon="127.716440"></trkpt>
      <trkpt lat="26.435940" lon="127.716430"></trkpt>
      <trkpt lat="26.436140" lon="127.716400"></trkpt>
      <trkpt lat="26.436320" lon="127.716330"></trkpt>
      <trkpt lat="26.436470" lon="127.716240"></trkpt>
      <trkpt lat="26.436590" lon="127.716140"></trkpt>
      <trkpt lat="26.437380" lon="127.715330"></trkpt>
      <trkpt lat="26.437440" lon="127.715280"></trkpt>
      <trkpt lat="26.438890" lon="127.713780"></trkpt>
      <trkpt lat="26.438930" lon="127.713730"></trkpt>
      <trkpt lat="26.438980" lon="127.713690"></trkpt>
      <trkpt lat="26.439040" lon="127.713650"></trkpt>
      <trkpt lat="26.439120" lon="127.713610"></trkpt>
      <trkpt lat="26.439150" lon="127.713590"></trkpt>
      <trkpt lat="26.439230" lon="127.713570"></trkpt>
      <trkpt lat="26.439370" lon="127.713570"></trkpt>
      <trkpt lat="26.439470" lon="127.713590"></trkpt>
      <trkpt lat="26.439550" lon="127.713620"></trkpt>
      <trkpt lat="26.439740" lon="127.713720"></trkpt>
      <trkpt lat="26.439750" lon="127.713740"></trkpt>
      <trkpt lat="26.439760" lon="127.713750"></trkpt>
      <trkpt lat="26.439760" lon="127.713780"></trkpt>
      <trkpt lat="26.439760" lon="127.713750"></trkpt>
      <trkpt lat="26.439750" lon="127.713740"></trkpt>
      <trkpt lat="26.439740" lon="127.713720"></trkpt>
      <trkpt lat="26.439550" lon="127.713620"></trkpt>
      <trkpt lat="26.439470" lon="127.713590"></trkpt>
      <trkpt lat="26.439370" lon="127.713570"></trkpt>
      <trkpt lat="26.439230" lon="127.713570"></trkpt>
      <trkpt lat="26.439150" lon="127.713590"></trkpt>
      <trkpt lat="26.439120" lon="127.713610"></trkpt>
      <trkpt lat="26.439040" lon="127.713650"></trkpt>
      <trkpt lat="26.438980" lon="127.713690"></trkpt>
      <trkpt lat="26.438930" lon="127.713730"></trkpt>
      <trkpt lat="26.438890" lon="127.713780"></trkpt>
      <trkpt lat="26.437440" lon="127.715280"></trkpt>
      <trkpt lat="26.437400" lon="127.715350"></trkpt>
      <trkpt lat="26.436520" lon="127.716250"></trkpt>
      <trkpt lat="26.436340" lon="127.716360"></trkpt>
      <trkpt lat="26.436210" lon="127.716420"></trkpt>
      <trkpt lat="26.436140" lon="127.716430"></trkpt>
      <trkpt lat="26.436010" lon="127.716460"></trkpt>
      <trkpt lat="26.435170" lon="127.716490"></trkpt>
      <trkpt lat="26.435110" lon="127.716500"></trkpt>
      <trkpt lat="26.434970" lon="127.716550"></trkpt>
      <trkpt lat="26.434930" lon="127.716580"></trkpt>
      <trkpt lat="26.434880" lon="127.716610"></trkpt>
      <trkpt lat="26.434820" lon="127.716660"></trkpt>
      <trkpt lat="26.434750" lon="127.716740"></trkpt>
      <trkpt lat="26.434740" lon="127.716760"></trkpt>
      <trkpt lat="26.434660" lon="127.716870"></trkpt>
      <trkpt lat="26.434480" lon="127.717150"></trkpt>
      <trkpt lat="26.434470" lon="127.717170"></trkpt>
      <trkpt lat="26.434450" lon="127.717190"></trkpt>
      <trkpt lat="26.434430" lon="127.717200"></trkpt>
      <trkpt lat="26.434320" lon="127.717380"></trkpt>
      <trkpt lat="26.434230" lon="127.717500"></trkpt>
      <trkpt lat="26.434120" lon="127.717620"></trkpt>
      <trkpt lat="26.434020" lon="127.717710"></trkpt>
      <trkpt lat="26.433770" lon="127.717870"></trkpt>
      <trkpt lat="26.433760" lon="127.717880"></trkpt>
      <trkpt lat="26.433620" lon="127.717960"></trkpt>
      <trkpt lat="26.433510" lon="127.718050"></trkpt>
      <trkpt lat="26.433450" lon="127.718110"></trkpt>
      <trkpt lat="26.433330" lon="127.718290"></trkpt>
      <trkpt lat="26.433290" lon="127.718430"></trkpt>
      <trkpt lat="26.433270" lon="127.718560"></trkpt>
      <trkpt lat="26.433270" lon="127.718700"></trkpt>
      <trkpt lat="26.433260" lon="127.718840"></trkpt>
      <trkpt lat="26.433260" lon="127.719300"></trkpt>
      <trkpt lat="26.433250" lon="127.719370"></trkpt>
      <trkpt lat="26.433250" lon="127.719450"></trkpt>
      <trkpt lat="26.433240" lon="127.719570"></trkpt>
      <trkpt lat="26.433250" lon="127.720690"></trkpt>
      <trkpt lat="26.433290" lon="127.721060"></trkpt>
      <trkpt lat="26.433370" lon="127.721420"></trkpt>
      <trkpt lat="26.433420" lon="127.721590"></trkpt>
      <trkpt lat="26.433600" lon="127.722070"></trkpt>
      <trkpt lat="26.433610" lon="127.722110"></trkpt>
      <trkpt lat="26.434030" lon="127.723290"></trkpt>
      <trkpt lat="26.434050" lon="127.723390"></trkpt>
      <trkpt lat="26.434050" lon="127.723430"></trkpt>
      <trkpt lat="26.434060" lon="127.723510"></trkpt>
      <trkpt lat="26.434060" lon="127.723710"></trkpt>
      <trkpt lat="26.434000" lon="127.723960"></trkpt>
      <trkpt lat="26.433900" lon="127.724280"></trkpt>
      <trkpt lat="26.433820" lon="127.724480"></trkpt>
      <trkpt lat="26.433400" lon="127.725160"></trkpt>
      <trkpt lat="26.433220" lon="127.725500"></trkpt>
      <trkpt lat="26.433120" lon="127.725730"></trkpt>
      <trkpt lat="26.432970" lon="127.726170"></trkpt>
      <trkpt lat="26.432870" lon="127.726420"></trkpt>
      <trkpt lat="26.432810" lon="127.726530"></trkpt>
      <trkpt lat="26.432780" lon="127.726570"></trkpt>
      <trkpt lat="26.432780" lon="127.726580"></trkpt>
      <trkpt lat="26.432460" lon="127.726990"></trkpt>
      <trkpt lat="26.432030" lon="127.727470"></trkpt>
      <trkpt lat="26.431660" lon="127.727810"></trkpt>
      <trkpt lat="26.431230" lon="127.728150"></trkpt>
      <trkpt lat="26.430760" lon="127.728460"></trkpt>
      <trkpt lat="26.430140" lon="127.728810"></trkpt>
      <trkpt lat="26.429750" lon="127.728990"></trkpt>
      <trkpt lat="26.429050" lon="127.729240"></trkpt>
      <trkpt lat="26.428790" lon="127.729320"></trkpt>
      <trkpt lat="26.424390" lon="127.730310"></trkpt>
      <trkpt lat="26.424330" lon="127.730370"></trkpt>
      <trkpt lat="26.424310" lon="127.730400"></trkpt>
      <trkpt lat="26.424270" lon="127.730530"></trkpt>
      <trkpt lat="26.424310" lon="127.730550"></trkpt>
      <trkpt lat="26.424390" lon="127.730600"></trkpt>
      <trkpt lat="26.424420" lon="127.730630"></trkpt>
      <trkpt lat="26.424450" lon="127.730650"></trkpt>
      <trkpt lat="26.424480" lon="127.730680"></trkpt>
      <trkpt lat="26.424530" lon="127.730750"></trkpt>
      <trkpt lat="26.424560" lon="127.730810"></trkpt>
      <trkpt lat="26.424570" lon="127.730810"></trkpt>
      <trkpt lat="26.424610" lon="127.730930"></trkpt>
      <trkpt lat="26.424620" lon="127.730980"></trkpt>
      <trkpt lat="26.424630" lon="127.731010"></trkpt>
      <trkpt lat="26.424630" lon="127.731050"></trkpt>
      <trkpt lat="26.424640" lon="127.731080"></trkpt>
      <trkpt lat="26.424630" lon="127.731120"></trkpt>
      <trkpt lat="26.424630" lon="127.731200"></trkpt>
      <trkpt lat="26.424620" lon="127.731240"></trkpt>
      <trkpt lat="26.424580" lon="127.731340"></trkpt>
      <trkpt lat="26.424580" lon="127.731370"></trkpt>
      <trkpt lat="26.424340" lon="127.731880"></trkpt>
      <trkpt lat="26.424330" lon="127.731890"></trkpt>
      <trkpt lat="26.424060" lon="127.732360"></trkpt>
      <trkpt lat="26.423730" lon="127.732860"></trkpt>
      <trkpt lat="26.423670" lon="127.732970"></trkpt>
      <trkpt lat="26.423640" lon="127.733010"></trkpt>
      <trkpt lat="26.423610" lon="127.733100"></trkpt>
      <trkpt lat="26.423600" lon="127.733160"></trkpt>
      <trkpt lat="26.423580" lon="127.733210"></trkpt>
      <trkpt lat="26.423580" lon="127.733250"></trkpt>
      <trkpt lat="26.423570" lon="127.733310"></trkpt>
      <trkpt lat="26.423570" lon="127.733340"></trkpt>
      <trkpt lat="26.423560" lon="127.733370"></trkpt>
      <trkpt lat="26.423560" lon="127.733420"></trkpt>
      <trkpt lat="26.423550" lon="127.733490"></trkpt>
      <trkpt lat="26.423540" lon="127.733530"></trkpt>
      <trkpt lat="26.423540" lon="127.733570"></trkpt>
      <trkpt lat="26.423510" lon="127.733670"></trkpt>
      <trkpt lat="26.423510" lon="127.733680"></trkpt>
      <trkpt lat="26.423500" lon="127.733700"></trkpt>
      <trkpt lat="26.423490" lon="127.733740"></trkpt>
      <trkpt lat="26.423430" lon="127.733830"></trkpt>
      <trkpt lat="26.423400" lon="127.733860"></trkpt>
      <trkpt lat="26.423380" lon="127.733890"></trkpt>
      <trkpt lat="26.423350" lon="127.733920"></trkpt>
      <trkpt lat="26.423330" lon="127.733930"></trkpt>
      <trkpt lat="26.423290" lon="127.733970"></trkpt>
      <trkpt lat="26.422930" lon="127.734270"></trkpt>
      <trkpt lat="26.422900" lon="127.734300"></trkpt>
      <trkpt lat="26.422850" lon="127.734340"></trkpt>
      <trkpt lat="26.422790" lon="127.734400"></trkpt>
      <trkpt lat="26.422760" lon="127.734450"></trkpt>
      <trkpt lat="26.422730" lon="127.734480"></trkpt>
      <trkpt lat="26.422660" lon="127.734590"></trkpt>
      <trkpt lat="26.422620" lon="127.734680"></trkpt>
      <trkpt lat="26.422600" lon="127.734760"></trkpt>
      <trkpt lat="26.422590" lon="127.734780"></trkpt>
      <trkpt lat="26.422520" lon="127.735110"></trkpt>
      <trkpt lat="26.422350" lon="127.736140"></trkpt>
      <trkpt lat="26.422330" lon="127.736220"></trkpt>
      <trkpt lat="26.422330" lon="127.736240"></trkpt>
      <trkpt lat="26.422180" lon="127.737480"></trkpt>
      <trkpt lat="26.422180" lon="127.737640"></trkpt>
      <trkpt lat="26.422170" lon="127.737720"></trkpt>
      <trkpt lat="26.422170" lon="127.738900"></trkpt>
      <trkpt lat="26.422180" lon="127.738970"></trkpt>
      <trkpt lat="26.422180" lon="127.739020"></trkpt>
      <trkpt lat="26.422190" lon="127.739070"></trkpt>
      <trkpt lat="26.422190" lon="127.739130"></trkpt>
      <trkpt lat="26.422370" lon="127.740350"></trkpt>
      <trkpt lat="26.422370" lon="127.740400"></trkpt>
      <trkpt lat="26.422380" lon="127.740440"></trkpt>
      <trkpt lat="26.422380" lon="127.740770"></trkpt>
      <trkpt lat="26.422370" lon="127.740820"></trkpt>
      <trkpt lat="26.422370" lon="127.740880"></trkpt>
      <trkpt lat="26.422200" lon="127.741980"></trkpt>
      <trkpt lat="26.422140" lon="127.742300"></trkpt>
      <trkpt lat="26.422140" lon="127.742360"></trkpt>
      <trkpt lat="26.422120" lon="127.742480"></trkpt>
      <trkpt lat="26.422120" lon="127.742660"></trkpt>
      <trkpt lat="26.422130" lon="127.742700"></trkpt>
      <trkpt lat="26.422130" lon="127.742730"></trkpt>
      <trkpt lat="26.422150" lon="127.742800"></trkpt>
      <trkpt lat="26.422150" lon="127.742830"></trkpt>
      <trkpt lat="26.422170" lon="127.742860"></trkpt>
      <trkpt lat="26.422180" lon="127.742900"></trkpt>
      <trkpt lat="26.422180" lon="127.742910"></trkpt>
      <trkpt lat="26.422210" lon="127.743010"></trkpt>
      <trkpt lat="26.422270" lon="127.743170"></trkpt>
      <trkpt lat="26.422280" lon="127.743210"></trkpt>
      <trkpt lat="26.422350" lon="127.743390"></trkpt>
      <trkpt lat="26.422400" lon="127.743550"></trkpt>
      <trkpt lat="26.422450" lon="127.743680"></trkpt>
      <trkpt lat="26.422470" lon="127.743760"></trkpt>
      <trkpt lat="26.422490" lon="127.743800"></trkpt>
      <trkpt lat="26.422520" lon="127.743900"></trkpt>
      <trkpt lat="26.422540" lon="127.743940"></trkpt>
      <trkpt lat="26.422560" lon="127.744000"></trkpt>
      <trkpt lat="26.422660" lon="127.744180"></trkpt>
      <trkpt lat="26.422750" lon="127.744320"></trkpt>
      <trkpt lat="26.423000" lon="127.744610"></trkpt>
      <trkpt lat="26.423560" lon="127.745210"></trkpt>
      <trkpt lat="26.423620" lon="127.745290"></trkpt>
      <trkpt lat="26.423640" lon="127.745300"></trkpt>
      <trkpt lat="26.423680" lon="127.745360"></trkpt>
      <trkpt lat="26.424120" lon="127.745830"></trkpt>
      <trkpt lat="26.424150" lon="127.745880"></trkpt>
      <trkpt lat="26.424170" lon="127.745900"></trkpt>
      <trkpt lat="26.424190" lon="127.745930"></trkpt>
      <trkpt lat="26.424210" lon="127.745950"></trkpt>
      <trkpt lat="26.424210" lon="127.745970"></trkpt>
      <trkpt lat="26.424250" lon="127.746020"></trkpt>
      <trkpt lat="26.424260" lon="127.746060"></trkpt>
      <trkpt lat="26.424280" lon="127.746080"></trkpt>
      <trkpt lat="26.424290" lon="127.746120"></trkpt>
      <trkpt lat="26.424360" lon="127.746290"></trkpt>
      <trkpt lat="26.424370" lon="127.746330"></trkpt>
      <trkpt lat="26.424410" lon="127.746430"></trkpt>
      <trkpt lat="26.424420" lon="127.746480"></trkpt>
      <trkpt lat="26.424490" lon="127.746630"></trkpt>
      <trkpt lat="26.424510" lon="127.746650"></trkpt>
      <trkpt lat="26.424520" lon="127.746690"></trkpt>
      <trkpt lat="26.424550" lon="127.746720"></trkpt>
      <trkpt lat="26.426150" lon="127.749330"></trkpt>
      <trkpt lat="26.426190" lon="127.749420"></trkpt>
      <trkpt lat="26.426200" lon="127.749430"></trkpt>
      <trkpt lat="26.426220" lon="127.749490"></trkpt>
      <trkpt lat="26.426280" lon="127.749630"></trkpt>
      <trkpt lat="26.426310" lon="127.749720"></trkpt>
      <trkpt lat="26.426330" lon="127.749800"></trkpt>
      <trkpt lat="26.426340" lon="127.749820"></trkpt>
      <trkpt lat="26.426350" lon="127.749870"></trkpt>
      <trkpt lat="26.426410" lon="127.750020"></trkpt>
      <trkpt lat="26.426420" lon="127.750070"></trkpt>
      <trkpt lat="26.426450" lon="127.750110"></trkpt>
      <trkpt lat="26.426480" lon="127.750190"></trkpt>
      <trkpt lat="26.426690" lon="127.750570"></trkpt>
      <trkpt lat="26.426690" lon="127.750580"></trkpt>
      <trkpt lat="26.426810" lon="127.750790"></trkpt>
      <trkpt lat="26.426880" lon="127.750930"></trkpt>
      <trkpt lat="26.426960" lon="127.751060"></trkpt>
      <trkpt lat="26.426990" lon="127.751130"></trkpt>
      <trkpt lat="26.427060" lon="127.751240"></trkpt>
      <trkpt lat="26.427090" lon="127.751300"></trkpt>
      <trkpt lat="26.427160" lon="127.751400"></trkpt>
      <trkpt lat="26.427190" lon="127.751430"></trkpt>
      <trkpt lat="26.427660" lon="127.751980"></trkpt>
      <trkpt lat="26.427660" lon="127.751990"></trkpt>
      <trkpt lat="26.427690" lon="127.752020"></trkpt>
      <trkpt lat="26.427850" lon="127.752220"></trkpt>
      <trkpt lat="26.427890" lon="127.752260"></trkpt>
      <trkpt lat="26.428320" lon="127.752870"></trkpt>
      <trkpt lat="26.428470" lon="127.753110"></trkpt>
      <trkpt lat="26.428520" lon="127.753170"></trkpt>
      <trkpt lat="26.428650" lon="127.753370"></trkpt>
      <trkpt lat="26.428690" lon="127.753420"></trkpt>
      <trkpt lat="26.428720" lon="127.753450"></trkpt>
      <trkpt lat="26.428760" lon="127.753500"></trkpt>
      <trkpt lat="26.428790" lon="127.753530"></trkpt>
      <trkpt lat="26.428820" lon="127.753550"></trkpt>
      <trkpt lat="26.428840" lon="127.753570"></trkpt>
      <trkpt lat="26.428940" lon="127.753630"></trkpt>
      <trkpt lat="26.428960" lon="127.753650"></trkpt>
      <trkpt lat="26.429020" lon="127.753680"></trkpt>
      <trkpt lat="26.429200" lon="127.753750"></trkpt>
      <trkpt lat="26.429210" lon="127.753750"></trkpt>
      <trkpt lat="26.429280" lon="127.753770"></trkpt>
      <trkpt lat="26.429670" lon="127.753930"></trkpt>
      <trkpt lat="26.430430" lon="127.754340"></trkpt>
      <trkpt lat="26.430500" lon="127.754370"></trkpt>
      <trkpt lat="26.430580" lon="127.754420"></trkpt>
      <trkpt lat="26.430630" lon="127.754470"></trkpt>
      <trkpt lat="26.430660" lon="127.754490"></trkpt>
      <trkpt lat="26.430680" lon="127.754510"></trkpt>
      <trkpt lat="26.430710" lon="127.754530"></trkpt>
      <trkpt lat="26.430730" lon="127.754560"></trkpt>
      <trkpt lat="26.430780" lon="127.754610"></trkpt>
      <trkpt lat="26.430800" lon="127.754650"></trkpt>
      <trkpt lat="26.430830" lon="127.754680"></trkpt>
      <trkpt lat="26.430900" lon="127.754820"></trkpt>
      <trkpt lat="26.430950" lon="127.754890"></trkpt>
      <trkpt lat="26.431020" lon="127.755040"></trkpt>
      <trkpt lat="26.431030" lon="127.755070"></trkpt>
      <trkpt lat="26.431050" lon="127.755100"></trkpt>
      <trkpt lat="26.431070" lon="127.755140"></trkpt>
      <trkpt lat="26.431090" lon="127.755210"></trkpt>
      <trkpt lat="26.431110" lon="127.755250"></trkpt>
      <trkpt lat="26.431150" lon="127.755410"></trkpt>
      <trkpt lat="26.431170" lon="127.755460"></trkpt>
      <trkpt lat="26.431200" lon="127.755610"></trkpt>
      <trkpt lat="26.431220" lon="127.755760"></trkpt>
      <trkpt lat="26.431220" lon="127.755830"></trkpt>
      <trkpt lat="26.431230" lon="127.755870"></trkpt>
      <trkpt lat="26.431230" lon="127.755910"></trkpt>
      <trkpt lat="26.431240" lon="127.755920"></trkpt>
      <trkpt lat="26.431240" lon="127.755970"></trkpt>
      <trkpt lat="26.431250" lon="127.756020"></trkpt>
      <trkpt lat="26.431270" lon="127.756080"></trkpt>
      <trkpt lat="26.431290" lon="127.756210"></trkpt>
      <trkpt lat="26.431480" lon="127.756820"></trkpt>
      <trkpt lat="26.431480" lon="127.756830"></trkpt>
      <trkpt lat="26.431490" lon="127.756880"></trkpt>
      <trkpt lat="26.431510" lon="127.756920"></trkpt>
      <trkpt lat="26.431530" lon="127.757010"></trkpt>
      <trkpt lat="26.431530" lon="127.757050"></trkpt>
      <trkpt lat="26.431540" lon="127.757090"></trkpt>
      <trkpt lat="26.431540" lon="127.757130"></trkpt>
      <trkpt lat="26.431550" lon="127.757180"></trkpt>
      <trkpt lat="26.431550" lon="127.757390"></trkpt>
      <trkpt lat="26.431540" lon="127.757440"></trkpt>
      <trkpt lat="26.431540" lon="127.757540"></trkpt>
      <trkpt lat="26.431530" lon="127.757580"></trkpt>
      <trkpt lat="26.431530" lon="127.757670"></trkpt>
      <trkpt lat="26.431520" lon="127.757710"></trkpt>
      <trkpt lat="26.431520" lon="127.757820"></trkpt>
      <trkpt lat="26.431530" lon="127.757860"></trkpt>
      <trkpt lat="26.431530" lon="127.757970"></trkpt>
      <trkpt lat="26.431540" lon="127.758010"></trkpt>
      <trkpt lat="26.431540" lon="127.758030"></trkpt>
      <trkpt lat="26.431550" lon="127.758060"></trkpt>
      <trkpt lat="26.431550" lon="127.758090"></trkpt>
      <trkpt lat="26.431570" lon="127.758160"></trkpt>
      <trkpt lat="26.431570" lon="127.758180"></trkpt>
      <trkpt lat="26.431590" lon="127.758220"></trkpt>
      <trkpt lat="26.431600" lon="127.758270"></trkpt>
      <trkpt lat="26.431660" lon="127.758440"></trkpt>
      <trkpt lat="26.431670" lon="127.758480"></trkpt>
      <trkpt lat="26.431710" lon="127.758560"></trkpt>
      <trkpt lat="26.431720" lon="127.758600"></trkpt>
      <trkpt lat="26.431760" lon="127.758680"></trkpt>
      <trkpt lat="26.431810" lon="127.758760"></trkpt>
      <trkpt lat="26.431830" lon="127.758800"></trkpt>
      <trkpt lat="26.431840" lon="127.758830"></trkpt>
      <trkpt lat="26.431860" lon="127.758850"></trkpt>
      <trkpt lat="26.431880" lon="127.758890"></trkpt>
      <trkpt lat="26.432070" lon="127.759180"></trkpt>
      <trkpt lat="26.432070" lon="127.759190"></trkpt>
      <trkpt lat="26.432210" lon="127.759380"></trkpt>
      <trkpt lat="26.432380" lon="127.759550"></trkpt>
      <trkpt lat="26.432510" lon="127.759640"></trkpt>
      <trkpt lat="26.432550" lon="127.759660"></trkpt>
      <trkpt lat="26.432580" lon="127.759690"></trkpt>
      <trkpt lat="26.432790" lon="127.759780"></trkpt>
      <trkpt lat="26.433110" lon="127.759880"></trkpt>
      <trkpt lat="26.433160" lon="127.759900"></trkpt>
      <trkpt lat="26.433360" lon="127.759960"></trkpt>
      <trkpt lat="26.433530" lon="127.760040"></trkpt>
      <trkpt lat="26.433630" lon="127.760110"></trkpt>
      <trkpt lat="26.433660" lon="127.760140"></trkpt>
      <trkpt lat="26.433700" lon="127.760160"></trkpt>
      <trkpt lat="26.433790" lon="127.760250"></trkpt>
      <trkpt lat="26.433820" lon="127.760290"></trkpt>
      <trkpt lat="26.433850" lon="127.760320"></trkpt>
      <trkpt lat="26.433880" lon="127.760360"></trkpt>
      <trkpt lat="26.433910" lon="127.760390"></trkpt>
      <trkpt lat="26.433930" lon="127.760430"></trkpt>
      <trkpt lat="26.434010" lon="127.760560"></trkpt>
      <trkpt lat="26.434100" lon="127.760770"></trkpt>
      <trkpt lat="26.434150" lon="127.760860"></trkpt>
      <trkpt lat="26.434170" lon="127.760910"></trkpt>
      <trkpt lat="26.434200" lon="127.760950"></trkpt>
      <trkpt lat="26.434220" lon="127.760990"></trkpt>
      <trkpt lat="26.434230" lon="127.761020"></trkpt>
      <trkpt lat="26.434240" lon="127.761030"></trkpt>
      <trkpt lat="26.434290" lon="127.761110"></trkpt>
      <trkpt lat="26.434350" lon="127.761190"></trkpt>
      <trkpt lat="26.434370" lon="127.761230"></trkpt>
      <trkpt lat="26.434460" lon="127.761350"></trkpt>
      <trkpt lat="26.434600" lon="127.761490"></trkpt>
      <trkpt lat="26.434640" lon="127.761520"></trkpt>
      <trkpt lat="26.434670" lon="127.761550"></trkpt>
      <trkpt lat="26.434770" lon="127.761620"></trkpt>
      <trkpt lat="26.434790" lon="127.761630"></trkpt>
      <trkpt lat="26.434820" lon="127.761640"></trkpt>
      <trkpt lat="26.434900" lon="127.761680"></trkpt>
      <trkpt lat="26.435260" lon="127.761830"></trkpt>
      <trkpt lat="26.435400" lon="127.761920"></trkpt>
      <trkpt lat="26.435430" lon="127.761950"></trkpt>
      <trkpt lat="26.435460" lon="127.761970"></trkpt>
      <trkpt lat="26.435580" lon="127.762090"></trkpt>
      <trkpt lat="26.435620" lon="127.762150"></trkpt>
      <trkpt lat="26.435650" lon="127.762180"></trkpt>
      <trkpt lat="26.435670" lon="127.762210"></trkpt>
      <trkpt lat="26.436500" lon="127.763710"></trkpt>
      <trkpt lat="26.436550" lon="127.763790"></trkpt>
      <trkpt lat="26.436640" lon="127.763960"></trkpt>
      <trkpt lat="26.436650" lon="127.763970"></trkpt>
      <trkpt lat="26.436980" lon="127.764530"></trkpt>
      <trkpt lat="26.436990" lon="127.764540"></trkpt>
      <trkpt lat="26.437110" lon="127.764770"></trkpt>
      <trkpt lat="26.437140" lon="127.764840"></trkpt>
      <trkpt lat="26.437160" lon="127.764900"></trkpt>
      <trkpt lat="26.437190" lon="127.764960"></trkpt>
      <trkpt lat="26.437230" lon="127.765070"></trkpt>
      <trkpt lat="26.437240" lon="127.765120"></trkpt>
      <trkpt lat="26.437260" lon="127.765170"></trkpt>
      <trkpt lat="26.437410" lon="127.765710"></trkpt>
      <trkpt lat="26.437430" lon="127.765760"></trkpt>
      <trkpt lat="26.437440" lon="127.765810"></trkpt>
      <trkpt lat="26.437460" lon="127.765840"></trkpt>
      <trkpt lat="26.437500" lon="127.765920"></trkpt>
      <trkpt lat="26.437600" lon="127.766060"></trkpt>
      <trkpt lat="26.437680" lon="127.766140"></trkpt>
      <trkpt lat="26.437710" lon="127.766160"></trkpt>
      <trkpt lat="26.437750" lon="127.766200"></trkpt>
      <trkpt lat="26.437760" lon="127.766200"></trkpt>
      <trkpt lat="26.438370" lon="127.766590"></trkpt>
      <trkpt lat="26.438430" lon="127.766620"></trkpt>
      <trkpt lat="26.438590" lon="127.766730"></trkpt>
      <trkpt lat="26.438690" lon="127.766790"></trkpt>
      <trkpt lat="26.438750" lon="127.766850"></trkpt>
      <trkpt lat="26.438790" lon="127.766910"></trkpt>
      <trkpt lat="26.438810" lon="127.766930"></trkpt>
      <trkpt lat="26.438830" lon="127.766960"></trkpt>
      <trkpt lat="26.438850" lon="127.767030"></trkpt>
      <trkpt lat="26.438870" lon="127.767080"></trkpt>
      <trkpt lat="26.438880" lon="127.767090"></trkpt>
      <trkpt lat="26.438880" lon="127.767110"></trkpt>
      <trkpt lat="26.438890" lon="127.767160"></trkpt>
      <trkpt lat="26.438900" lon="127.767190"></trkpt>
      <trkpt lat="26.438900" lon="127.767360"></trkpt>
      <trkpt lat="26.438770" lon="127.768120"></trkpt>
      <trkpt lat="26.438770" lon="127.768180"></trkpt>
      <trkpt lat="26.438760" lon="127.768210"></trkpt>
      <trkpt lat="26.438760" lon="127.768400"></trkpt>
      <trkpt lat="26.438770" lon="127.768410"></trkpt>
      <trkpt lat="26.438770" lon="127.768450"></trkpt>
      <trkpt lat="26.438820" lon="127.768650"></trkpt>
      <trkpt lat="26.439120" lon="127.769390"></trkpt>
      <trkpt lat="26.439180" lon="127.769520"></trkpt>
      <trkpt lat="26.439190" lon="127.769570"></trkpt>
      <trkpt lat="26.439220" lon="127.769650"></trkpt>
      <trkpt lat="26.439230" lon="127.769700"></trkpt>
      <trkpt lat="26.439230" lon="127.769760"></trkpt>
      <trkpt lat="26.439240" lon="127.769790"></trkpt>
      <trkpt lat="26.439240" lon="127.769820"></trkpt>
      <trkpt lat="26.439230" lon="127.769840"></trkpt>
      <trkpt lat="26.439230" lon="127.769900"></trkpt>
      <trkpt lat="26.439200" lon="127.769990"></trkpt>
      <trkpt lat="26.439190" lon="127.770010"></trkpt>
      <trkpt lat="26.439180" lon="127.770060"></trkpt>
      <trkpt lat="26.439140" lon="127.770150"></trkpt>
      <trkpt lat="26.438960" lon="127.770670"></trkpt>
      <trkpt lat="26.438910" lon="127.770870"></trkpt>
      <trkpt lat="26.438880" lon="127.771050"></trkpt>
      <trkpt lat="26.438880" lon="127.771100"></trkpt>
      <trkpt lat="26.438870" lon="127.771220"></trkpt>
      <trkpt lat="26.438870" lon="127.771480"></trkpt>
      <trkpt lat="26.438880" lon="127.771500"></trkpt>
      <trkpt lat="26.438880" lon="127.771580"></trkpt>
      <trkpt lat="26.439000" lon="127.772230"></trkpt>
      <trkpt lat="26.439020" lon="127.772310"></trkpt>
      <trkpt lat="26.439040" lon="127.772430"></trkpt>
      <trkpt lat="26.439040" lon="127.772470"></trkpt>
      <trkpt lat="26.439050" lon="127.772490"></trkpt>
      <trkpt lat="26.439050" lon="127.772720"></trkpt>
      <trkpt lat="26.439040" lon="127.772760"></trkpt>
      <trkpt lat="26.439040" lon="127.772790"></trkpt>
      <trkpt lat="26.439000" lon="127.772950"></trkpt>
      <trkpt lat="26.438960" lon="127.773070"></trkpt>
      <trkpt lat="26.438930" lon="127.773190"></trkpt>
      <trkpt lat="26.438910" lon="127.773240"></trkpt>
      <trkpt lat="26.438880" lon="127.773340"></trkpt>
      <trkpt lat="26.438850" lon="127.773400"></trkpt>
      <trkpt lat="26.438840" lon="127.773430"></trkpt>
      <trkpt lat="26.438820" lon="127.773460"></trkpt>
      <trkpt lat="26.438760" lon="127.773580"></trkpt>
      <trkpt lat="26.438470" lon="127.774030"></trkpt>
      <trkpt lat="26.438330" lon="127.774230"></trkpt>
      <trkpt lat="26.438310" lon="127.774270"></trkpt>
      <trkpt lat="26.437980" lon="127.774770"></trkpt>
      <trkpt lat="26.437870" lon="127.774920"></trkpt>
      <trkpt lat="26.437830" lon="127.774990"></trkpt>
      <trkpt lat="26.437780" lon="127.775060"></trkpt>
      <trkpt lat="26.437740" lon="127.775150"></trkpt>
      <trkpt lat="26.437700" lon="127.775210"></trkpt>
      <trkpt lat="26.437670" lon="127.775280"></trkpt>
      <trkpt lat="26.437650" lon="127.775340"></trkpt>
      <trkpt lat="26.437610" lon="127.775420"></trkpt>
      <trkpt lat="26.437600" lon="127.775470"></trkpt>
      <trkpt lat="26.437570" lon="127.775540"></trkpt>
      <trkpt lat="26.437520" lon="127.775740"></trkpt>
      <trkpt lat="26.437510" lon="127.775820"></trkpt>
      <trkpt lat="26.437490" lon="127.775910"></trkpt>
      <trkpt lat="26.437490" lon="127.775970"></trkpt>
      <trkpt lat="26.437480" lon="127.775990"></trkpt>
      <trkpt lat="26.437480" lon="127.776040"></trkpt>
      <trkpt lat="26.437470" lon="127.776150"></trkpt>
      <trkpt lat="26.437410" lon="127.778280"></trkpt>
      <trkpt lat="26.437390" lon="127.778600"></trkpt>
      <trkpt lat="26.437390" lon="127.778810"></trkpt>
      <trkpt lat="26.437370" lon="127.779090"></trkpt>
      <trkpt lat="26.437370" lon="127.779210"></trkpt>
      <trkpt lat="26.437360" lon="127.779360"></trkpt>
      <trkpt lat="26.437350" lon="127.779430"></trkpt>
      <trkpt lat="26.437350" lon="127.779540"></trkpt>
      <trkpt lat="26.437320" lon="127.779760"></trkpt>
      <trkpt lat="26.437320" lon="127.779810"></trkpt>
      <trkpt lat="26.437300" lon="127.779870"></trkpt>
      <trkpt lat="26.437280" lon="127.779980"></trkpt>
      <trkpt lat="26.437260" lon="127.780030"></trkpt>
      <trkpt lat="26.437250" lon="127.780070"></trkpt>
      <trkpt lat="26.437230" lon="127.780100"></trkpt>
      <trkpt lat="26.437190" lon="127.780180"></trkpt>
      <trkpt lat="26.437130" lon="127.780270"></trkpt>
      <trkpt lat="26.437110" lon="127.780310"></trkpt>
      <trkpt lat="26.437080" lon="127.780340"></trkpt>
      <trkpt lat="26.437060" lon="127.780370"></trkpt>
      <trkpt lat="26.436950" lon="127.780480"></trkpt>
      <trkpt lat="26.436920" lon="127.780500"></trkpt>
      <trkpt lat="26.436890" lon="127.780530"></trkpt>
      <trkpt lat="26.436360" lon="127.780980"></trkpt>
      <trkpt lat="26.436120" lon="127.781220"></trkpt>
      <trkpt lat="26.436090" lon="127.781260"></trkpt>
      <trkpt lat="26.436060" lon="127.781290"></trkpt>
      <trkpt lat="26.435970" lon="127.781410"></trkpt>
      <trkpt lat="26.435940" lon="127.781440"></trkpt>
      <trkpt lat="26.435880" lon="127.781520"></trkpt>
      <trkpt lat="26.435830" lon="127.781600"></trkpt>
      <trkpt lat="26.435810" lon="127.781620"></trkpt>
      <trkpt lat="26.435770" lon="127.781680"></trkpt>
      <trkpt lat="26.435740" lon="127.781740"></trkpt>
      <trkpt lat="26.435700" lon="127.781780"></trkpt>
      <trkpt lat="26.435670" lon="127.781830"></trkpt>
      <trkpt lat="26.435580" lon="127.781950"></trkpt>
      <trkpt lat="26.435550" lon="127.781980"></trkpt>
      <trkpt lat="26.435490" lon="127.782060"></trkpt>
      <trkpt lat="26.435450" lon="127.782090"></trkpt>
      <trkpt lat="26.435420" lon="127.782130"></trkpt>
      <trkpt lat="26.435390" lon="127.782160"></trkpt>
      <trkpt lat="26.435380" lon="127.782160"></trkpt>
      <trkpt lat="26.435350" lon="127.782200"></trkpt>
      <trkpt lat="26.435280" lon="127.782270"></trkpt>
      <trkpt lat="26.435240" lon="127.782300"></trkpt>
      <trkpt lat="26.435210" lon="127.782340"></trkpt>
      <trkpt lat="26.435110" lon="127.782440"></trkpt>
      <trkpt lat="26.435110" lon="127.782450"></trkpt>
      <trkpt lat="26.435090" lon="127.782480"></trkpt>
      <trkpt lat="26.435060" lon="127.782510"></trkpt>
      <trkpt lat="26.434960" lon="127.782690"></trkpt>
      <trkpt lat="26.434870" lon="127.782920"></trkpt>
      <trkpt lat="26.434860" lon="127.782960"></trkpt>
      <trkpt lat="26.434850" lon="127.782980"></trkpt>
      <trkpt lat="26.434770" lon="127.783220"></trkpt>
      <trkpt lat="26.434770" lon="127.783250"></trkpt>
      <trkpt lat="26.434760" lon="127.783250"></trkpt>
      <trkpt lat="26.434720" lon="127.783440"></trkpt>
      <trkpt lat="26.434720" lon="127.783490"></trkpt>
      <trkpt lat="26.434710" lon="127.783540"></trkpt>
      <trkpt lat="26.434710" lon="127.783830"></trkpt>
      <trkpt lat="26.434720" lon="127.783860"></trkpt>
      <trkpt lat="26.434720" lon="127.783910"></trkpt>
      <trkpt lat="26.434750" lon="127.784080"></trkpt>
      <trkpt lat="26.434760" lon="127.784090"></trkpt>
      <trkpt lat="26.434770" lon="127.784150"></trkpt>
      <trkpt lat="26.434880" lon="127.784610"></trkpt>
      <trkpt lat="26.434890" lon="127.784670"></trkpt>
      <trkpt lat="26.434900" lon="127.784690"></trkpt>
      <trkpt lat="26.434900" lon="127.784720"></trkpt>
      <trkpt lat="26.434910" lon="127.784760"></trkpt>
      <trkpt lat="26.434910" lon="127.784810"></trkpt>
      <trkpt lat="26.434920" lon="127.784860"></trkpt>
      <trkpt lat="26.434910" lon="127.784900"></trkpt>
      <trkpt lat="26.434910" lon="127.784990"></trkpt>
      <trkpt lat="26.434880" lon="127.785140"></trkpt>
      <trkpt lat="26.434860" lon="127.785200"></trkpt>
      <trkpt lat="26.434840" lon="127.785240"></trkpt>
      <trkpt lat="26.434830" lon="127.785280"></trkpt>
      <trkpt lat="26.434830" lon="127.785300"></trkpt>
      <trkpt lat="26.434760" lon="127.785480"></trkpt>
      <trkpt lat="26.434710" lon="127.785710"></trkpt>
      <trkpt lat="26.434710" lon="127.785750"></trkpt>
      <trkpt lat="26.434700" lon="127.785790"></trkpt>
      <trkpt lat="26.434700" lon="127.785900"></trkpt>
      <trkpt lat="26.434690" lon="127.785960"></trkpt>
      <trkpt lat="26.434690" lon="127.786020"></trkpt>
      <trkpt lat="26.434700" lon="127.786070"></trkpt>
      <trkpt lat="26.434700" lon="127.786200"></trkpt>
      <trkpt lat="26.434710" lon="127.786270"></trkpt>
      <trkpt lat="26.434710" lon="127.786330"></trkpt>
      <trkpt lat="26.434720" lon="127.786380"></trkpt>
      <trkpt lat="26.434760" lon="127.786710"></trkpt>
      <trkpt lat="26.434800" lon="127.786910"></trkpt>
      <trkpt lat="26.434820" lon="127.787080"></trkpt>
      <trkpt lat="26.434890" lon="127.787470"></trkpt>
      <trkpt lat="26.434940" lon="127.787840"></trkpt>
      <trkpt lat="26.434980" lon="127.788060"></trkpt>
      <trkpt lat="26.434990" lon="127.788150"></trkpt>
      <trkpt lat="26.434990" lon="127.788240"></trkpt>
      <trkpt lat="26.435000" lon="127.788300"></trkpt>
      <trkpt lat="26.435000" lon="127.788430"></trkpt>
      <trkpt lat="26.435030" lon="127.788450"></trkpt>
      <trkpt lat="26.435050" lon="127.788470"></trkpt>
      <trkpt lat="26.435050" lon="127.788500"></trkpt>
      <trkpt lat="26.435060" lon="127.788530"></trkpt>
      <trkpt lat="26.435100" lon="127.788740"></trkpt>
      <trkpt lat="26.435100" lon="127.788770"></trkpt>
      <trkpt lat="26.435110" lon="127.788810"></trkpt>
      <trkpt lat="26.435110" lon="127.788840"></trkpt>
      <trkpt lat="26.435120" lon="127.788880"></trkpt>
      <trkpt lat="26.435160" lon="127.788990"></trkpt>
      <trkpt lat="26.435170" lon="127.789040"></trkpt>
      <trkpt lat="26.435190" lon="127.789090"></trkpt>
      <trkpt lat="26.435190" lon="127.789120"></trkpt>
      <trkpt lat="26.435200" lon="127.789140"></trkpt>
      <trkpt lat="26.435200" lon="127.789190"></trkpt>
      <trkpt lat="26.435190" lon="127.789220"></trkpt>
      <trkpt lat="26.435410" lon="127.789680"></trkpt>
      <trkpt lat="26.435520" lon="127.789880"></trkpt>
      <trkpt lat="26.435560" lon="127.789930"></trkpt>
      <trkpt lat="26.435590" lon="127.789990"></trkpt>
      <trkpt lat="26.435720" lon="127.790150"></trkpt>
      <trkpt lat="26.436100" lon="127.790540"></trkpt>
      <trkpt lat="26.436140" lon="127.790570"></trkpt>
      <trkpt lat="26.436560" lon="127.790970"></trkpt>
      <trkpt lat="26.436700" lon="127.791140"></trkpt>
      <trkpt lat="26.436760" lon="127.791200"></trkpt>
      <trkpt lat="26.436830" lon="127.791300"></trkpt>
      <trkpt lat="26.436860" lon="127.791360"></trkpt>
      <trkpt lat="26.436920" lon="127.791440"></trkpt>
      <trkpt lat="26.437020" lon="127.791610"></trkpt>
      <trkpt lat="26.437200" lon="127.792030"></trkpt>
      <trkpt lat="26.437290" lon="127.792370"></trkpt>
      <trkpt lat="26.437350" lon="127.792790"></trkpt>
      <trkpt lat="26.437340" lon="127.792950"></trkpt>
      <trkpt lat="26.437340" lon="127.793260"></trkpt>
      <trkpt lat="26.437300" lon="127.793600"></trkpt>
      <trkpt lat="26.437280" lon="127.793660"></trkpt>
      <trkpt lat="26.437270" lon="127.793750"></trkpt>
      <trkpt lat="26.437200" lon="127.794000"></trkpt>
      <trkpt lat="26.437160" lon="127.794100"></trkpt>
      <trkpt lat="26.437140" lon="127.794170"></trkpt>
      <trkpt lat="26.437040" lon="127.794410"></trkpt>
      <trkpt lat="26.436990" lon="127.794510"></trkpt>
      <trkpt lat="26.436980" lon="127.794520"></trkpt>
      <trkpt lat="26.436920" lon="127.794630"></trkpt>
      <trkpt lat="26.436790" lon="127.794840"></trkpt>
      <trkpt lat="26.436730" lon="127.794910"></trkpt>
      <trkpt lat="26.436230" lon="127.795580"></trkpt>
      <trkpt lat="26.436200" lon="127.795610"></trkpt>
      <trkpt lat="26.436050" lon="127.795850"></trkpt>
      <trkpt lat="26.435920" lon="127.796120"></trkpt>
      <trkpt lat="26.435910" lon="127.796130"></trkpt>
      <trkpt lat="26.435840" lon="127.796330"></trkpt>
      <trkpt lat="26.435820" lon="127.796370"></trkpt>
      <trkpt lat="26.435780" lon="127.796500"></trkpt>
      <trkpt lat="26.435760" lon="127.796600"></trkpt>
      <trkpt lat="26.435710" lon="127.797190"></trkpt>
      <trkpt lat="26.435710" lon="127.797300"></trkpt>
      <trkpt lat="26.435730" lon="127.797670"></trkpt>
      <trkpt lat="26.435870" lon="127.799210"></trkpt>
      <trkpt lat="26.435950" lon="127.799730"></trkpt>
      <trkpt lat="26.436020" lon="127.800060"></trkpt>
      <trkpt lat="26.436060" lon="127.800190"></trkpt>
      <trkpt lat="26.436110" lon="127.800410"></trkpt>
      <trkpt lat="26.436190" lon="127.800670"></trkpt>
      <trkpt lat="26.436350" lon="127.801110"></trkpt>
      <trkpt lat="26.436550" lon="127.801550"></trkpt>
      <trkpt lat="26.436710" lon="127.801870"></trkpt>
      <trkpt lat="26.436780" lon="127.801980"></trkpt>
      <trkpt lat="26.436960" lon="127.802310"></trkpt>
      <trkpt lat="26.437190" lon="127.802650"></trkpt>
      <trkpt lat="26.437490" lon="127.803040"></trkpt>
      <trkpt lat="26.437930" lon="127.803520"></trkpt>
      <trkpt lat="26.437960" lon="127.803560"></trkpt>
      <trkpt lat="26.438290" lon="127.803860"></trkpt>
      <trkpt lat="26.438540" lon="127.804060"></trkpt>
      <trkpt lat="26.438800" lon="127.804250"></trkpt>
      <trkpt lat="26.439030" lon="127.804400"></trkpt>
      <trkpt lat="26.439370" lon="127.804590"></trkpt>
      <trkpt lat="26.439700" lon="127.804740"></trkpt>
      <trkpt lat="26.439930" lon="127.804820"></trkpt>
      <trkpt lat="26.440050" lon="127.804850"></trkpt>
      <trkpt lat="26.440110" lon="127.804870"></trkpt>
      <trkpt lat="26.440120" lon="127.804870"></trkpt>
      <trkpt lat="26.440210" lon="127.804900"></trkpt>
      <trkpt lat="26.440650" lon="127.804980"></trkpt>
      <trkpt lat="26.442020" lon="127.805190"></trkpt>
      <trkpt lat="26.442350" lon="127.805270"></trkpt>
      <trkpt lat="26.442690" lon="127.805370"></trkpt>
      <trkpt lat="26.442710" lon="127.805370"></trkpt>
      <trkpt lat="26.442860" lon="127.805430"></trkpt>
      <trkpt lat="26.443040" lon="127.805490"></trkpt>
      <trkpt lat="26.443370" lon="127.805630"></trkpt>
      <trkpt lat="26.443390" lon="127.805630"></trkpt>
      <trkpt lat="26.443580" lon="127.805730"></trkpt>
      <trkpt lat="26.443910" lon="127.805930"></trkpt>
      <trkpt lat="26.444320" lon="127.806200"></trkpt>
      <trkpt lat="26.444810" lon="127.806560"></trkpt>
      <trkpt lat="26.445080" lon="127.806830"></trkpt>
      <trkpt lat="26.445170" lon="127.806910"></trkpt>
      <trkpt lat="26.445480" lon="127.807240"></trkpt>
      <trkpt lat="26.445950" lon="127.807850"></trkpt>
      <trkpt lat="26.445990" lon="127.807930"></trkpt>
      <trkpt lat="26.446010" lon="127.808010"></trkpt>
      <trkpt lat="26.446230" lon="127.808380"></trkpt>
      <trkpt lat="26.446360" lon="127.808670"></trkpt>
      <trkpt lat="26.446390" lon="127.808710"></trkpt>
      <trkpt lat="26.446470" lon="127.808900"></trkpt>
      <trkpt lat="26.446540" lon="127.809020"></trkpt>
      <trkpt lat="26.446680" lon="127.809330"></trkpt>
      <trkpt lat="26.446780" lon="127.809590"></trkpt>
      <trkpt lat="26.447070" lon="127.810510"></trkpt>
      <trkpt lat="26.447220" lon="127.811070"></trkpt>
      <trkpt lat="26.447230" lon="127.811140"></trkpt>
      <trkpt lat="26.447320" lon="127.811510"></trkpt>
      <trkpt lat="26.447510" lon="127.812450"></trkpt>
      <trkpt lat="26.447520" lon="127.812530"></trkpt>
      <trkpt lat="26.447700" lon="127.813360"></trkpt>
      <trkpt lat="26.447840" lon="127.813910"></trkpt>
      <trkpt lat="26.447930" lon="127.814210"></trkpt>
      <trkpt lat="26.447960" lon="127.814280"></trkpt>
      <trkpt lat="26.448060" lon="127.814590"></trkpt>
      <trkpt lat="26.448340" lon="127.815280"></trkpt>
      <trkpt lat="26.448350" lon="127.815290"></trkpt>
      <trkpt lat="26.448380" lon="127.815350"></trkpt>
      <trkpt lat="26.448420" lon="127.815460"></trkpt>
      <trkpt lat="26.448630" lon="127.815890"></trkpt>
      <trkpt lat="26.448650" lon="127.815920"></trkpt>
      <trkpt lat="26.448670" lon="127.815940"></trkpt>
      <trkpt lat="26.448710" lon="127.816020"></trkpt>
      <trkpt lat="26.448800" lon="127.816160"></trkpt>
      <trkpt lat="26.448860" lon="127.816280"></trkpt>
      <trkpt lat="26.448890" lon="127.816360"></trkpt>
      <trkpt lat="26.448960" lon="127.816470"></trkpt>
      <trkpt lat="26.449040" lon="127.816620"></trkpt>
      <trkpt lat="26.449620" lon="127.817450"></trkpt>
      <trkpt lat="26.449930" lon="127.817860"></trkpt>
      <trkpt lat="26.450150" lon="127.818120"></trkpt>
      <trkpt lat="26.450310" lon="127.818280"></trkpt>
      <trkpt lat="26.450700" lon="127.818640"></trkpt>
      <trkpt lat="26.451010" lon="127.818870"></trkpt>
      <trkpt lat="26.451080" lon="127.818940"></trkpt>
      <trkpt lat="26.451400" lon="127.819200"></trkpt>
      <trkpt lat="26.451550" lon="127.819340"></trkpt>
      <trkpt lat="26.451630" lon="127.819400"></trkpt>
      <trkpt lat="26.452000" lon="127.819710"></trkpt>
      <trkpt lat="26.452550" lon="127.820120"></trkpt>
      <trkpt lat="26.452660" lon="127.820210"></trkpt>
      <trkpt lat="26.452760" lon="127.820280"></trkpt>
      <trkpt lat="26.452860" lon="127.820360"></trkpt>
      <trkpt lat="26.452960" lon="127.820430"></trkpt>
      <trkpt lat="26.453510" lon="127.820770"></trkpt>
      <trkpt lat="26.453520" lon="127.820780"></trkpt>
      <trkpt lat="26.454340" lon="127.821270"></trkpt>
      <trkpt lat="26.455740" lon="127.822040"></trkpt>
      <trkpt lat="26.455800" lon="127.822080"></trkpt>
      <trkpt lat="26.456070" lon="127.822220"></trkpt>
      <trkpt lat="26.456130" lon="127.822260"></trkpt>
      <trkpt lat="26.456510" lon="127.822480"></trkpt>
      <trkpt lat="26.456650" lon="127.822550"></trkpt>
      <trkpt lat="26.457310" lon="127.822960"></trkpt>
      <trkpt lat="26.457400" lon="127.823030"></trkpt>
      <trkpt lat="26.457570" lon="127.823140"></trkpt>
      <trkpt lat="26.457610" lon="127.823180"></trkpt>
      <trkpt lat="26.457750" lon="127.823280"></trkpt>
      <trkpt lat="26.457770" lon="127.823290"></trkpt>
      <trkpt lat="26.457780" lon="127.823300"></trkpt>
      <trkpt lat="26.458030" lon="127.823490"></trkpt>
      <trkpt lat="26.458070" lon="127.823510"></trkpt>
      <trkpt lat="26.458330" lon="127.823720"></trkpt>
      <trkpt lat="26.458360" lon="127.823740"></trkpt>
      <trkpt lat="26.458580" lon="127.823930"></trkpt>
      <trkpt lat="26.458640" lon="127.823990"></trkpt>
      <trkpt lat="26.459230" lon="127.824470"></trkpt>
      <trkpt lat="26.459380" lon="127.824610"></trkpt>
      <trkpt lat="26.459970" lon="127.825110"></trkpt>
      <trkpt lat="26.460050" lon="127.825170"></trkpt>
      <trkpt lat="26.460080" lon="127.825200"></trkpt>
      <trkpt lat="26.460150" lon="127.825240"></trkpt>
      <trkpt lat="26.460250" lon="127.825320"></trkpt>
      <trkpt lat="26.460390" lon="127.825410"></trkpt>
      <trkpt lat="26.460420" lon="127.825440"></trkpt>
      <trkpt lat="26.460440" lon="127.825450"></trkpt>
      <trkpt lat="26.460680" lon="127.825610"></trkpt>
      <trkpt lat="26.460730" lon="127.825650"></trkpt>
      <trkpt lat="26.460840" lon="127.825710"></trkpt>
      <trkpt lat="26.461010" lon="127.825820"></trkpt>
      <trkpt lat="26.461340" lon="127.826000"></trkpt>
      <trkpt lat="26.461470" lon="127.826060"></trkpt>
      <trkpt lat="26.461570" lon="127.826120"></trkpt>
      <trkpt lat="26.461880" lon="127.826270"></trkpt>
      <trkpt lat="26.462250" lon="127.826420"></trkpt>
      <trkpt lat="26.462440" lon="127.826510"></trkpt>
      <trkpt lat="26.463180" lon="127.826800"></trkpt>
      <trkpt lat="26.463430" lon="127.826930"></trkpt>
      <trkpt lat="26.463500" lon="127.826960"></trkpt>
      <trkpt lat="26.463750" lon="127.827100"></trkpt>
      <trkpt lat="26.464040" lon="127.827320"></trkpt>
      <trkpt lat="26.464230" lon="127.827490"></trkpt>
      <trkpt lat="26.464390" lon="127.827650"></trkpt>
      <trkpt lat="26.465020" lon="127.828450"></trkpt>
      <trkpt lat="26.465060" lon="127.828520"></trkpt>
      <trkpt lat="26.465850" lon="127.829570"></trkpt>
      <trkpt lat="26.466020" lon="127.829780"></trkpt>
      <trkpt lat="26.467180" lon="127.831310"></trkpt>
      <trkpt lat="26.467210" lon="127.831360"></trkpt>
      <trkpt lat="26.467330" lon="127.831510"></trkpt>
      <trkpt lat="26.467430" lon="127.831650"></trkpt>
      <trkpt lat="26.467440" lon="127.831660"></trkpt>
      <trkpt lat="26.467910" lon="127.832280"></trkpt>
      <trkpt lat="26.467920" lon="127.832290"></trkpt>
      <trkpt lat="26.468140" lon="127.832590"></trkpt>
      <trkpt lat="26.468140" lon="127.832600"></trkpt>
      <trkpt lat="26.468420" lon="127.832960"></trkpt>
      <trkpt lat="26.468480" lon="127.833050"></trkpt>
      <trkpt lat="26.468600" lon="127.833200"></trkpt>
      <trkpt lat="26.469090" lon="127.833870"></trkpt>
      <trkpt lat="26.469100" lon="127.833900"></trkpt>
      <trkpt lat="26.469390" lon="127.834280"></trkpt>
      <trkpt lat="26.469410" lon="127.834290"></trkpt>
      <trkpt lat="26.469550" lon="127.834470"></trkpt>
      <trkpt lat="26.469620" lon="127.834580"></trkpt>
      <trkpt lat="26.469740" lon="127.834730"></trkpt>
      <trkpt lat="26.469840" lon="127.834900"></trkpt>
      <trkpt lat="26.470160" lon="127.835380"></trkpt>
      <trkpt lat="26.470170" lon="127.835390"></trkpt>
      <trkpt lat="26.470270" lon="127.835540"></trkpt>
      <trkpt lat="26.470370" lon="127.835710"></trkpt>
      <trkpt lat="26.470420" lon="127.835770"></trkpt>
      <trkpt lat="26.470510" lon="127.835920"></trkpt>
      <trkpt lat="26.470590" lon="127.836030"></trkpt>
      <trkpt lat="26.470620" lon="127.836080"></trkpt>
      <trkpt lat="26.470720" lon="127.836210"></trkpt>
      <trkpt lat="26.471020" lon="127.836680"></trkpt>
      <trkpt lat="26.471020" lon="127.836690"></trkpt>
      <trkpt lat="26.471130" lon="127.836840"></trkpt>
      <trkpt lat="26.471340" lon="127.837160"></trkpt>
      <trkpt lat="26.471360" lon="127.837180"></trkpt>
      <trkpt lat="26.471450" lon="127.837320"></trkpt>
      <trkpt lat="26.471470" lon="127.837360"></trkpt>
      <trkpt lat="26.471650" lon="127.837620"></trkpt>
      <trkpt lat="26.471750" lon="127.837750"></trkpt>
      <trkpt lat="26.472060" lon="127.838070"></trkpt>
      <trkpt lat="26.472150" lon="127.838150"></trkpt>
      <trkpt lat="26.472170" lon="127.838180"></trkpt>
      <trkpt lat="26.472290" lon="127.838270"></trkpt>
      <trkpt lat="26.472320" lon="127.838300"></trkpt>
      <trkpt lat="26.472330" lon="127.838300"></trkpt>
      <trkpt lat="26.472430" lon="127.838380"></trkpt>
      <trkpt lat="26.472630" lon="127.838500"></trkpt>
      <trkpt lat="26.472750" lon="127.838560"></trkpt>
      <trkpt lat="26.472760" lon="127.838570"></trkpt>
      <trkpt lat="26.473050" lon="127.838700"></trkpt>
      <trkpt lat="26.473250" lon="127.838760"></trkpt>
      <trkpt lat="26.473610" lon="127.838830"></trkpt>
      <trkpt lat="26.473850" lon="127.838850"></trkpt>
      <trkpt lat="26.474100" lon="127.838850"></trkpt>
      <trkpt lat="26.474600" lon="127.838820"></trkpt>
      <trkpt lat="26.475070" lon="127.838820"></trkpt>
      <trkpt lat="26.475380" lon="127.838850"></trkpt>
      <trkpt lat="26.475700" lon="127.838920"></trkpt>
      <trkpt lat="26.476170" lon="127.839070"></trkpt>
      <trkpt lat="26.476340" lon="127.839140"></trkpt>
      <trkpt lat="26.476690" lon="127.839340"></trkpt>
      <trkpt lat="26.476910" lon="127.839480"></trkpt>
      <trkpt lat="26.477110" lon="127.839650"></trkpt>
      <trkpt lat="26.477270" lon="127.839760"></trkpt>
      <trkpt lat="26.477450" lon="127.839920"></trkpt>
      <trkpt lat="26.477570" lon="127.840040"></trkpt>
      <trkpt lat="26.477810" lon="127.840320"></trkpt>
      <trkpt lat="26.477950" lon="127.840510"></trkpt>
      <trkpt lat="26.477970" lon="127.840560"></trkpt>
      <trkpt lat="26.478040" lon="127.840670"></trkpt>
      <trkpt lat="26.478510" lon="127.841540"></trkpt>
      <trkpt lat="26.478950" lon="127.842310"></trkpt>
      <trkpt lat="26.478960" lon="127.842360"></trkpt>
      <trkpt lat="26.480000" lon="127.844210"></trkpt>
      <trkpt lat="26.480060" lon="127.844330"></trkpt>
      <trkpt lat="26.480150" lon="127.844480"></trkpt>
      <trkpt lat="26.480360" lon="127.844880"></trkpt>
      <trkpt lat="26.480520" lon="127.845220"></trkpt>
      <trkpt lat="26.480630" lon="127.845490"></trkpt>
      <trkpt lat="26.480800" lon="127.846010"></trkpt>
      <trkpt lat="26.480840" lon="127.846160"></trkpt>
      <trkpt lat="26.480920" lon="127.846340"></trkpt>
      <trkpt lat="26.481250" lon="127.846300"></trkpt>
      <trkpt lat="26.481270" lon="127.846290"></trkpt>
      <trkpt lat="26.481330" lon="127.846290"></trkpt>
      <trkpt lat="26.481470" lon="127.846270"></trkpt>
      <trkpt lat="26.481820" lon="127.846200"></trkpt>
      <trkpt lat="26.482260" lon="127.846140"></trkpt>
      <trkpt lat="26.482350" lon="127.846120"></trkpt>
      <trkpt lat="26.482640" lon="127.846090"></trkpt>
      <trkpt lat="26.483710" lon="127.846080"></trkpt>
      <trkpt lat="26.483790" lon="127.846070"></trkpt>
      <trkpt lat="26.483850" lon="127.846070"></trkpt>
      <trkpt lat="26.484540" lon="127.845970"></trkpt>
      <trkpt lat="26.485010" lon="127.845860"></trkpt>
      <trkpt lat="26.485180" lon="127.845830"></trkpt>
      <trkpt lat="26.485190" lon="127.845830"></trkpt>
      <trkpt lat="26.485350" lon="127.845800"></trkpt>
      <trkpt lat="26.485430" lon="127.845800"></trkpt>
      <trkpt lat="26.485520" lon="127.845790"></trkpt>
      <trkpt lat="26.485580" lon="127.845790"></trkpt>
      <trkpt lat="26.485950" lon="127.845820"></trkpt>
      <trkpt lat="26.486180" lon="127.845820"></trkpt>
      <trkpt lat="26.486210" lon="127.845810"></trkpt>
      <trkpt lat="26.486260" lon="127.845810"></trkpt>
      <trkpt lat="26.486300" lon="127.845800"></trkpt>
      <trkpt lat="26.486360" lon="127.845800"></trkpt>
      <trkpt lat="26.486420" lon="127.845780"></trkpt>
      <trkpt lat="26.486440" lon="127.845780"></trkpt>
      <trkpt lat="26.486790" lon="127.845670"></trkpt>
      <trkpt lat="26.487530" lon="127.845470"></trkpt>
      <trkpt lat="26.487610" lon="127.845440"></trkpt>
      <trkpt lat="26.487900" lon="127.845400"></trkpt>
      <trkpt lat="26.488000" lon="127.845400"></trkpt>
      <trkpt lat="26.488120" lon="127.845410"></trkpt>
      <trkpt lat="26.488160" lon="127.845420"></trkpt>
      <trkpt lat="26.488220" lon="127.845420"></trkpt>
      <trkpt lat="26.488430" lon="127.845470"></trkpt>
      <trkpt lat="26.488520" lon="127.845500"></trkpt>
      <trkpt lat="26.488730" lon="127.845590"></trkpt>
      <trkpt lat="26.488940" lon="127.845720"></trkpt>
      <trkpt lat="26.489080" lon="127.845840"></trkpt>
      <trkpt lat="26.489150" lon="127.845890"></trkpt>
      <trkpt lat="26.489290" lon="127.845940"></trkpt>
      <trkpt lat="26.489480" lon="127.845700"></trkpt>
      <trkpt lat="26.489650" lon="127.845510"></trkpt>
      <trkpt lat="26.489650" lon="127.845500"></trkpt>
      <trkpt lat="26.489660" lon="127.845500"></trkpt>
      <trkpt lat="26.490130" lon="127.844950"></trkpt>
      <trkpt lat="26.490130" lon="127.844940"></trkpt>
      <trkpt lat="26.490170" lon="127.844900"></trkpt>
      <trkpt lat="26.490260" lon="127.844770"></trkpt>
      <trkpt lat="26.490270" lon="127.844760"></trkpt>
      <trkpt lat="26.490370" lon="127.844600"></trkpt>
      <trkpt lat="26.490470" lon="127.844420"></trkpt>
      <trkpt lat="26.490540" lon="127.844320"></trkpt>
      <trkpt lat="26.490590" lon="127.844260"></trkpt>
      <trkpt lat="26.490650" lon="127.844200"></trkpt>
      <trkpt lat="26.490710" lon="127.844150"></trkpt>
      <trkpt lat="26.491730" lon="127.843580"></trkpt>
      <trkpt lat="26.492150" lon="127.843320"></trkpt>
      <trkpt lat="26.492400" lon="127.843190"></trkpt>
      <trkpt lat="26.492480" lon="127.843140"></trkpt>
      <trkpt lat="26.493060" lon="127.843130"></trkpt>
      <trkpt lat="26.493220" lon="127.843170"></trkpt>
      <trkpt lat="26.493670" lon="127.843330"></trkpt>
      <trkpt lat="26.493830" lon="127.843450"></trkpt>
      <trkpt lat="26.493840" lon="127.843450"></trkpt>
      <trkpt lat="26.493970" lon="127.843570"></trkpt>
      <trkpt lat="26.494030" lon="127.843610"></trkpt>
      <trkpt lat="26.494110" lon="127.843700"></trkpt>
      <trkpt lat="26.494350" lon="127.844000"></trkpt>
      <trkpt lat="26.494600" lon="127.844360"></trkpt>
      <trkpt lat="26.494720" lon="127.844560"></trkpt>
      <trkpt lat="26.494780" lon="127.844640"></trkpt>
      <trkpt lat="26.494810" lon="127.844670"></trkpt>
      <trkpt lat="26.494900" lon="127.844790"></trkpt>
      <trkpt lat="26.495080" lon="127.844980"></trkpt>
      <trkpt lat="26.495380" lon="127.845240"></trkpt>
      <trkpt lat="26.495460" lon="127.845300"></trkpt>
      <trkpt lat="26.495490" lon="127.845300"></trkpt>
      <trkpt lat="26.495870" lon="127.845480"></trkpt>
      <trkpt lat="26.496040" lon="127.845540"></trkpt>
      <trkpt lat="26.496130" lon="127.845580"></trkpt>
      <trkpt lat="26.496280" lon="127.845630"></trkpt>
      <trkpt lat="26.496770" lon="127.845760"></trkpt>
      <trkpt lat="26.496990" lon="127.845860"></trkpt>
      <trkpt lat="26.497150" lon="127.845960"></trkpt>
      <trkpt lat="26.497430" lon="127.846180"></trkpt>
      <trkpt lat="26.498900" lon="127.847770"></trkpt>
      <trkpt lat="26.499530" lon="127.848550"></trkpt>
      <trkpt lat="26.501970" lon="127.851300"></trkpt>
      <trkpt lat="26.502130" lon="127.851430"></trkpt>
      <trkpt lat="26.502570" lon="127.851900"></trkpt>
      <trkpt lat="26.502900" lon="127.851580"></trkpt>
      <trkpt lat="26.502930" lon="127.851560"></trkpt>
      <trkpt lat="26.503140" lon="127.851360"></trkpt>
      <trkpt lat="26.503170" lon="127.851340"></trkpt>
      <trkpt lat="26.503200" lon="127.851310"></trkpt>
      <trkpt lat="26.503420" lon="127.851140"></trkpt>
      <trkpt lat="26.503440" lon="127.851130"></trkpt>
      <trkpt lat="26.503800" lon="127.850890"></trkpt>
      <trkpt lat="26.503860" lon="127.850810"></trkpt>
      <trkpt lat="26.503860" lon="127.850790"></trkpt>
      <trkpt lat="26.503870" lon="127.850770"></trkpt>
      <trkpt lat="26.503870" lon="127.850750"></trkpt>
      <trkpt lat="26.503880" lon="127.850730"></trkpt>
      <trkpt lat="26.503890" lon="127.850650"></trkpt>
      <trkpt lat="26.503890" lon="127.850610"></trkpt>
      <trkpt lat="26.503900" lon="127.850590"></trkpt>
      <trkpt lat="26.503890" lon="127.850610"></trkpt>
      <trkpt lat="26.503890" lon="127.850650"></trkpt>
      <trkpt lat="26.503880" lon="127.850730"></trkpt>
      <trkpt lat="26.503870" lon="127.850750"></trkpt>
      <trkpt lat="26.503870" lon="127.850770"></trkpt>
      <trkpt lat="26.503860" lon="127.850790"></trkpt>
      <trkpt lat="26.503860" lon="127.850810"></trkpt>
      <trkpt lat="26.503800" lon="127.850890"></trkpt>
      <trkpt lat="26.503440" lon="127.851130"></trkpt>
      <trkpt lat="26.503420" lon="127.851140"></trkpt>
      <trkpt lat="26.503200" lon="127.851310"></trkpt>
      <trkpt lat="26.503170" lon="127.851340"></trkpt>
      <trkpt lat="26.503140" lon="127.851360"></trkpt>
      <trkpt lat="26.502930" lon="127.851560"></trkpt>
      <trkpt lat="26.502900" lon="127.851580"></trkpt>
      <trkpt lat="26.502500" lon="127.851970"></trkpt>
      <trkpt lat="26.502340" lon="127.852110"></trkpt>
      <trkpt lat="26.502280" lon="127.852140"></trkpt>
      <trkpt lat="26.502220" lon="127.852180"></trkpt>
      <trkpt lat="26.502140" lon="127.852220"></trkpt>
      <trkpt lat="26.501780" lon="127.852490"></trkpt>
      <trkpt lat="26.501720" lon="127.852590"></trkpt>
      <trkpt lat="26.501520" lon="127.853050"></trkpt>
      <trkpt lat="26.501430" lon="127.853220"></trkpt>
      <trkpt lat="26.501410" lon="127.853270"></trkpt>
      <trkpt lat="26.501310" lon="127.853430"></trkpt>
      <trkpt lat="26.501210" lon="127.853530"></trkpt>
      <trkpt lat="26.501200" lon="127.853530"></trkpt>
      <trkpt lat="26.501050" lon="127.853640"></trkpt>
      <trkpt lat="26.500600" lon="127.853900"></trkpt>
      <trkpt lat="26.500310" lon="127.854040"></trkpt>
      <trkpt lat="26.500010" lon="127.854140"></trkpt>
      <trkpt lat="26.499730" lon="127.854260"></trkpt>
      <trkpt lat="26.499570" lon="127.854360"></trkpt>
      <trkpt lat="26.499460" lon="127.854440"></trkpt>
      <trkpt lat="26.499240" lon="127.854620"></trkpt>
      <trkpt lat="26.499170" lon="127.854690"></trkpt>
      <trkpt lat="26.499040" lon="127.854770"></trkpt>
      <trkpt lat="26.499010" lon="127.854820"></trkpt>
      <trkpt lat="26.498990" lon="127.854840"></trkpt>
      <trkpt lat="26.498960" lon="127.854860"></trkpt>
      <trkpt lat="26.498840" lon="127.855000"></trkpt>
      <trkpt lat="26.498860" lon="127.855070"></trkpt>
      <trkpt lat="26.498870" lon="127.855150"></trkpt>
      <trkpt lat="26.499100" lon="127.856330"></trkpt>
      <trkpt lat="26.499110" lon="127.856450"></trkpt>
      <trkpt lat="26.499150" lon="127.856620"></trkpt>
      <trkpt lat="26.499170" lon="127.856740"></trkpt>
      <trkpt lat="26.499170" lon="127.856780"></trkpt>
      <trkpt lat="26.499260" lon="127.857250"></trkpt>
      <trkpt lat="26.499350" lon="127.857600"></trkpt>
      <trkpt lat="26.499420" lon="127.857800"></trkpt>
      <trkpt lat="26.499500" lon="127.857990"></trkpt>
      <trkpt lat="26.499690" lon="127.858330"></trkpt>
      <trkpt lat="26.499770" lon="127.858450"></trkpt>
      <trkpt lat="26.499780" lon="127.858470"></trkpt>
      <trkpt lat="26.499810" lon="127.858500"></trkpt>
      <trkpt lat="26.499980" lon="127.858720"></trkpt>
      <trkpt lat="26.500150" lon="127.858900"></trkpt>
      <trkpt lat="26.500190" lon="127.858930"></trkpt>
      <trkpt lat="26.500230" lon="127.858980"></trkpt>
      <trkpt lat="26.500410" lon="127.859130"></trkpt>
      <trkpt lat="26.500460" lon="127.859160"></trkpt>
      <trkpt lat="26.500550" lon="127.859240"></trkpt>
      <trkpt lat="26.500610" lon="127.859280"></trkpt>
      <trkpt lat="26.500970" lon="127.859560"></trkpt>
      <trkpt lat="26.501020" lon="127.859590"></trkpt>
      <trkpt lat="26.501200" lon="127.859770"></trkpt>
      <trkpt lat="26.501400" lon="127.859990"></trkpt>
      <trkpt lat="26.501510" lon="127.860130"></trkpt>
      <trkpt lat="26.501680" lon="127.860380"></trkpt>
      <trkpt lat="26.501790" lon="127.860570"></trkpt>
      <trkpt lat="26.501820" lon="127.860600"></trkpt>
      <trkpt lat="26.501820" lon="127.860620"></trkpt>
      <trkpt lat="26.501900" lon="127.860730"></trkpt>
      <trkpt lat="26.501970" lon="127.860860"></trkpt>
      <trkpt lat="26.502180" lon="127.861160"></trkpt>
      <trkpt lat="26.502340" lon="127.861320"></trkpt>
      <trkpt lat="26.502470" lon="127.861420"></trkpt>
      <trkpt lat="26.502940" lon="127.861730"></trkpt>
      <trkpt lat="26.503900" lon="127.862420"></trkpt>
      <trkpt lat="26.504100" lon="127.862550"></trkpt>
      <trkpt lat="26.505250" lon="127.863360"></trkpt>
      <trkpt lat="26.505370" lon="127.863460"></trkpt>
      <trkpt lat="26.505460" lon="127.863520"></trkpt>
      <trkpt lat="26.505510" lon="127.863560"></trkpt>
      <trkpt lat="26.505590" lon="127.863640"></trkpt>
      <trkpt lat="26.505710" lon="127.863740"></trkpt>
      <trkpt lat="26.505780" lon="127.863810"></trkpt>
      <trkpt lat="26.505820" lon="127.863840"></trkpt>
      <trkpt lat="26.506080" lon="127.864110"></trkpt>
      <trkpt lat="26.506290" lon="127.864360"></trkpt>
      <trkpt lat="26.506520" lon="127.864680"></trkpt>
      <trkpt lat="26.506820" lon="127.865160"></trkpt>
      <trkpt lat="26.507000" lon="127.865420"></trkpt>
      <trkpt lat="26.507190" lon="127.865660"></trkpt>
      <trkpt lat="26.507270" lon="127.865750"></trkpt>
      <trkpt lat="26.507280" lon="127.865770"></trkpt>
      <trkpt lat="26.507450" lon="127.865960"></trkpt>
      <trkpt lat="26.507900" lon="127.866400"></trkpt>
      <trkpt lat="26.508010" lon="127.866520"></trkpt>
      <trkpt lat="26.508100" lon="127.866630"></trkpt>
      <trkpt lat="26.508160" lon="127.866690"></trkpt>
      <trkpt lat="26.509010" lon="127.867890"></trkpt>
      <trkpt lat="26.509020" lon="127.867900"></trkpt>
      <trkpt lat="26.509060" lon="127.867980"></trkpt>
      <trkpt lat="26.509120" lon="127.868080"></trkpt>
      <trkpt lat="26.509210" lon="127.868270"></trkpt>
      <trkpt lat="26.509240" lon="127.868360"></trkpt>
      <trkpt lat="26.509270" lon="127.868490"></trkpt>
      <trkpt lat="26.509310" lon="127.868760"></trkpt>
      <trkpt lat="26.509310" lon="127.868890"></trkpt>
      <trkpt lat="26.509300" lon="127.868960"></trkpt>
      <trkpt lat="26.509300" lon="127.869020"></trkpt>
      <trkpt lat="26.509290" lon="127.869130"></trkpt>
      <trkpt lat="26.509160" lon="127.869620"></trkpt>
      <trkpt lat="26.509100" lon="127.869790"></trkpt>
      <trkpt lat="26.509000" lon="127.870180"></trkpt>
      <trkpt lat="26.509000" lon="127.870210"></trkpt>
      <trkpt lat="26.508970" lon="127.870330"></trkpt>
      <trkpt lat="26.508960" lon="127.870420"></trkpt>
      <trkpt lat="26.508900" lon="127.870730"></trkpt>
      <trkpt lat="26.508880" lon="127.870970"></trkpt>
      <trkpt lat="26.508850" lon="127.872110"></trkpt>
      <trkpt lat="26.508800" lon="127.872440"></trkpt>
      <trkpt lat="26.508790" lon="127.872460"></trkpt>
      <trkpt lat="26.508740" lon="127.872630"></trkpt>
      <trkpt lat="26.508650" lon="127.872870"></trkpt>
      <trkpt lat="26.508400" lon="127.873330"></trkpt>
      <trkpt lat="26.508120" lon="127.873890"></trkpt>
      <trkpt lat="26.507700" lon="127.874670"></trkpt>
      <trkpt lat="26.507550" lon="127.874900"></trkpt>
      <trkpt lat="26.507260" lon="127.875450"></trkpt>
      <trkpt lat="26.507050" lon="127.875880"></trkpt>
      <trkpt lat="26.506800" lon="127.876450"></trkpt>
      <trkpt lat="26.506500" lon="127.877250"></trkpt>
      <trkpt lat="26.506240" lon="127.878010"></trkpt>
      <trkpt lat="26.506160" lon="127.878180"></trkpt>
      <trkpt lat="26.506080" lon="127.878320"></trkpt>
      <trkpt lat="26.505950" lon="127.878500"></trkpt>
      <trkpt lat="26.505810" lon="127.878670"></trkpt>
      <trkpt lat="26.505450" lon="127.878940"></trkpt>
      <trkpt lat="26.505150" lon="127.879080"></trkpt>
      <trkpt lat="26.504610" lon="127.879280"></trkpt>
      <trkpt lat="26.504390" lon="127.879380"></trkpt>
      <trkpt lat="26.504380" lon="127.879380"></trkpt>
      <trkpt lat="26.504320" lon="127.879410"></trkpt>
      <trkpt lat="26.504230" lon="127.879470"></trkpt>
      <trkpt lat="26.504220" lon="127.879470"></trkpt>
      <trkpt lat="26.504080" lon="127.879560"></trkpt>
      <trkpt lat="26.503860" lon="127.879660"></trkpt>
      <trkpt lat="26.503730" lon="127.879700"></trkpt>
      <trkpt lat="26.503630" lon="127.879720"></trkpt>
      <trkpt lat="26.503550" lon="127.880140"></trkpt>
      <trkpt lat="26.503440" lon="127.880590"></trkpt>
      <trkpt lat="26.503020" lon="127.881760"></trkpt>
      <trkpt lat="26.503010" lon="127.881780"></trkpt>
      <trkpt lat="26.502940" lon="127.882000"></trkpt>
      <trkpt lat="26.502870" lon="127.882170"></trkpt>
      <trkpt lat="26.502740" lon="127.882540"></trkpt>
      <trkpt lat="26.502610" lon="127.882840"></trkpt>
      <trkpt lat="26.502360" lon="127.883330"></trkpt>
      <trkpt lat="26.501340" lon="127.885170"></trkpt>
      <trkpt lat="26.501220" lon="127.885410"></trkpt>
      <trkpt lat="26.501200" lon="127.885440"></trkpt>
      <trkpt lat="26.501090" lon="127.885670"></trkpt>
      <trkpt lat="26.500990" lon="127.885930"></trkpt>
      <trkpt lat="26.500970" lon="127.886040"></trkpt>
      <trkpt lat="26.500950" lon="127.886100"></trkpt>
      <trkpt lat="26.500940" lon="127.886160"></trkpt>
      <trkpt lat="26.500940" lon="127.886230"></trkpt>
      <trkpt lat="26.500930" lon="127.886310"></trkpt>
      <trkpt lat="26.500930" lon="127.886460"></trkpt>
      <trkpt lat="26.500940" lon="127.886540"></trkpt>
      <trkpt lat="26.500940" lon="127.886620"></trkpt>
      <trkpt lat="26.501050" lon="127.887500"></trkpt>
      <trkpt lat="26.501100" lon="127.887780"></trkpt>
      <trkpt lat="26.501150" lon="127.887960"></trkpt>
      <trkpt lat="26.501310" lon="127.888280"></trkpt>
      <trkpt lat="26.501380" lon="127.888370"></trkpt>
      <trkpt lat="26.501430" lon="127.888450"></trkpt>
      <trkpt lat="26.501590" lon="127.888650"></trkpt>
      <trkpt lat="26.502510" lon="127.889720"></trkpt>
      <trkpt lat="26.502640" lon="127.889850"></trkpt>
      <trkpt lat="26.502760" lon="127.889990"></trkpt>
      <trkpt lat="26.502820" lon="127.890040"></trkpt>
      <trkpt lat="26.502870" lon="127.890090"></trkpt>
      <trkpt lat="26.502990" lon="127.890180"></trkpt>
      <trkpt lat="26.503140" lon="127.890270"></trkpt>
      <trkpt lat="26.503200" lon="127.890290"></trkpt>
      <trkpt lat="26.503240" lon="127.890310"></trkpt>
      <trkpt lat="26.503500" lon="127.890380"></trkpt>
      <trkpt lat="26.503540" lon="127.890380"></trkpt>
      <trkpt lat="26.503610" lon="127.890390"></trkpt>
      <trkpt lat="26.503760" lon="127.890390"></trkpt>
      <trkpt lat="26.503840" lon="127.890380"></trkpt>
      <trkpt lat="26.504110" lon="127.890310"></trkpt>
      <trkpt lat="26.504670" lon="127.890100"></trkpt>
      <trkpt lat="26.504790" lon="127.890070"></trkpt>
      <trkpt lat="26.504970" lon="127.890040"></trkpt>
      <trkpt lat="26.505090" lon="127.890040"></trkpt>
      <trkpt lat="26.505340" lon="127.890070"></trkpt>
      <trkpt lat="26.505540" lon="127.890130"></trkpt>
      <trkpt lat="26.505750" lon="127.890240"></trkpt>
      <trkpt lat="26.505810" lon="127.890280"></trkpt>
      <trkpt lat="26.506030" lon="127.890470"></trkpt>
      <trkpt lat="26.506890" lon="127.891350"></trkpt>
      <trkpt lat="26.507030" lon="127.891470"></trkpt>
      <trkpt lat="26.507320" lon="127.891680"></trkpt>
      <trkpt lat="26.507460" lon="127.891760"></trkpt>
      <trkpt lat="26.507630" lon="127.891840"></trkpt>
      <trkpt lat="26.507930" lon="127.891930"></trkpt>
      <trkpt lat="26.508180" lon="127.891980"></trkpt>
      <trkpt lat="26.509940" lon="127.892210"></trkpt>
      <trkpt lat="26.510250" lon="127.892240"></trkpt>
      <trkpt lat="26.510270" lon="127.892250"></trkpt>
      <trkpt lat="26.510510" lon="127.892280"></trkpt>
      <trkpt lat="26.510570" lon="127.892300"></trkpt>
      <trkpt lat="26.510620" lon="127.892310"></trkpt>
      <trkpt lat="26.510750" lon="127.892350"></trkpt>
      <trkpt lat="26.510910" lon="127.892410"></trkpt>
      <trkpt lat="26.511040" lon="127.892480"></trkpt>
      <trkpt lat="26.511120" lon="127.892530"></trkpt>
      <trkpt lat="26.511130" lon="127.892540"></trkpt>
      <trkpt lat="26.511290" lon="127.892660"></trkpt>
      <trkpt lat="26.511360" lon="127.892730"></trkpt>
      <trkpt lat="26.511410" lon="127.892770"></trkpt>
      <trkpt lat="26.511500" lon="127.892880"></trkpt>
      <trkpt lat="26.511550" lon="127.892930"></trkpt>
      <trkpt lat="26.511620" lon="127.893030"></trkpt>
      <trkpt lat="26.511650" lon="127.893060"></trkpt>
      <trkpt lat="26.511670" lon="127.893100"></trkpt>
      <trkpt lat="26.511770" lon="127.893250"></trkpt>
      <trkpt lat="26.512050" lon="127.893760"></trkpt>
      <trkpt lat="26.512110" lon="127.893910"></trkpt>
      <trkpt lat="26.512150" lon="127.894060"></trkpt>
      <trkpt lat="26.512170" lon="127.894110"></trkpt>
      <trkpt lat="26.512220" lon="127.894420"></trkpt>
      <trkpt lat="26.512240" lon="127.894860"></trkpt>
      <trkpt lat="26.512240" lon="127.895230"></trkpt>
      <trkpt lat="26.512210" lon="127.895980"></trkpt>
      <trkpt lat="26.512140" lon="127.896720"></trkpt>
      <trkpt lat="26.512090" lon="127.896960"></trkpt>
      <trkpt lat="26.512010" lon="127.897220"></trkpt>
      <trkpt lat="26.511960" lon="127.897320"></trkpt>
      <trkpt lat="26.511910" lon="127.897400"></trkpt>
      <trkpt lat="26.511890" lon="127.897450"></trkpt>
      <trkpt lat="26.511660" lon="127.897840"></trkpt>
      <trkpt lat="26.511570" lon="127.898040"></trkpt>
      <trkpt lat="26.511510" lon="127.898200"></trkpt>
      <trkpt lat="26.511510" lon="127.898210"></trkpt>
      <trkpt lat="26.511500" lon="127.898220"></trkpt>
      <trkpt lat="26.511460" lon="127.898380"></trkpt>
      <trkpt lat="26.511460" lon="127.898400"></trkpt>
      <trkpt lat="26.511440" lon="127.898550"></trkpt>
      <trkpt lat="26.511440" lon="127.898820"></trkpt>
      <trkpt lat="26.511450" lon="127.898860"></trkpt>
      <trkpt lat="26.511450" lon="127.898930"></trkpt>
      <trkpt lat="26.511480" lon="127.899080"></trkpt>
      <trkpt lat="26.511510" lon="127.899180"></trkpt>
      <trkpt lat="26.511530" lon="127.899270"></trkpt>
      <trkpt lat="26.511580" lon="127.899390"></trkpt>
      <trkpt lat="26.511620" lon="127.899470"></trkpt>
      <trkpt lat="26.511830" lon="127.899790"></trkpt>
      <trkpt lat="26.512080" lon="127.900040"></trkpt>
      <trkpt lat="26.512320" lon="127.900240"></trkpt>
      <trkpt lat="26.512690" lon="127.900580"></trkpt>
      <trkpt lat="26.513240" lon="127.901030"></trkpt>
      <trkpt lat="26.513560" lon="127.901320"></trkpt>
      <trkpt lat="26.513720" lon="127.901500"></trkpt>
      <trkpt lat="26.513810" lon="127.901620"></trkpt>
      <trkpt lat="26.513970" lon="127.901910"></trkpt>
      <trkpt lat="26.514010" lon="127.902010"></trkpt>
      <trkpt lat="26.514180" lon="127.902580"></trkpt>
      <trkpt lat="26.514300" lon="127.902850"></trkpt>
      <trkpt lat="26.514400" lon="127.903050"></trkpt>
      <trkpt lat="26.514540" lon="127.903240"></trkpt>
      <trkpt lat="26.514560" lon="127.903280"></trkpt>
      <trkpt lat="26.514720" lon="127.903440"></trkpt>
      <trkpt lat="26.514870" lon="127.903570"></trkpt>
      <trkpt lat="26.515480" lon="127.903990"></trkpt>
      <trkpt lat="26.515820" lon="127.904240"></trkpt>
      <trkpt lat="26.516030" lon="127.904450"></trkpt>
      <trkpt lat="26.516140" lon="127.904580"></trkpt>
      <trkpt lat="26.516240" lon="127.904730"></trkpt>
      <trkpt lat="26.516250" lon="127.904740"></trkpt>
      <trkpt lat="26.516360" lon="127.904940"></trkpt>
      <trkpt lat="26.516590" lon="127.905460"></trkpt>
      <trkpt lat="26.516790" lon="127.905790"></trkpt>
      <trkpt lat="26.516870" lon="127.905890"></trkpt>
      <trkpt lat="26.517020" lon="127.906040"></trkpt>
      <trkpt lat="26.517390" lon="127.906350"></trkpt>
      <trkpt lat="26.517530" lon="127.906450"></trkpt>
      <trkpt lat="26.517550" lon="127.906480"></trkpt>
      <trkpt lat="26.517770" lon="127.906660"></trkpt>
      <trkpt lat="26.517820" lon="127.906710"></trkpt>
      <trkpt lat="26.517990" lon="127.906910"></trkpt>
      <trkpt lat="26.518020" lon="127.906960"></trkpt>
      <trkpt lat="26.518080" lon="127.907040"></trkpt>
      <trkpt lat="26.518170" lon="127.907230"></trkpt>
      <trkpt lat="26.518220" lon="127.907360"></trkpt>
      <trkpt lat="26.518230" lon="127.907410"></trkpt>
      <trkpt lat="26.518230" lon="127.907430"></trkpt>
      <trkpt lat="26.518240" lon="127.907450"></trkpt>
      <trkpt lat="26.518270" lon="127.907590"></trkpt>
      <trkpt lat="26.518270" lon="127.907650"></trkpt>
      <trkpt lat="26.518280" lon="127.907720"></trkpt>
      <trkpt lat="26.518280" lon="127.907780"></trkpt>
      <trkpt lat="26.518290" lon="127.907830"></trkpt>
      <trkpt lat="26.518280" lon="127.907930"></trkpt>
      <trkpt lat="26.518290" lon="127.907990"></trkpt>
      <trkpt lat="26.518260" lon="127.908230"></trkpt>
      <trkpt lat="26.518240" lon="127.908330"></trkpt>
      <trkpt lat="26.518210" lon="127.908410"></trkpt>
      <trkpt lat="26.518190" lon="127.908480"></trkpt>
      <trkpt lat="26.518140" lon="127.908600"></trkpt>
      <trkpt lat="26.518090" lon="127.908700"></trkpt>
      <trkpt lat="26.518050" lon="127.908750"></trkpt>
      <trkpt lat="26.518050" lon="127.908770"></trkpt>
      <trkpt lat="26.518030" lon="127.908790"></trkpt>
      <trkpt lat="26.517990" lon="127.908840"></trkpt>
      <trkpt lat="26.517960" lon="127.908890"></trkpt>
      <trkpt lat="26.517880" lon="127.908990"></trkpt>
      <trkpt lat="26.517610" lon="127.909270"></trkpt>
      <trkpt lat="26.517050" lon="127.909890"></trkpt>
      <trkpt lat="26.516870" lon="127.910110"></trkpt>
      <trkpt lat="26.516760" lon="127.910290"></trkpt>
      <trkpt lat="26.516650" lon="127.910520"></trkpt>
      <trkpt lat="26.516520" lon="127.910860"></trkpt>
      <trkpt lat="26.516360" lon="127.911460"></trkpt>
      <trkpt lat="26.516300" lon="127.911650"></trkpt>
      <trkpt lat="26.516160" lon="127.912170"></trkpt>
      <trkpt lat="26.516090" lon="127.912480"></trkpt>
      <trkpt lat="26.516060" lon="127.912720"></trkpt>
      <trkpt lat="26.516060" lon="127.912960"></trkpt>
      <trkpt lat="26.516090" lon="127.913190"></trkpt>
      <trkpt lat="26.516170" lon="127.913570"></trkpt>
      <trkpt lat="26.516300" lon="127.914070"></trkpt>
      <trkpt lat="26.516360" lon="127.914350"></trkpt>
      <trkpt lat="26.516380" lon="127.914480"></trkpt>
      <trkpt lat="26.516380" lon="127.914540"></trkpt>
      <trkpt lat="26.516390" lon="127.914600"></trkpt>
      <trkpt lat="26.516390" lon="127.914810"></trkpt>
      <trkpt lat="26.516340" lon="127.915070"></trkpt>
      <trkpt lat="26.516320" lon="127.915120"></trkpt>
      <trkpt lat="26.516310" lon="127.915160"></trkpt>
      <trkpt lat="26.516300" lon="127.915170"></trkpt>
      <trkpt lat="26.516260" lon="127.915280"></trkpt>
      <trkpt lat="26.516190" lon="127.915410"></trkpt>
      <trkpt lat="26.516000" lon="127.915650"></trkpt>
      <trkpt lat="26.515980" lon="127.915660"></trkpt>
      <trkpt lat="26.515620" lon="127.916000"></trkpt>
      <trkpt lat="26.515510" lon="127.916120"></trkpt>
      <trkpt lat="26.515510" lon="127.916140"></trkpt>
      <trkpt lat="26.515500" lon="127.916160"></trkpt>
      <trkpt lat="26.515490" lon="127.916170"></trkpt>
      <trkpt lat="26.515470" lon="127.916200"></trkpt>
      <trkpt lat="26.515440" lon="127.916230"></trkpt>
      <trkpt lat="26.515330" lon="127.916420"></trkpt>
      <trkpt lat="26.515300" lon="127.916500"></trkpt>
      <trkpt lat="26.515280" lon="127.916540"></trkpt>
      <trkpt lat="26.515260" lon="127.916600"></trkpt>
      <trkpt lat="26.515240" lon="127.916700"></trkpt>
      <trkpt lat="26.515210" lon="127.916810"></trkpt>
      <trkpt lat="26.515200" lon="127.916920"></trkpt>
      <trkpt lat="26.515180" lon="127.917030"></trkpt>
      <trkpt lat="26.515200" lon="127.917140"></trkpt>
      <trkpt lat="26.515200" lon="127.917180"></trkpt>
      <trkpt lat="26.515210" lon="127.917240"></trkpt>
      <trkpt lat="26.515210" lon="127.917290"></trkpt>
      <trkpt lat="26.515230" lon="127.917330"></trkpt>
      <trkpt lat="26.515250" lon="127.917400"></trkpt>
      <trkpt lat="26.515260" lon="127.917420"></trkpt>
      <trkpt lat="26.515260" lon="127.917450"></trkpt>
      <trkpt lat="26.515280" lon="127.917470"></trkpt>
      <trkpt lat="26.515320" lon="127.917560"></trkpt>
      <trkpt lat="26.515360" lon="127.917620"></trkpt>
      <trkpt lat="26.515400" lon="127.917660"></trkpt>
      <trkpt lat="26.515500" lon="127.917780"></trkpt>
      <trkpt lat="26.515550" lon="127.917880"></trkpt>
      <trkpt lat="26.515690" lon="127.918040"></trkpt>
      <trkpt lat="26.515790" lon="127.918180"></trkpt>
      <trkpt lat="26.515820" lon="127.918210"></trkpt>
      <trkpt lat="26.516120" lon="127.918590"></trkpt>
      <trkpt lat="26.516340" lon="127.918820"></trkpt>
      <trkpt lat="26.516580" lon="127.919000"></trkpt>
      <trkpt lat="26.516590" lon="127.919000"></trkpt>
      <trkpt lat="26.516710" lon="127.919090"></trkpt>
      <trkpt lat="26.516790" lon="127.919140"></trkpt>
      <trkpt lat="26.517170" lon="127.919330"></trkpt>
      <trkpt lat="26.517220" lon="127.919340"></trkpt>
      <trkpt lat="26.517450" lon="127.919420"></trkpt>
      <trkpt lat="26.517640" lon="127.919460"></trkpt>
      <trkpt lat="26.517940" lon="127.919490"></trkpt>
      <trkpt lat="26.518600" lon="127.919490"></trkpt>
      <trkpt lat="26.518730" lon="127.919500"></trkpt>
      <trkpt lat="26.518860" lon="127.919520"></trkpt>
      <trkpt lat="26.519050" lon="127.919580"></trkpt>
      <trkpt lat="26.519160" lon="127.919630"></trkpt>
      <trkpt lat="26.519260" lon="127.919690"></trkpt>
      <trkpt lat="26.519370" lon="127.919770"></trkpt>
      <trkpt lat="26.519500" lon="127.919880"></trkpt>
      <trkpt lat="26.519580" lon="127.919960"></trkpt>
      <trkpt lat="26.519700" lon="127.920100"></trkpt>
      <trkpt lat="26.519740" lon="127.920140"></trkpt>
      <trkpt lat="26.520030" lon="127.920510"></trkpt>
      <trkpt lat="26.520100" lon="127.920590"></trkpt>
      <trkpt lat="26.520180" lon="127.920670"></trkpt>
      <trkpt lat="26.520260" lon="127.920740"></trkpt>
      <trkpt lat="26.520320" lon="127.920780"></trkpt>
      <trkpt lat="26.520370" lon="127.920820"></trkpt>
      <trkpt lat="26.520610" lon="127.920960"></trkpt>
      <trkpt lat="26.520800" lon="127.921030"></trkpt>
      <trkpt lat="26.520890" lon="127.921050"></trkpt>
      <trkpt lat="26.520950" lon="127.921070"></trkpt>
      <trkpt lat="26.521020" lon="127.921080"></trkpt>
      <trkpt lat="26.521240" lon="127.921080"></trkpt>
      <trkpt lat="26.521770" lon="127.921040"></trkpt>
      <trkpt lat="26.521920" lon="127.921040"></trkpt>
      <trkpt lat="26.522060" lon="127.921050"></trkpt>
      <trkpt lat="26.522170" lon="127.921070"></trkpt>
      <trkpt lat="26.522320" lon="127.921120"></trkpt>
      <trkpt lat="26.522390" lon="127.921150"></trkpt>
      <trkpt lat="26.522520" lon="127.921220"></trkpt>
      <trkpt lat="26.522880" lon="127.921450"></trkpt>
      <trkpt lat="26.523480" lon="127.921880"></trkpt>
      <trkpt lat="26.523490" lon="127.921880"></trkpt>
      <trkpt lat="26.523930" lon="127.922170"></trkpt>
      <trkpt lat="26.524290" lon="127.922430"></trkpt>
      <trkpt lat="26.524640" lon="127.922750"></trkpt>
      <trkpt lat="26.525060" lon="127.923180"></trkpt>
      <trkpt lat="26.525140" lon="127.923300"></trkpt>
      <trkpt lat="26.525210" lon="127.923390"></trkpt>
      <trkpt lat="26.525470" lon="127.923810"></trkpt>
      <trkpt lat="26.525490" lon="127.923880"></trkpt>
      <trkpt lat="26.525590" lon="127.924080"></trkpt>
      <trkpt lat="26.525790" lon="127.924590"></trkpt>
      <trkpt lat="26.526260" lon="127.925670"></trkpt>
      <trkpt lat="26.526320" lon="127.925830"></trkpt>
      <trkpt lat="26.526490" lon="127.926200"></trkpt>
      <trkpt lat="26.526530" lon="127.926270"></trkpt>
      <trkpt lat="26.526580" lon="127.926330"></trkpt>
      <trkpt lat="26.526610" lon="127.926380"></trkpt>
      <trkpt lat="26.526760" lon="127.926560"></trkpt>
      <trkpt lat="26.528300" lon="127.928130"></trkpt>
      <trkpt lat="26.528550" lon="127.928420"></trkpt>
      <trkpt lat="26.528960" lon="127.928850"></trkpt>
      <trkpt lat="26.528990" lon="127.928860"></trkpt>
      <trkpt lat="26.529010" lon="127.928870"></trkpt>
      <trkpt lat="26.529570" lon="127.929490"></trkpt>
      <trkpt lat="26.529730" lon="127.929650"></trkpt>
      <trkpt lat="26.529830" lon="127.929770"></trkpt>
      <trkpt lat="26.530030" lon="127.929970"></trkpt>
      <trkpt lat="26.530050" lon="127.930000"></trkpt>
      <trkpt lat="26.530130" lon="127.930060"></trkpt>
      <trkpt lat="26.530220" lon="127.930110"></trkpt>
      <trkpt lat="26.530230" lon="127.930120"></trkpt>
      <trkpt lat="26.530350" lon="127.930180"></trkpt>
      <trkpt lat="26.530430" lon="127.930210"></trkpt>
      <trkpt lat="26.530480" lon="127.930220"></trkpt>
      <trkpt lat="26.530500" lon="127.930230"></trkpt>
      <trkpt lat="26.530520" lon="127.930230"></trkpt>
      <trkpt lat="26.531330" lon="127.930380"></trkpt>
      <trkpt lat="26.531340" lon="127.930390"></trkpt>
      <trkpt lat="26.531390" lon="127.930400"></trkpt>
      <trkpt lat="26.531410" lon="127.930400"></trkpt>
      <trkpt lat="26.531430" lon="127.930410"></trkpt>
      <trkpt lat="26.531430" lon="127.930420"></trkpt>
      <trkpt lat="26.531440" lon="127.930420"></trkpt>
      <trkpt lat="26.531730" lon="127.930480"></trkpt>
      <trkpt lat="26.531790" lon="127.930500"></trkpt>
      <trkpt lat="26.531890" lon="127.930510"></trkpt>
      <trkpt lat="26.532030" lon="127.930550"></trkpt>
      <trkpt lat="26.532820" lon="127.930710"></trkpt>
      <trkpt lat="26.533150" lon="127.930800"></trkpt>
      <trkpt lat="26.533260" lon="127.930840"></trkpt>
      <trkpt lat="26.533770" lon="127.931060"></trkpt>
      <trkpt lat="26.534130" lon="127.931250"></trkpt>
      <trkpt lat="26.534470" lon="127.931490"></trkpt>
      <trkpt lat="26.534700" lon="127.931670"></trkpt>
      <trkpt lat="26.534980" lon="127.931920"></trkpt>
      <trkpt lat="26.535310" lon="127.932280"></trkpt>
      <trkpt lat="26.535460" lon="127.932480"></trkpt>
      <trkpt lat="26.535630" lon="127.932680"></trkpt>
      <trkpt lat="26.535900" lon="127.933040"></trkpt>
      <trkpt lat="26.536140" lon="127.933430"></trkpt>
      <trkpt lat="26.536240" lon="127.933630"></trkpt>
      <trkpt lat="26.536280" lon="127.933730"></trkpt>
      <trkpt lat="26.536300" lon="127.933810"></trkpt>
      <trkpt lat="26.536380" lon="127.934040"></trkpt>
      <trkpt lat="26.536390" lon="127.934060"></trkpt>
      <trkpt lat="26.536480" lon="127.934350"></trkpt>
      <trkpt lat="26.536540" lon="127.934620"></trkpt>
      <trkpt lat="26.536590" lon="127.935190"></trkpt>
      <trkpt lat="26.536590" lon="127.935410"></trkpt>
      <trkpt lat="26.536580" lon="127.935590"></trkpt>
      <trkpt lat="26.536510" lon="127.936090"></trkpt>
      <trkpt lat="26.536290" lon="127.937350"></trkpt>
      <trkpt lat="26.536060" lon="127.939000"></trkpt>
      <trkpt lat="26.535950" lon="127.939620"></trkpt>
      <trkpt lat="26.535870" lon="127.939900"></trkpt>
      <trkpt lat="26.535830" lon="127.940000"></trkpt>
      <trkpt lat="26.535810" lon="127.940080"></trkpt>
      <trkpt lat="26.535800" lon="127.940090"></trkpt>
      <trkpt lat="26.535740" lon="127.940230"></trkpt>
      <trkpt lat="26.535660" lon="127.940390"></trkpt>
      <trkpt lat="26.535570" lon="127.940540"></trkpt>
      <trkpt lat="26.535520" lon="127.940640"></trkpt>
      <trkpt lat="26.535460" lon="127.940720"></trkpt>
      <trkpt lat="26.534930" lon="127.941600"></trkpt>
      <trkpt lat="26.534810" lon="127.941830"></trkpt>
      <trkpt lat="26.534790" lon="127.941900"></trkpt>
      <trkpt lat="26.534750" lon="127.941980"></trkpt>
      <trkpt lat="26.534700" lon="127.942170"></trkpt>
      <trkpt lat="26.534670" lon="127.942320"></trkpt>
      <trkpt lat="26.534670" lon="127.942380"></trkpt>
      <trkpt lat="26.534660" lon="127.942460"></trkpt>
      <trkpt lat="26.534660" lon="127.942580"></trkpt>
      <trkpt lat="26.534670" lon="127.942640"></trkpt>
      <trkpt lat="26.534670" lon="127.942690"></trkpt>
      <trkpt lat="26.534710" lon="127.942950"></trkpt>
      <trkpt lat="26.534740" lon="127.943060"></trkpt>
      <trkpt lat="26.534910" lon="127.943570"></trkpt>
      <trkpt lat="26.534950" lon="127.943670"></trkpt>
      <trkpt lat="26.535060" lon="127.944010"></trkpt>
      <trkpt lat="26.535080" lon="127.944090"></trkpt>
      <trkpt lat="26.535210" lon="127.944460"></trkpt>
      <trkpt lat="26.535230" lon="127.944490"></trkpt>
      <trkpt lat="26.535240" lon="127.944520"></trkpt>
      <trkpt lat="26.535380" lon="127.944770"></trkpt>
      <trkpt lat="26.535460" lon="127.944890"></trkpt>
      <trkpt lat="26.535480" lon="127.944910"></trkpt>
      <trkpt lat="26.535530" lon="127.944980"></trkpt>
      <trkpt lat="26.535640" lon="127.945110"></trkpt>
      <trkpt lat="26.536690" lon="127.946180"></trkpt>
      <trkpt lat="26.536810" lon="127.946290"></trkpt>
      <trkpt lat="26.537230" lon="127.946720"></trkpt>
      <trkpt lat="26.537630" lon="127.947180"></trkpt>
      <trkpt lat="26.537730" lon="127.947310"></trkpt>
      <trkpt lat="26.537980" lon="127.947680"></trkpt>
      <trkpt lat="26.538490" lon="127.948540"></trkpt>
      <trkpt lat="26.538710" lon="127.948850"></trkpt>
      <trkpt lat="26.539060" lon="127.949220"></trkpt>
      <trkpt lat="26.540770" lon="127.950580"></trkpt>
      <trkpt lat="26.540860" lon="127.950640"></trkpt>
      <trkpt lat="26.541790" lon="127.951380"></trkpt>
      <trkpt lat="26.541960" lon="127.951500"></trkpt>
      <trkpt lat="26.542040" lon="127.951570"></trkpt>
      <trkpt lat="26.542110" lon="127.951620"></trkpt>
      <trkpt lat="26.542360" lon="127.951770"></trkpt>
      <trkpt lat="26.542520" lon="127.951840"></trkpt>
      <trkpt lat="26.542580" lon="127.951860"></trkpt>
      <trkpt lat="26.542640" lon="127.951890"></trkpt>
      <trkpt lat="26.542700" lon="127.951900"></trkpt>
      <trkpt lat="26.542750" lon="127.951920"></trkpt>
      <trkpt lat="26.542860" lon="127.951940"></trkpt>
      <trkpt lat="26.542920" lon="127.951960"></trkpt>
      <trkpt lat="26.543420" lon="127.952020"></trkpt>
      <trkpt lat="26.543510" lon="127.952040"></trkpt>
      <trkpt lat="26.543650" lon="127.952060"></trkpt>
      <trkpt lat="26.543750" lon="127.952100"></trkpt>
      <trkpt lat="26.543810" lon="127.952110"></trkpt>
      <trkpt lat="26.543900" lon="127.952150"></trkpt>
      <trkpt lat="26.544090" lon="127.952260"></trkpt>
      <trkpt lat="26.544160" lon="127.952310"></trkpt>
      <trkpt lat="26.544220" lon="127.952370"></trkpt>
      <trkpt lat="26.544280" lon="127.952410"></trkpt>
      <trkpt lat="26.544310" lon="127.952450"></trkpt>
      <trkpt lat="26.544350" lon="127.952480"></trkpt>
      <trkpt lat="26.544640" lon="127.952850"></trkpt>
      <trkpt lat="26.544820" lon="127.953190"></trkpt>
      <trkpt lat="26.544980" lon="127.953590"></trkpt>
      <trkpt lat="26.545040" lon="127.953810"></trkpt>
      <trkpt lat="26.545060" lon="127.953860"></trkpt>
      <trkpt lat="26.545090" lon="127.954020"></trkpt>
      <trkpt lat="26.545110" lon="127.954090"></trkpt>
      <trkpt lat="26.545170" lon="127.954500"></trkpt>
      <trkpt lat="26.545170" lon="127.954580"></trkpt>
      <trkpt lat="26.545190" lon="127.954740"></trkpt>
      <trkpt lat="26.545190" lon="127.954810"></trkpt>
      <trkpt lat="26.545200" lon="127.954890"></trkpt>
      <trkpt lat="26.545290" lon="127.956950"></trkpt>
      <trkpt lat="26.545340" lon="127.957630"></trkpt>
      <trkpt lat="26.545340" lon="127.957940"></trkpt>
      <trkpt lat="26.545300" lon="127.958210"></trkpt>
      <trkpt lat="26.545280" lon="127.958290"></trkpt>
      <trkpt lat="26.545270" lon="127.958310"></trkpt>
      <trkpt lat="26.545270" lon="127.958330"></trkpt>
      <trkpt lat="26.545250" lon="127.958370"></trkpt>
      <trkpt lat="26.545230" lon="127.958440"></trkpt>
      <trkpt lat="26.545180" lon="127.958550"></trkpt>
      <trkpt lat="26.545120" lon="127.958660"></trkpt>
      <trkpt lat="26.545080" lon="127.958710"></trkpt>
      <trkpt lat="26.545020" lon="127.958770"></trkpt>
      <trkpt lat="26.544920" lon="127.958890"></trkpt>
      <trkpt lat="26.544840" lon="127.958970"></trkpt>
      <trkpt lat="26.544680" lon="127.959090"></trkpt>
      <trkpt lat="26.544600" lon="127.959140"></trkpt>
      <trkpt lat="26.544480" lon="127.959200"></trkpt>
      <trkpt lat="26.544330" lon="127.959250"></trkpt>
      <trkpt lat="26.544180" lon="127.959290"></trkpt>
      <trkpt lat="26.544010" lon="127.959320"></trkpt>
      <trkpt lat="26.543880" lon="127.959320"></trkpt>
      <trkpt lat="26.543860" lon="127.959330"></trkpt>
      <trkpt lat="26.543200" lon="127.959380"></trkpt>
      <trkpt lat="26.543110" lon="127.959380"></trkpt>
      <trkpt lat="26.542980" lon="127.959390"></trkpt>
      <trkpt lat="26.542960" lon="127.959400"></trkpt>
      <trkpt lat="26.542870" lon="127.959400"></trkpt>
      <trkpt lat="26.542840" lon="127.959410"></trkpt>
      <trkpt lat="26.542730" lon="127.959410"></trkpt>
      <trkpt lat="26.542670" lon="127.959420"></trkpt>
      <trkpt lat="26.542270" lon="127.959430"></trkpt>
      <trkpt lat="26.542130" lon="127.959450"></trkpt>
      <trkpt lat="26.541850" lon="127.959510"></trkpt>
      <trkpt lat="26.541790" lon="127.959540"></trkpt>
      <trkpt lat="26.541680" lon="127.959580"></trkpt>
      <trkpt lat="26.541460" lon="127.959720"></trkpt>
      <trkpt lat="26.541360" lon="127.959800"></trkpt>
      <trkpt lat="26.541320" lon="127.959840"></trkpt>
      <trkpt lat="26.541240" lon="127.959940"></trkpt>
      <trkpt lat="26.541210" lon="127.959970"></trkpt>
      <trkpt lat="26.541170" lon="127.960020"></trkpt>
      <trkpt lat="26.541080" lon="127.960160"></trkpt>
      <trkpt lat="26.540940" lon="127.960440"></trkpt>
      <trkpt lat="26.540690" lon="127.961080"></trkpt>
      <trkpt lat="26.540590" lon="127.961390"></trkpt>
      <trkpt lat="26.540560" lon="127.961510"></trkpt>
      <trkpt lat="26.540480" lon="127.961720"></trkpt>
      <trkpt lat="26.540370" lon="127.962250"></trkpt>
      <trkpt lat="26.540360" lon="127.962380"></trkpt>
      <trkpt lat="26.540340" lon="127.962450"></trkpt>
      <trkpt lat="26.540330" lon="127.962540"></trkpt>
      <trkpt lat="26.540330" lon="127.962620"></trkpt>
      <trkpt lat="26.540320" lon="127.962700"></trkpt>
      <trkpt lat="26.540320" lon="127.962790"></trkpt>
      <trkpt lat="26.540350" lon="127.963070"></trkpt>
      <trkpt lat="26.540410" lon="127.963280"></trkpt>
      <trkpt lat="26.540440" lon="127.963340"></trkpt>
      <trkpt lat="26.540440" lon="127.963360"></trkpt>
      <trkpt lat="26.540460" lon="127.963410"></trkpt>
      <trkpt lat="26.540500" lon="127.963470"></trkpt>
      <trkpt lat="26.540530" lon="127.963530"></trkpt>
      <trkpt lat="26.540640" lon="127.963690"></trkpt>
      <trkpt lat="26.540670" lon="127.963720"></trkpt>
      <trkpt lat="26.540690" lon="127.963750"></trkpt>
      <trkpt lat="26.540850" lon="127.963920"></trkpt>
      <trkpt lat="26.541040" lon="127.964080"></trkpt>
      <trkpt lat="26.541120" lon="127.964130"></trkpt>
      <trkpt lat="26.541320" lon="127.964290"></trkpt>
      <trkpt lat="26.541610" lon="127.964500"></trkpt>
      <trkpt lat="26.541680" lon="127.964540"></trkpt>
      <trkpt lat="26.541760" lon="127.964600"></trkpt>
      <trkpt lat="26.541900" lon="127.964690"></trkpt>
      <trkpt lat="26.541970" lon="127.964720"></trkpt>
      <trkpt lat="26.542060" lon="127.964770"></trkpt>
      <trkpt lat="26.542160" lon="127.964810"></trkpt>
      <trkpt lat="26.542510" lon="127.964920"></trkpt>
      <trkpt lat="26.542700" lon="127.964950"></trkpt>
      <trkpt lat="26.542780" lon="127.964950"></trkpt>
      <trkpt lat="26.542940" lon="127.964970"></trkpt>
      <trkpt lat="26.543720" lon="127.964960"></trkpt>
      <trkpt lat="26.543960" lon="127.964980"></trkpt>
      <trkpt lat="26.544690" lon="127.965070"></trkpt>
      <trkpt lat="26.545370" lon="127.965210"></trkpt>
      <trkpt lat="26.545450" lon="127.965250"></trkpt>
      <trkpt lat="26.545690" lon="127.965340"></trkpt>
      <trkpt lat="26.545800" lon="127.965370"></trkpt>
      <trkpt lat="26.545980" lon="127.965440"></trkpt>
      <trkpt lat="26.546390" lon="127.965630"></trkpt>
      <trkpt lat="26.546860" lon="127.965900"></trkpt>
      <trkpt lat="26.547020" lon="127.966010"></trkpt>
      <trkpt lat="26.547050" lon="127.966020"></trkpt>
      <trkpt lat="26.547140" lon="127.966090"></trkpt>
      <trkpt lat="26.547180" lon="127.966110"></trkpt>
      <trkpt lat="26.547510" lon="127.966400"></trkpt>
      <trkpt lat="26.547730" lon="127.966560"></trkpt>
      <trkpt lat="26.547830" lon="127.966620"></trkpt>
      <trkpt lat="26.548040" lon="127.966730"></trkpt>
      <trkpt lat="26.548210" lon="127.966790"></trkpt>
      <trkpt lat="26.548290" lon="127.966830"></trkpt>
      <trkpt lat="26.548490" lon="127.966900"></trkpt>
      <trkpt lat="26.548630" lon="127.966940"></trkpt>
      <trkpt lat="26.548830" lon="127.966970"></trkpt>
      <trkpt lat="26.549260" lon="127.967010"></trkpt>
      <trkpt lat="26.549550" lon="127.967010"></trkpt>
      <trkpt lat="26.549960" lon="127.966990"></trkpt>
      <trkpt lat="26.550230" lon="127.967000"></trkpt>
      <trkpt lat="26.550320" lon="127.967010"></trkpt>
      <trkpt lat="26.550520" lon="127.967050"></trkpt>
      <trkpt lat="26.550700" lon="127.967110"></trkpt>
      <trkpt lat="26.551000" lon="127.967270"></trkpt>
      <trkpt lat="26.551250" lon="127.967470"></trkpt>
      <trkpt lat="26.551550" lon="127.967820"></trkpt>
      <trkpt lat="26.551610" lon="127.967900"></trkpt>
      <trkpt lat="26.551750" lon="127.968130"></trkpt>
      <trkpt lat="26.551870" lon="127.968380"></trkpt>
      <trkpt lat="26.551970" lon="127.968620"></trkpt>
      <trkpt lat="26.552030" lon="127.968790"></trkpt>
      <trkpt lat="26.552240" lon="127.969280"></trkpt>
      <trkpt lat="26.552480" lon="127.969790"></trkpt>
      <trkpt lat="26.552650" lon="127.970090"></trkpt>
      <trkpt lat="26.552710" lon="127.970180"></trkpt>
      <trkpt lat="26.552940" lon="127.970480"></trkpt>
      <trkpt lat="26.553020" lon="127.970570"></trkpt>
      <trkpt lat="26.553090" lon="127.970660"></trkpt>
      <trkpt lat="26.553540" lon="127.971080"></trkpt>
      <trkpt lat="26.553780" lon="127.971260"></trkpt>
      <trkpt lat="26.554110" lon="127.971450"></trkpt>
      <trkpt lat="26.554120" lon="127.971460"></trkpt>
      <trkpt lat="26.554460" lon="127.971660"></trkpt>
      <trkpt lat="26.554790" lon="127.971830"></trkpt>
      <trkpt lat="26.554970" lon="127.971940"></trkpt>
      <trkpt lat="26.554980" lon="127.971950"></trkpt>
      <trkpt lat="26.555520" lon="127.972310"></trkpt>
      <trkpt lat="26.555730" lon="127.972480"></trkpt>
      <trkpt lat="26.555870" lon="127.972610"></trkpt>
      <trkpt lat="26.555910" lon="127.972640"></trkpt>
      <trkpt lat="26.556170" lon="127.972900"></trkpt>
      <trkpt lat="26.556410" lon="127.973160"></trkpt>
      <trkpt lat="26.556450" lon="127.973220"></trkpt>
      <trkpt lat="26.556720" lon="127.973560"></trkpt>
      <trkpt lat="26.557560" lon="127.974740"></trkpt>
      <trkpt lat="26.557720" lon="127.974940"></trkpt>
      <trkpt lat="26.557720" lon="127.974950"></trkpt>
      <trkpt lat="26.557920" lon="127.975190"></trkpt>
      <trkpt lat="26.558000" lon="127.975300"></trkpt>
      <trkpt lat="26.558070" lon="127.975380"></trkpt>
      <trkpt lat="26.558610" lon="127.975890"></trkpt>
      <trkpt lat="26.558820" lon="127.976060"></trkpt>
      <trkpt lat="26.559040" lon="127.976220"></trkpt>
      <trkpt lat="26.559180" lon="127.976310"></trkpt>
      <trkpt lat="26.559290" lon="127.976390"></trkpt>
      <trkpt lat="26.559630" lon="127.976590"></trkpt>
      <trkpt lat="26.560130" lon="127.976850"></trkpt>
      <trkpt lat="26.561620" lon="127.977550"></trkpt>
      <trkpt lat="26.562100" lon="127.977810"></trkpt>
      <trkpt lat="26.562370" lon="127.977990"></trkpt>
      <trkpt lat="26.562450" lon="127.978030"></trkpt>
      <trkpt lat="26.562810" lon="127.978280"></trkpt>
      <trkpt lat="26.564400" lon="127.979480"></trkpt>
      <trkpt lat="26.564600" lon="127.979610"></trkpt>
      <trkpt lat="26.564710" lon="127.979670"></trkpt>
      <trkpt lat="26.564810" lon="127.979740"></trkpt>
      <trkpt lat="26.565380" lon="127.980040"></trkpt>
      <trkpt lat="26.565390" lon="127.980050"></trkpt>
      <trkpt lat="26.565470" lon="127.980090"></trkpt>
      <trkpt lat="26.565790" lon="127.980220"></trkpt>
      <trkpt lat="26.565890" lon="127.980270"></trkpt>
      <trkpt lat="26.566200" lon="127.980380"></trkpt>
      <trkpt lat="26.566270" lon="127.980410"></trkpt>
      <trkpt lat="26.566350" lon="127.980430"></trkpt>
      <trkpt lat="26.566430" lon="127.980460"></trkpt>
      <trkpt lat="26.566730" lon="127.980550"></trkpt>
      <trkpt lat="26.567390" lon="127.980690"></trkpt>
      <trkpt lat="26.568000" lon="127.980770"></trkpt>
      <trkpt lat="26.568060" lon="127.980770"></trkpt>
      <trkpt lat="26.568220" lon="127.980790"></trkpt>
      <trkpt lat="26.569770" lon="127.980900"></trkpt>
      <trkpt lat="26.570960" lon="127.981010"></trkpt>
      <trkpt lat="26.571180" lon="127.981050"></trkpt>
      <trkpt lat="26.571380" lon="127.981100"></trkpt>
      <trkpt lat="26.571770" lon="127.981220"></trkpt>
      <trkpt lat="26.572210" lon="127.981420"></trkpt>
      <trkpt lat="26.572460" lon="127.981550"></trkpt>
      <trkpt lat="26.572600" lon="127.981650"></trkpt>
      <trkpt lat="26.572720" lon="127.981720"></trkpt>
      <trkpt lat="26.572990" lon="127.981920"></trkpt>
      <trkpt lat="26.573090" lon="127.982010"></trkpt>
      <trkpt lat="26.573110" lon="127.982020"></trkpt>
      <trkpt lat="26.573170" lon="127.982080"></trkpt>
      <trkpt lat="26.573340" lon="127.982230"></trkpt>
      <trkpt lat="26.573400" lon="127.982300"></trkpt>
      <trkpt lat="26.574280" lon="127.983210"></trkpt>
      <trkpt lat="26.574650" lon="127.983530"></trkpt>
      <trkpt lat="26.574840" lon="127.983680"></trkpt>
      <trkpt lat="26.575010" lon="127.983800"></trkpt>
      <trkpt lat="26.575330" lon="127.983990"></trkpt>
      <trkpt lat="26.575340" lon="127.983990"></trkpt>
      <trkpt lat="26.575540" lon="127.984090"></trkpt>
      <trkpt lat="26.575840" lon="127.984210"></trkpt>
      <trkpt lat="26.575850" lon="127.984210"></trkpt>
      <trkpt lat="26.576000" lon="127.984250"></trkpt>
      <trkpt lat="26.576080" lon="127.984280"></trkpt>
      <trkpt lat="26.576150" lon="127.984300"></trkpt>
      <trkpt lat="26.576200" lon="127.984320"></trkpt>
      <trkpt lat="26.577070" lon="127.984550"></trkpt>
      <trkpt lat="26.577140" lon="127.984560"></trkpt>
      <trkpt lat="26.579280" lon="127.985110"></trkpt>
      <trkpt lat="26.579410" lon="127.985110"></trkpt>
      <trkpt lat="26.579650" lon="127.985160"></trkpt>
      <trkpt lat="26.579820" lon="127.985180"></trkpt>
      <trkpt lat="26.580240" lon="127.985190"></trkpt>
      <trkpt lat="26.580850" lon="127.985130"></trkpt>
      <trkpt lat="26.581120" lon="127.985070"></trkpt>
      <trkpt lat="26.581640" lon="127.984980"></trkpt>
      <trkpt lat="26.582930" lon="127.984720"></trkpt>
      <trkpt lat="26.583900" lon="127.984450"></trkpt>
      <trkpt lat="26.584600" lon="127.984200"></trkpt>
      <trkpt lat="26.585510" lon="127.983780"></trkpt>
      <trkpt lat="26.585610" lon="127.983720"></trkpt>
      <trkpt lat="26.585790" lon="127.983630"></trkpt>
      <trkpt lat="26.585820" lon="127.983610"></trkpt>
      <trkpt lat="26.586700" lon="127.983190"></trkpt>
      <trkpt lat="26.586770" lon="127.983140"></trkpt>
      <trkpt lat="26.586950" lon="127.983040"></trkpt>
      <trkpt lat="26.587000" lon="127.983000"></trkpt>
      <trkpt lat="26.587310" lon="127.982800"></trkpt>
      <trkpt lat="26.587410" lon="127.982710"></trkpt>
      <trkpt lat="26.587480" lon="127.982660"></trkpt>
      <trkpt lat="26.587520" lon="127.982610"></trkpt>
      <trkpt lat="26.587690" lon="127.982460"></trkpt>
      <trkpt lat="26.587770" lon="127.982350"></trkpt>
      <trkpt lat="26.588050" lon="127.982010"></trkpt>
      <trkpt lat="26.588230" lon="127.981770"></trkpt>
      <trkpt lat="26.588310" lon="127.981650"></trkpt>
      <trkpt lat="26.588350" lon="127.981580"></trkpt>
      <trkpt lat="26.588390" lon="127.981530"></trkpt>
      <trkpt lat="26.589270" lon="127.980180"></trkpt>
      <trkpt lat="26.589330" lon="127.980070"></trkpt>
      <trkpt lat="26.589670" lon="127.979560"></trkpt>
      <trkpt lat="26.589670" lon="127.979550"></trkpt>
      <trkpt lat="26.589910" lon="127.979190"></trkpt>
      <trkpt lat="26.590170" lon="127.978730"></trkpt>
      <trkpt lat="26.590240" lon="127.978590"></trkpt>
      <trkpt lat="26.590320" lon="127.978450"></trkpt>
      <trkpt lat="26.590530" lon="127.978040"></trkpt>
      <trkpt lat="26.590540" lon="127.978000"></trkpt>
      <trkpt lat="26.590730" lon="127.977580"></trkpt>
      <trkpt lat="26.591620" lon="127.975250"></trkpt>
      <trkpt lat="26.591670" lon="127.975090"></trkpt>
      <trkpt lat="26.592330" lon="127.973340"></trkpt>
      <trkpt lat="26.592340" lon="127.973280"></trkpt>
      <trkpt lat="26.593340" lon="127.970630"></trkpt>
      <trkpt lat="26.593360" lon="127.970550"></trkpt>
      <trkpt lat="26.593590" lon="127.969960"></trkpt>
      <trkpt lat="26.593750" lon="127.969470"></trkpt>
      <trkpt lat="26.593790" lon="127.969290"></trkpt>
      <trkpt lat="26.593840" lon="127.968980"></trkpt>
      <trkpt lat="26.593860" lon="127.968740"></trkpt>
      <trkpt lat="26.593860" lon="127.968670"></trkpt>
      <trkpt lat="26.593890" lon="127.968250"></trkpt>
      <trkpt lat="26.593860" lon="127.968150"></trkpt>
      <trkpt lat="26.593860" lon="127.968100"></trkpt>
      <trkpt lat="26.593850" lon="127.968060"></trkpt>
      <trkpt lat="26.593850" lon="127.967960"></trkpt>
      <trkpt lat="26.593830" lon="127.967760"></trkpt>
      <trkpt lat="26.593780" lon="127.967560"></trkpt>
      <trkpt lat="26.593770" lon="127.967500"></trkpt>
      <trkpt lat="26.593770" lon="127.967450"></trkpt>
      <trkpt lat="26.593780" lon="127.967370"></trkpt>
      <trkpt lat="26.593710" lon="127.967100"></trkpt>
      <trkpt lat="26.593480" lon="127.966440"></trkpt>
      <trkpt lat="26.593410" lon="127.966290"></trkpt>
      <trkpt lat="26.593380" lon="127.966210"></trkpt>
      <trkpt lat="26.593170" lon="127.965750"></trkpt>
      <trkpt lat="26.593150" lon="127.965660"></trkpt>
      <trkpt lat="26.593120" lon="127.965580"></trkpt>
      <trkpt lat="26.593100" lon="127.965510"></trkpt>
      <trkpt lat="26.593090" lon="127.965410"></trkpt>
      <trkpt lat="26.593070" lon="127.965320"></trkpt>
      <trkpt lat="26.593070" lon="127.965200"></trkpt>
      <trkpt lat="26.593060" lon="127.965120"></trkpt>
      <trkpt lat="26.593070" lon="127.965000"></trkpt>
      <trkpt lat="26.593070" lon="127.964870"></trkpt>
      <trkpt lat="26.593080" lon="127.964790"></trkpt>
      <trkpt lat="26.593080" lon="127.964700"></trkpt>
      <trkpt lat="26.593100" lon="127.964360"></trkpt>
      <trkpt lat="26.593130" lon="127.964090"></trkpt>
      <trkpt lat="26.593210" lon="127.963720"></trkpt>
      <trkpt lat="26.593320" lon="127.963390"></trkpt>
      <trkpt lat="26.593400" lon="127.963210"></trkpt>
      <trkpt lat="26.593410" lon="127.963170"></trkpt>
      <trkpt lat="26.593840" lon="127.962160"></trkpt>
      <trkpt lat="26.593900" lon="127.961990"></trkpt>
      <trkpt lat="26.593960" lon="127.961860"></trkpt>
      <trkpt lat="26.594180" lon="127.961310"></trkpt>
      <trkpt lat="26.594240" lon="127.961180"></trkpt>
      <trkpt lat="26.595490" lon="127.958110"></trkpt>
      <trkpt lat="26.595620" lon="127.957820"></trkpt>
      <trkpt lat="26.595780" lon="127.957420"></trkpt>
      <trkpt lat="26.595820" lon="127.957270"></trkpt>
      <trkpt lat="26.595840" lon="127.957220"></trkpt>
      <trkpt lat="26.595880" lon="127.957010"></trkpt>
      <trkpt lat="26.595890" lon="127.956650"></trkpt>
      <trkpt lat="26.595920" lon="127.956440"></trkpt>
      <trkpt lat="26.595970" lon="127.956190"></trkpt>
      <trkpt lat="26.595970" lon="127.956180"></trkpt>
      <trkpt lat="26.596090" lon="127.955810"></trkpt>
      <trkpt lat="26.596410" lon="127.955010"></trkpt>
      <trkpt lat="26.596460" lon="127.954860"></trkpt>
      <trkpt lat="26.596510" lon="127.954740"></trkpt>
      <trkpt lat="26.596650" lon="127.954450"></trkpt>
      <trkpt lat="26.596660" lon="127.954420"></trkpt>
      <trkpt lat="26.596870" lon="127.953980"></trkpt>
      <trkpt lat="26.596870" lon="127.953960"></trkpt>
      <trkpt lat="26.597120" lon="127.953510"></trkpt>
      <trkpt lat="26.597260" lon="127.953330"></trkpt>
      <trkpt lat="26.597400" lon="127.953190"></trkpt>
      <trkpt lat="26.597600" lon="127.953030"></trkpt>
      <trkpt lat="26.597620" lon="127.953010"></trkpt>
      <trkpt lat="26.597690" lon="127.952960"></trkpt>
      <trkpt lat="26.597830" lon="127.952890"></trkpt>
      <trkpt lat="26.597890" lon="127.952870"></trkpt>
      <trkpt lat="26.598010" lon="127.952850"></trkpt>
      <trkpt lat="26.598070" lon="127.952850"></trkpt>
      <trkpt lat="26.598270" lon="127.952880"></trkpt>
      <trkpt lat="26.598520" lon="127.952940"></trkpt>
      <trkpt lat="26.599040" lon="127.953090"></trkpt>
      <trkpt lat="26.599120" lon="127.953100"></trkpt>
      <trkpt lat="26.599130" lon="127.953110"></trkpt>
      <trkpt lat="26.599260" lon="127.953130"></trkpt>
      <trkpt lat="26.599320" lon="127.953130"></trkpt>
      <trkpt lat="26.599360" lon="127.953140"></trkpt>
      <trkpt lat="26.599470" lon="127.953140"></trkpt>
      <trkpt lat="26.599490" lon="127.953130"></trkpt>
      <trkpt lat="26.599560" lon="127.953130"></trkpt>
      <trkpt lat="26.599640" lon="127.953120"></trkpt>
      <trkpt lat="26.599730" lon="127.953100"></trkpt>
      <trkpt lat="26.599760" lon="127.953100"></trkpt>
      <trkpt lat="26.599920" lon="127.953060"></trkpt>
      <trkpt lat="26.600100" lon="127.953030"></trkpt>
      <trkpt lat="26.600150" lon="127.953010"></trkpt>
      <trkpt lat="26.600170" lon="127.953010"></trkpt>
      <trkpt lat="26.600240" lon="127.952990"></trkpt>
      <trkpt lat="26.600280" lon="127.952970"></trkpt>
      <trkpt lat="26.600310" lon="127.952960"></trkpt>
      <trkpt lat="26.600370" lon="127.952930"></trkpt>
      <trkpt lat="26.600410" lon="127.952900"></trkpt>
      <trkpt lat="26.600480" lon="127.952860"></trkpt>
      <trkpt lat="26.600550" lon="127.952800"></trkpt>
      <trkpt lat="26.600690" lon="127.952650"></trkpt>
      <trkpt lat="26.600710" lon="127.952620"></trkpt>
      <trkpt lat="26.600730" lon="127.952600"></trkpt>
      <trkpt lat="26.601040" lon="127.951990"></trkpt>
      <trkpt lat="26.601050" lon="127.951980"></trkpt>
      <trkpt lat="26.601240" lon="127.951700"></trkpt>
      <trkpt lat="26.601450" lon="127.951460"></trkpt>
      <trkpt lat="26.601550" lon="127.951360"></trkpt>
      <trkpt lat="26.601620" lon="127.951280"></trkpt>
      <trkpt lat="26.601630" lon="127.951280"></trkpt>
      <trkpt lat="26.601770" lon="127.951140"></trkpt>
      <trkpt lat="26.601810" lon="127.951090"></trkpt>
      <trkpt lat="26.601870" lon="127.951030"></trkpt>
      <trkpt lat="26.602640" lon="127.950090"></trkpt>
      <trkpt lat="26.602700" lon="127.950040"></trkpt>
      <trkpt lat="26.602770" lon="127.949960"></trkpt>
      <trkpt lat="26.602980" lon="127.949770"></trkpt>
      <trkpt lat="26.603000" lon="127.949740"></trkpt>
      <trkpt lat="26.603050" lon="127.949680"></trkpt>
      <trkpt lat="26.603090" lon="127.949620"></trkpt>
      <trkpt lat="26.603150" lon="127.949500"></trkpt>
      <trkpt lat="26.603200" lon="127.949320"></trkpt>
      <trkpt lat="26.603220" lon="127.949200"></trkpt>
      <trkpt lat="26.603290" lon="127.948520"></trkpt>
      <trkpt lat="26.603290" lon="127.948490"></trkpt>
      <trkpt lat="26.603310" lon="127.948350"></trkpt>
      <trkpt lat="26.603510" lon="127.945640"></trkpt>
      <trkpt lat="26.603520" lon="127.945590"></trkpt>
      <trkpt lat="26.603570" lon="127.944900"></trkpt>
      <trkpt lat="26.603570" lon="127.944840"></trkpt>
      <trkpt lat="26.603560" lon="127.944770"></trkpt>
      <trkpt lat="26.603560" lon="127.944730"></trkpt>
      <trkpt lat="26.603490" lon="127.944490"></trkpt>
      <trkpt lat="26.603390" lon="127.944360"></trkpt>
      <trkpt lat="26.603320" lon="127.944250"></trkpt>
      <trkpt lat="26.603300" lon="127.944230"></trkpt>
      <trkpt lat="26.603200" lon="127.944060"></trkpt>
      <trkpt lat="26.603150" lon="127.943950"></trkpt>
      <trkpt lat="26.603040" lon="127.943650"></trkpt>
      <trkpt lat="26.602960" lon="127.943230"></trkpt>
      <trkpt lat="26.602960" lon="127.943220"></trkpt>
      <trkpt lat="26.602690" lon="127.941730"></trkpt>
      <trkpt lat="26.602670" lon="127.941580"></trkpt>
      <trkpt lat="26.602630" lon="127.941400"></trkpt>
      <trkpt lat="26.602570" lon="127.941010"></trkpt>
      <trkpt lat="26.602570" lon="127.940650"></trkpt>
      <trkpt lat="26.602610" lon="127.940400"></trkpt>
      <trkpt lat="26.602620" lon="127.940300"></trkpt>
      <trkpt lat="26.602660" lon="127.940180"></trkpt>
      <trkpt lat="26.602670" lon="127.940130"></trkpt>
      <trkpt lat="26.602690" lon="127.940080"></trkpt>
      <trkpt lat="26.602700" lon="127.940030"></trkpt>
      <trkpt lat="26.602750" lon="127.939920"></trkpt>
      <trkpt lat="26.602760" lon="127.939890"></trkpt>
      <trkpt lat="26.602810" lon="127.939780"></trkpt>
      <trkpt lat="26.602860" lon="127.939690"></trkpt>
      <trkpt lat="26.602880" lon="127.939640"></trkpt>
      <trkpt lat="26.602930" lon="127.939550"></trkpt>
      <trkpt lat="26.602950" lon="127.939530"></trkpt>
      <trkpt lat="26.603030" lon="127.939360"></trkpt>
      <trkpt lat="26.603100" lon="127.939240"></trkpt>
      <trkpt lat="26.603130" lon="127.939170"></trkpt>
      <trkpt lat="26.603140" lon="127.939170"></trkpt>
      <trkpt lat="26.603350" lon="127.938750"></trkpt>
      <trkpt lat="26.603450" lon="127.938590"></trkpt>
      <trkpt lat="26.603630" lon="127.938240"></trkpt>
      <trkpt lat="26.603650" lon="127.938180"></trkpt>
      <trkpt lat="26.603700" lon="127.938080"></trkpt>
      <trkpt lat="26.603740" lon="127.937980"></trkpt>
      <trkpt lat="26.603780" lon="127.937900"></trkpt>
      <trkpt lat="26.603800" lon="127.937830"></trkpt>
      <trkpt lat="26.603820" lon="127.937780"></trkpt>
      <trkpt lat="26.603850" lon="127.937680"></trkpt>
      <trkpt lat="26.603870" lon="127.937580"></trkpt>
      <trkpt lat="26.603880" lon="127.937560"></trkpt>
      <trkpt lat="26.603920" lon="127.937300"></trkpt>
      <trkpt lat="26.603960" lon="127.936930"></trkpt>
      <trkpt lat="26.603950" lon="127.936470"></trkpt>
      <trkpt lat="26.603940" lon="127.936370"></trkpt>
      <trkpt lat="26.603930" lon="127.936340"></trkpt>
      <trkpt lat="26.603920" lon="127.936120"></trkpt>
      <trkpt lat="26.603900" lon="127.935970"></trkpt>
      <trkpt lat="26.603890" lon="127.935830"></trkpt>
      <trkpt lat="26.603890" lon="127.935640"></trkpt>
      <trkpt lat="26.603880" lon="127.935520"></trkpt>
      <trkpt lat="26.603890" lon="127.935430"></trkpt>
      <trkpt lat="26.603900" lon="127.935220"></trkpt>
      <trkpt lat="26.603920" lon="127.935070"></trkpt>
      <trkpt lat="26.603980" lon="127.934770"></trkpt>
      <trkpt lat="26.604120" lon="127.934350"></trkpt>
      <trkpt lat="26.604160" lon="127.934260"></trkpt>
      <trkpt lat="26.604260" lon="127.934080"></trkpt>
      <trkpt lat="26.604280" lon="127.934030"></trkpt>
      <trkpt lat="26.604310" lon="127.933990"></trkpt>
      <trkpt lat="26.604330" lon="127.933950"></trkpt>
      <trkpt lat="26.604450" lon="127.933780"></trkpt>
      <trkpt lat="26.604690" lon="127.933490"></trkpt>
      <trkpt lat="26.604840" lon="127.933330"></trkpt>
      <trkpt lat="26.604990" lon="127.933190"></trkpt>
      <trkpt lat="26.605410" lon="127.932760"></trkpt>
      <trkpt lat="26.605600" lon="127.932580"></trkpt>
      <trkpt lat="26.606680" lon="127.931480"></trkpt>
      <trkpt lat="26.606760" lon="127.931380"></trkpt>
      <trkpt lat="26.607040" lon="127.931070"></trkpt>
      <trkpt lat="26.607220" lon="127.930850"></trkpt>
      <trkpt lat="26.607250" lon="127.930800"></trkpt>
      <trkpt lat="26.607390" lon="127.930630"></trkpt>
      <trkpt lat="26.607820" lon="127.930030"></trkpt>
      <trkpt lat="26.608260" lon="127.929320"></trkpt>
      <trkpt lat="26.608570" lon="127.928760"></trkpt>
      <trkpt lat="26.608910" lon="127.928050"></trkpt>
      <trkpt lat="26.609160" lon="127.927420"></trkpt>
      <trkpt lat="26.609290" lon="127.927040"></trkpt>
      <trkpt lat="26.609430" lon="127.926720"></trkpt>
      <trkpt lat="26.609430" lon="127.926710"></trkpt>
      <trkpt lat="26.609480" lon="127.926580"></trkpt>
      <trkpt lat="26.609670" lon="127.925960"></trkpt>
      <trkpt lat="26.609770" lon="127.925560"></trkpt>
      <trkpt lat="26.609900" lon="127.924880"></trkpt>
      <trkpt lat="26.609960" lon="127.924190"></trkpt>
      <trkpt lat="26.609960" lon="127.923560"></trkpt>
      <trkpt lat="26.609870" lon="127.922600"></trkpt>
      <trkpt lat="26.609630" lon="127.921170"></trkpt>
      <trkpt lat="26.609630" lon="127.921150"></trkpt>
      <trkpt lat="26.609600" lon="127.920990"></trkpt>
      <trkpt lat="26.609550" lon="127.920820"></trkpt>
      <trkpt lat="26.609540" lon="127.920760"></trkpt>
      <trkpt lat="26.609480" lon="127.920560"></trkpt>
      <trkpt lat="26.609340" lon="127.920220"></trkpt>
      <trkpt lat="26.609310" lon="127.920180"></trkpt>
      <trkpt lat="26.609290" lon="127.920120"></trkpt>
      <trkpt lat="26.609050" lon="127.919710"></trkpt>
      <trkpt lat="26.608940" lon="127.919550"></trkpt>
      <trkpt lat="26.608800" lon="127.919380"></trkpt>
      <trkpt lat="26.608710" lon="127.919250"></trkpt>
      <trkpt lat="26.608470" lon="127.918980"></trkpt>
      <trkpt lat="26.608170" lon="127.918680"></trkpt>
      <trkpt lat="26.607900" lon="127.918440"></trkpt>
      <trkpt lat="26.607890" lon="127.918440"></trkpt>
      <trkpt lat="26.607750" lon="127.918330"></trkpt>
      <trkpt lat="26.607730" lon="127.918310"></trkpt>
      <trkpt lat="26.607290" lon="127.918010"></trkpt>
      <trkpt lat="26.607040" lon="127.917870"></trkpt>
      <trkpt lat="26.606720" lon="127.917720"></trkpt>
      <trkpt lat="26.606110" lon="127.917500"></trkpt>
      <trkpt lat="26.606070" lon="127.917480"></trkpt>
      <trkpt lat="26.606040" lon="127.917460"></trkpt>
      <trkpt lat="26.605660" lon="127.917360"></trkpt>
      <trkpt lat="26.605580" lon="127.917360"></trkpt>
      <trkpt lat="26.604960" lon="127.917190"></trkpt>
      <trkpt lat="26.604150" lon="127.916850"></trkpt>
      <trkpt lat="26.604090" lon="127.916810"></trkpt>
      <trkpt lat="26.604000" lon="127.916760"></trkpt>
      <trkpt lat="26.603550" lon="127.916450"></trkpt>
      <trkpt lat="26.603500" lon="127.916400"></trkpt>
      <trkpt lat="26.603460" lon="127.916370"></trkpt>
      <trkpt lat="26.603320" lon="127.916240"></trkpt>
      <trkpt lat="26.603290" lon="127.916200"></trkpt>
      <trkpt lat="26.603050" lon="127.915940"></trkpt>
      <trkpt lat="26.602650" lon="127.915430"></trkpt>
      <trkpt lat="26.602240" lon="127.914840"></trkpt>
      <trkpt lat="26.602140" lon="127.914680"></trkpt>
      <trkpt lat="26.602100" lon="127.914630"></trkpt>
      <trkpt lat="26.602060" lon="127.914570"></trkpt>
      <trkpt lat="26.602030" lon="127.914510"></trkpt>
      <trkpt lat="26.601900" lon="127.914290"></trkpt>
      <trkpt lat="26.601880" lon="127.914240"></trkpt>
      <trkpt lat="26.601850" lon="127.914200"></trkpt>
      <trkpt lat="26.601790" lon="127.914070"></trkpt>
      <trkpt lat="26.601770" lon="127.914010"></trkpt>
      <trkpt lat="26.601750" lon="127.913980"></trkpt>
      <trkpt lat="26.601710" lon="127.913860"></trkpt>
      <trkpt lat="26.601640" lon="127.913690"></trkpt>
      <trkpt lat="26.601600" lon="127.913560"></trkpt>
      <trkpt lat="26.601590" lon="127.913500"></trkpt>
      <trkpt lat="26.601570" lon="127.913450"></trkpt>
      <trkpt lat="26.601500" lon="127.913080"></trkpt>
      <trkpt lat="26.601500" lon="127.912990"></trkpt>
      <trkpt lat="26.601490" lon="127.912950"></trkpt>
      <trkpt lat="26.601490" lon="127.912800"></trkpt>
      <trkpt lat="26.601480" lon="127.912740"></trkpt>
      <trkpt lat="26.601480" lon="127.912440"></trkpt>
      <trkpt lat="26.601490" lon="127.912390"></trkpt>
      <trkpt lat="26.601490" lon="127.912300"></trkpt>
      <trkpt lat="26.601500" lon="127.912270"></trkpt>
      <trkpt lat="26.601500" lon="127.912210"></trkpt>
      <trkpt lat="26.601510" lon="127.912180"></trkpt>
      <trkpt lat="26.601510" lon="127.912150"></trkpt>
      <trkpt lat="26.601520" lon="127.912120"></trkpt>
      <trkpt lat="26.601520" lon="127.912080"></trkpt>
      <trkpt lat="26.601590" lon="127.911690"></trkpt>
      <trkpt lat="26.601700" lon="127.911190"></trkpt>
      <trkpt lat="26.601700" lon="127.911180"></trkpt>
      <trkpt lat="26.601710" lon="127.911170"></trkpt>
      <trkpt lat="26.602270" lon="127.908610"></trkpt>
      <trkpt lat="26.602540" lon="127.907580"></trkpt>
      <trkpt lat="26.602550" lon="127.907520"></trkpt>
      <trkpt lat="26.602610" lon="127.907340"></trkpt>
      <trkpt lat="26.602650" lon="127.907180"></trkpt>
      <trkpt lat="26.602850" lon="127.906530"></trkpt>
      <trkpt lat="26.602860" lon="127.906520"></trkpt>
      <trkpt lat="26.602920" lon="127.906340"></trkpt>
      <trkpt lat="26.602920" lon="127.906330"></trkpt>
      <trkpt lat="26.603040" lon="127.905970"></trkpt>
      <trkpt lat="26.603050" lon="127.905960"></trkpt>
      <trkpt lat="26.603170" lon="127.905570"></trkpt>
      <trkpt lat="26.603250" lon="127.905350"></trkpt>
      <trkpt lat="26.603360" lon="127.905000"></trkpt>
      <trkpt lat="26.603400" lon="127.904910"></trkpt>
      <trkpt lat="26.603420" lon="127.904840"></trkpt>
      <trkpt lat="26.603430" lon="127.904820"></trkpt>
      <trkpt lat="26.603600" lon="127.904330"></trkpt>
      <trkpt lat="26.603630" lon="127.904220"></trkpt>
      <trkpt lat="26.604900" lon="127.900430"></trkpt>
      <trkpt lat="26.604920" lon="127.900390"></trkpt>
      <trkpt lat="26.605330" lon="127.899110"></trkpt>
      <trkpt lat="26.606110" lon="127.896810"></trkpt>
      <trkpt lat="26.606120" lon="127.896770"></trkpt>
      <trkpt lat="26.606230" lon="127.896490"></trkpt>
      <trkpt lat="26.606250" lon="127.896420"></trkpt>
      <trkpt lat="26.606270" lon="127.896390"></trkpt>
      <trkpt lat="26.606280" lon="127.896350"></trkpt>
      <trkpt lat="26.606350" lon="127.896210"></trkpt>
      <trkpt lat="26.606420" lon="127.896090"></trkpt>
      <trkpt lat="26.606500" lon="127.895970"></trkpt>
      <trkpt lat="26.606540" lon="127.895930"></trkpt>
      <trkpt lat="26.606580" lon="127.895870"></trkpt>
      <trkpt lat="26.606640" lon="127.895810"></trkpt>
      <trkpt lat="26.606680" lon="127.895760"></trkpt>
      <trkpt lat="26.606720" lon="127.895720"></trkpt>
      <trkpt lat="26.606750" lon="127.895680"></trkpt>
      <trkpt lat="26.606900" lon="127.895560"></trkpt>
      <trkpt lat="26.607010" lon="127.895490"></trkpt>
      <trkpt lat="26.607040" lon="127.895460"></trkpt>
      <trkpt lat="26.607250" lon="127.895350"></trkpt>
      <trkpt lat="26.607330" lon="127.895320"></trkpt>
      <trkpt lat="26.607370" lon="127.895300"></trkpt>
      <trkpt lat="26.607540" lon="127.895250"></trkpt>
      <trkpt lat="26.607780" lon="127.895200"></trkpt>
      <trkpt lat="26.607870" lon="127.895200"></trkpt>
      <trkpt lat="26.607910" lon="127.895190"></trkpt>
      <trkpt lat="26.608110" lon="127.895190"></trkpt>
      <trkpt lat="26.608530" lon="127.895220"></trkpt>
      <trkpt lat="26.608670" lon="127.895220"></trkpt>
      <trkpt lat="26.608880" lon="127.895240"></trkpt>
      <trkpt lat="26.610060" lon="127.895300"></trkpt>
      <trkpt lat="26.610240" lon="127.895320"></trkpt>
      <trkpt lat="26.610430" lon="127.895330"></trkpt>
      <trkpt lat="26.610740" lon="127.895370"></trkpt>
      <trkpt lat="26.610940" lon="127.895380"></trkpt>
      <trkpt lat="26.611270" lon="127.895420"></trkpt>
      <trkpt lat="26.611870" lon="127.895440"></trkpt>
      <trkpt lat="26.612890" lon="127.895500"></trkpt>
      <trkpt lat="26.612940" lon="127.895490"></trkpt>
      <trkpt lat="26.613160" lon="127.895490"></trkpt>
      <trkpt lat="26.613210" lon="127.895480"></trkpt>
      <trkpt lat="26.613550" lon="127.895450"></trkpt>
      <trkpt lat="26.613820" lon="127.895400"></trkpt>
      <trkpt lat="26.613940" lon="127.895370"></trkpt>
      <trkpt lat="26.614050" lon="127.895350"></trkpt>
      <trkpt lat="26.614560" lon="127.895190"></trkpt>
      <trkpt lat="26.614690" lon="127.895140"></trkpt>
      <trkpt lat="26.615080" lon="127.894960"></trkpt>
      <trkpt lat="26.615230" lon="127.894880"></trkpt>
      <trkpt lat="26.615280" lon="127.894860"></trkpt>
      <trkpt lat="26.615510" lon="127.894720"></trkpt>
      <trkpt lat="26.615570" lon="127.894690"></trkpt>
      <trkpt lat="26.615800" lon="127.894540"></trkpt>
      <trkpt lat="26.615820" lon="127.894520"></trkpt>
      <trkpt lat="26.616110" lon="127.894300"></trkpt>
      <trkpt lat="26.616150" lon="127.894260"></trkpt>
      <trkpt lat="26.616240" lon="127.894190"></trkpt>
      <trkpt lat="26.616390" lon="127.894050"></trkpt>
      <trkpt lat="26.616530" lon="127.893900"></trkpt>
      <trkpt lat="26.616760" lon="127.893690"></trkpt>
      <trkpt lat="26.616760" lon="127.893680"></trkpt>
      <trkpt lat="26.616940" lon="127.893490"></trkpt>
      <trkpt lat="26.617010" lon="127.893430"></trkpt>
      <trkpt lat="26.618570" lon="127.891800"></trkpt>
      <trkpt lat="26.618690" lon="127.891690"></trkpt>
      <trkpt lat="26.618690" lon="127.891680"></trkpt>
      <trkpt lat="26.618820" lon="127.891580"></trkpt>
      <trkpt lat="26.619130" lon="127.891380"></trkpt>
      <trkpt lat="26.619330" lon="127.891280"></trkpt>
      <trkpt lat="26.619430" lon="127.891250"></trkpt>
      <trkpt lat="26.619480" lon="127.891230"></trkpt>
      <trkpt lat="26.619640" lon="127.891190"></trkpt>
      <trkpt lat="26.619720" lon="127.891180"></trkpt>
      <trkpt lat="26.619750" lon="127.891170"></trkpt>
      <trkpt lat="26.619860" lon="127.891150"></trkpt>
      <trkpt lat="26.619920" lon="127.891150"></trkpt>
      <trkpt lat="26.620010" lon="127.891140"></trkpt>
      <trkpt lat="26.620830" lon="127.891100"></trkpt>
      <trkpt lat="26.621000" lon="127.891070"></trkpt>
      <trkpt lat="26.621210" lon="127.891050"></trkpt>
      <trkpt lat="26.621300" lon="127.891020"></trkpt>
      <trkpt lat="26.621410" lon="127.891000"></trkpt>
      <trkpt lat="26.621550" lon="127.890950"></trkpt>
      <trkpt lat="26.621810" lon="127.890820"></trkpt>
      <trkpt lat="26.621930" lon="127.890740"></trkpt>
      <trkpt lat="26.621950" lon="127.890720"></trkpt>
      <trkpt lat="26.622050" lon="127.890660"></trkpt>
      <trkpt lat="26.622120" lon="127.890600"></trkpt>
      <trkpt lat="26.622320" lon="127.890400"></trkpt>
      <trkpt lat="26.623420" lon="127.889080"></trkpt>
      <trkpt lat="26.623460" lon="127.889020"></trkpt>
      <trkpt lat="26.624260" lon="127.888060"></trkpt>
      <trkpt lat="26.624370" lon="127.887940"></trkpt>
      <trkpt lat="26.624460" lon="127.887860"></trkpt>
      <trkpt lat="26.624500" lon="127.887810"></trkpt>
      <trkpt lat="26.624660" lon="127.887670"></trkpt>
      <trkpt lat="26.624890" lon="127.887500"></trkpt>
      <trkpt lat="26.625150" lon="127.887340"></trkpt>
      <trkpt lat="26.625480" lon="127.887190"></trkpt>
      <trkpt lat="26.625850" lon="127.887080"></trkpt>
      <trkpt lat="26.626050" lon="127.887040"></trkpt>
      <trkpt lat="26.626350" lon="127.887000"></trkpt>
      <trkpt lat="26.626410" lon="127.887000"></trkpt>
      <trkpt lat="26.626540" lon="127.886990"></trkpt>
      <trkpt lat="26.627170" lon="127.887000"></trkpt>
      <trkpt lat="26.627270" lon="127.887010"></trkpt>
      <trkpt lat="26.628830" lon="127.887050"></trkpt>
      <trkpt lat="26.628880" lon="127.887060"></trkpt>
      <trkpt lat="26.629070" lon="127.887060"></trkpt>
      <trkpt lat="26.629420" lon="127.887030"></trkpt>
      <trkpt lat="26.629490" lon="127.887030"></trkpt>
      <trkpt lat="26.629720" lon="127.887000"></trkpt>
      <trkpt lat="26.629800" lon="127.887000"></trkpt>
      <trkpt lat="26.630140" lon="127.886930"></trkpt>
      <trkpt lat="26.630290" lon="127.886890"></trkpt>
      <trkpt lat="26.630300" lon="127.886890"></trkpt>
      <trkpt lat="26.630920" lon="127.886700"></trkpt>
      <trkpt lat="26.630930" lon="127.886690"></trkpt>
      <trkpt lat="26.631030" lon="127.886660"></trkpt>
      <trkpt lat="26.631120" lon="127.886620"></trkpt>
      <trkpt lat="26.631270" lon="127.886570"></trkpt>
      <trkpt lat="26.631380" lon="127.886520"></trkpt>
      <trkpt lat="26.631420" lon="127.886510"></trkpt>
      <trkpt lat="26.631730" lon="127.886390"></trkpt>
      <trkpt lat="26.632110" lon="127.886220"></trkpt>
      <trkpt lat="26.632390" lon="127.886070"></trkpt>
      <trkpt lat="26.632410" lon="127.886050"></trkpt>
      <trkpt lat="26.632500" lon="127.886010"></trkpt>
      <trkpt lat="26.632640" lon="127.885930"></trkpt>
      <trkpt lat="26.632690" lon="127.885880"></trkpt>
      <trkpt lat="26.632800" lon="127.885810"></trkpt>
      <trkpt lat="26.633020" lon="127.885650"></trkpt>
      <trkpt lat="26.633220" lon="127.885520"></trkpt>
      <trkpt lat="26.633270" lon="127.885480"></trkpt>
      <trkpt lat="26.633700" lon="127.885200"></trkpt>
      <trkpt lat="26.636820" lon="127.883020"></trkpt>
      <trkpt lat="26.636830" lon="127.883020"></trkpt>
      <trkpt lat="26.637550" lon="127.882510"></trkpt>
      <trkpt lat="26.638020" lon="127.882260"></trkpt>
      <trkpt lat="26.638300" lon="127.882130"></trkpt>
      <trkpt lat="26.639370" lon="127.881690"></trkpt>
      <trkpt lat="26.639470" lon="127.881640"></trkpt>
      <trkpt lat="26.639780" lon="127.881530"></trkpt>
      <trkpt lat="26.640070" lon="127.881450"></trkpt>
      <trkpt lat="26.640400" lon="127.881390"></trkpt>
      <trkpt lat="26.640700" lon="127.881370"></trkpt>
      <trkpt lat="26.640950" lon="127.881370"></trkpt>
      <trkpt lat="26.641460" lon="127.881430"></trkpt>
      <trkpt lat="26.642670" lon="127.881680"></trkpt>
      <trkpt lat="26.643140" lon="127.881740"></trkpt>
      <trkpt lat="26.643560" lon="127.881760"></trkpt>
      <trkpt lat="26.643920" lon="127.881740"></trkpt>
      <trkpt lat="26.644210" lon="127.881710"></trkpt>
      <trkpt lat="26.644230" lon="127.881700"></trkpt>
      <trkpt lat="26.644750" lon="127.881640"></trkpt>
      <trkpt lat="26.644810" lon="127.881640"></trkpt>
      <trkpt lat="26.646020" lon="127.881460"></trkpt>
      <trkpt lat="26.646580" lon="127.881430"></trkpt>
      <trkpt lat="26.647360" lon="127.881430"></trkpt>
      <trkpt lat="26.647560" lon="127.881440"></trkpt>
      <trkpt lat="26.647640" lon="127.881450"></trkpt>
      <trkpt lat="26.648410" lon="127.881460"></trkpt>
      <trkpt lat="26.648460" lon="127.881450"></trkpt>
      <trkpt lat="26.648550" lon="127.881450"></trkpt>
      <trkpt lat="26.648730" lon="127.881430"></trkpt>
      <trkpt lat="26.648780" lon="127.881420"></trkpt>
      <trkpt lat="26.648810" lon="127.881410"></trkpt>
      <trkpt lat="26.648840" lon="127.881410"></trkpt>
      <trkpt lat="26.649050" lon="127.881370"></trkpt>
      <trkpt lat="26.649060" lon="127.881370"></trkpt>
      <trkpt lat="26.649290" lon="127.881330"></trkpt>
      <trkpt lat="26.649550" lon="127.881260"></trkpt>
      <trkpt lat="26.650510" lon="127.880880"></trkpt>
      <trkpt lat="26.650720" lon="127.880810"></trkpt>
      <trkpt lat="26.651250" lon="127.880610"></trkpt>
      <trkpt lat="26.651290" lon="127.880600"></trkpt>
      <trkpt lat="26.651840" lon="127.880380"></trkpt>
      <trkpt lat="26.652150" lon="127.880280"></trkpt>
      <trkpt lat="26.652330" lon="127.880240"></trkpt>
      <trkpt lat="26.652410" lon="127.880230"></trkpt>
      <trkpt lat="26.652510" lon="127.880230"></trkpt>
      <trkpt lat="26.652580" lon="127.880220"></trkpt>
      <trkpt lat="26.652680" lon="127.880220"></trkpt>
      <trkpt lat="26.653210" lon="127.880300"></trkpt>
      <trkpt lat="26.653340" lon="127.880330"></trkpt>
      <trkpt lat="26.653470" lon="127.880380"></trkpt>
      <trkpt lat="26.653520" lon="127.880420"></trkpt>
      <trkpt lat="26.653590" lon="127.880500"></trkpt>
      <trkpt lat="26.653730" lon="127.880610"></trkpt>
      <trkpt lat="26.653830" lon="127.880720"></trkpt>
      <trkpt lat="26.653990" lon="127.880930"></trkpt>
      <trkpt lat="26.654040" lon="127.880980"></trkpt>
      <trkpt lat="26.654650" lon="127.881740"></trkpt>
      <trkpt lat="26.654680" lon="127.881790"></trkpt>
      <trkpt lat="26.655650" lon="127.882990"></trkpt>
      <trkpt lat="26.655700" lon="127.883070"></trkpt>
      <trkpt lat="26.655970" lon="127.883390"></trkpt>
      <trkpt lat="26.658790" lon="127.886910"></trkpt>
      <trkpt lat="26.659360" lon="127.887580"></trkpt>
      <trkpt lat="26.662140" lon="127.890570"></trkpt>
      <trkpt lat="26.662180" lon="127.890620"></trkpt>
      <trkpt lat="26.662560" lon="127.891000"></trkpt>
      <trkpt lat="26.662580" lon="127.891000"></trkpt>
      <trkpt lat="26.662590" lon="127.890990"></trkpt>
      <trkpt lat="26.662620" lon="127.890990"></trkpt>
      <trkpt lat="26.662660" lon="127.891010"></trkpt>
      <trkpt lat="26.662850" lon="127.891130"></trkpt>
      <trkpt lat="26.662980" lon="127.891190"></trkpt>
      <trkpt lat="26.663120" lon="127.891240"></trkpt>
      <trkpt lat="26.663350" lon="127.891270"></trkpt>
      <trkpt lat="26.663530" lon="127.891280"></trkpt>
      <trkpt lat="26.663690" lon="127.891260"></trkpt>
      <trkpt lat="26.663800" lon="127.891230"></trkpt>
      <trkpt lat="26.664040" lon="127.891180"></trkpt>
      <trkpt lat="26.664090" lon="127.891160"></trkpt>
      <trkpt lat="26.664140" lon="127.891150"></trkpt>
      <trkpt lat="26.664340" lon="127.891080"></trkpt>
      <trkpt lat="26.664480" lon="127.891040"></trkpt>
      <trkpt lat="26.664500" lon="127.891030"></trkpt>
      <trkpt lat="26.664660" lon="127.890990"></trkpt>
      <trkpt lat="26.665130" lon="127.890850"></trkpt>
      <trkpt lat="26.665200" lon="127.890820"></trkpt>
      <trkpt lat="26.666540" lon="127.890460"></trkpt>
      <trkpt lat="26.666600" lon="127.890450"></trkpt>
      <trkpt lat="26.666690" lon="127.890420"></trkpt>
      <trkpt lat="26.667370" lon="127.890250"></trkpt>
      <trkpt lat="26.667540" lon="127.890220"></trkpt>
      <trkpt lat="26.668150" lon="127.890050"></trkpt>
      <trkpt lat="26.669500" lon="127.889780"></trkpt>
      <trkpt lat="26.670450" lon="127.889620"></trkpt>
      <trkpt lat="26.671050" lon="127.889540"></trkpt>
      <trkpt lat="26.671140" lon="127.889540"></trkpt>
      <trkpt lat="26.671510" lon="127.889570"></trkpt>
      <trkpt lat="26.671640" lon="127.889590"></trkpt>
      <trkpt lat="26.671850" lon="127.889650"></trkpt>
      <trkpt lat="26.671880" lon="127.889650"></trkpt>
      <trkpt lat="26.672260" lon="127.889770"></trkpt>
      <trkpt lat="26.672920" lon="127.890070"></trkpt>
      <trkpt lat="26.673600" lon="127.890410"></trkpt>
      <trkpt lat="26.673870" lon="127.890570"></trkpt>
      <trkpt lat="26.673920" lon="127.890590"></trkpt>
      <trkpt lat="26.673950" lon="127.890610"></trkpt>
      <trkpt lat="26.674250" lon="127.890750"></trkpt>
      <trkpt lat="26.674300" lon="127.890780"></trkpt>
      <trkpt lat="26.674390" lon="127.890810"></trkpt>
      <trkpt lat="26.674430" lon="127.890830"></trkpt>
      <trkpt lat="26.674500" lon="127.890850"></trkpt>
      <trkpt lat="26.674730" lon="127.890940"></trkpt>
      <trkpt lat="26.675270" lon="127.891070"></trkpt>
      <trkpt lat="26.675820" lon="127.891160"></trkpt>
      <trkpt lat="26.676830" lon="127.891360"></trkpt>
      <trkpt lat="26.677790" lon="127.891520"></trkpt>
      <trkpt lat="26.677860" lon="127.891590"></trkpt>
      <trkpt lat="26.678390" lon="127.891690"></trkpt>
      <trkpt lat="26.678410" lon="127.891690"></trkpt>
      <trkpt lat="26.678660" lon="127.891810"></trkpt>
      <trkpt lat="26.678750" lon="127.891860"></trkpt>
      <trkpt lat="26.679650" lon="127.892600"></trkpt>
      <trkpt lat="26.679740" lon="127.892690"></trkpt>
      <trkpt lat="26.679800" lon="127.892740"></trkpt>
      <trkpt lat="26.679860" lon="127.892820"></trkpt>
      <trkpt lat="26.679870" lon="127.892820"></trkpt>
      <trkpt lat="26.680010" lon="127.893060"></trkpt>
      <trkpt lat="26.680030" lon="127.893110"></trkpt>
      <trkpt lat="26.680090" lon="127.893370"></trkpt>
      <trkpt lat="26.680120" lon="127.893650"></trkpt>
      <trkpt lat="26.680150" lon="127.893830"></trkpt>
      <trkpt lat="26.680150" lon="127.893860"></trkpt>
      <trkpt lat="26.680180" lon="127.893950"></trkpt>
      <trkpt lat="26.680180" lon="127.893970"></trkpt>
      <trkpt lat="26.680250" lon="127.894130"></trkpt>
      <trkpt lat="26.680410" lon="127.894410"></trkpt>
      <trkpt lat="26.680550" lon="127.894620"></trkpt>
      <trkpt lat="26.680640" lon="127.894740"></trkpt>
      <trkpt lat="26.680750" lon="127.894850"></trkpt>
      <trkpt lat="26.680810" lon="127.894890"></trkpt>
      <trkpt lat="26.680860" lon="127.894940"></trkpt>
      <trkpt lat="26.680880" lon="127.894940"></trkpt>
      <trkpt lat="26.680900" lon="127.894960"></trkpt>
      <trkpt lat="26.680950" lon="127.895000"></trkpt>
      <trkpt lat="26.682420" lon="127.895950"></trkpt>
      <trkpt lat="26.682610" lon="127.896090"></trkpt>
      <trkpt lat="26.682630" lon="127.896110"></trkpt>
      <trkpt lat="26.682830" lon="127.896270"></trkpt>
      <trkpt lat="26.682890" lon="127.896310"></trkpt>
      <trkpt lat="26.683250" lon="127.896640"></trkpt>
      <trkpt lat="26.683270" lon="127.896670"></trkpt>
      <trkpt lat="26.683430" lon="127.896830"></trkpt>
      <trkpt lat="26.683590" lon="127.897010"></trkpt>
      <trkpt lat="26.683940" lon="127.897370"></trkpt>
      <trkpt lat="26.683950" lon="127.897390"></trkpt>
      <trkpt lat="26.684590" lon="127.898070"></trkpt>
      <trkpt lat="26.684620" lon="127.898110"></trkpt>
      <trkpt lat="26.684660" lon="127.898150"></trkpt>
      <trkpt lat="26.684710" lon="127.898220"></trkpt>
      <trkpt lat="26.684820" lon="127.898440"></trkpt>
      <trkpt lat="26.685090" lon="127.899130"></trkpt>
      <trkpt lat="26.685100" lon="127.899170"></trkpt>
      <trkpt lat="26.685380" lon="127.899820"></trkpt>
      <trkpt lat="26.685580" lon="127.900190"></trkpt>
      <trkpt lat="26.685800" lon="127.900520"></trkpt>
      <trkpt lat="26.685810" lon="127.900540"></trkpt>
      <trkpt lat="26.686170" lon="127.900990"></trkpt>
      <trkpt lat="26.686300" lon="127.901130"></trkpt>
      <trkpt lat="26.686620" lon="127.901410"></trkpt>
      <trkpt lat="26.686980" lon="127.901690"></trkpt>
      <trkpt lat="26.687440" lon="127.901970"></trkpt>
      <trkpt lat="26.687710" lon="127.902150"></trkpt>
      <trkpt lat="26.687720" lon="127.902160"></trkpt>
      <trkpt lat="26.687930" lon="127.902300"></trkpt>
      <trkpt lat="26.688120" lon="127.902400"></trkpt>
      <trkpt lat="26.688320" lon="127.902470"></trkpt>
      <trkpt lat="26.688370" lon="127.902480"></trkpt>
      <trkpt lat="26.688390" lon="127.902490"></trkpt>
      <trkpt lat="26.688460" lon="127.902500"></trkpt>
      <trkpt lat="26.688520" lon="127.902500"></trkpt>
      <trkpt lat="26.688560" lon="127.902510"></trkpt>
      <trkpt lat="26.688610" lon="127.902510"></trkpt>
      <trkpt lat="26.688640" lon="127.902500"></trkpt>
      <trkpt lat="26.688750" lon="127.902490"></trkpt>
      <trkpt lat="26.688980" lon="127.902430"></trkpt>
      <trkpt lat="26.689270" lon="127.902310"></trkpt>
      <trkpt lat="26.689350" lon="127.902270"></trkpt>
      <trkpt lat="26.689460" lon="127.902230"></trkpt>
      <trkpt lat="26.689550" lon="127.902210"></trkpt>
      <trkpt lat="26.689720" lon="127.902210"></trkpt>
      <trkpt lat="26.689880" lon="127.902240"></trkpt>
      <trkpt lat="26.690440" lon="127.902400"></trkpt>
      <trkpt lat="26.690530" lon="127.902410"></trkpt>
      <trkpt lat="26.690640" lon="127.902430"></trkpt>
      <trkpt lat="26.690910" lon="127.902450"></trkpt>
      <trkpt lat="26.691000" lon="127.902450"></trkpt>
      <trkpt lat="26.691520" lon="127.902410"></trkpt>
      <trkpt lat="26.691660" lon="127.902390"></trkpt>
      <trkpt lat="26.691710" lon="127.902370"></trkpt>
      <trkpt lat="26.691780" lon="127.902360"></trkpt>
      <trkpt lat="26.692090" lon="127.902250"></trkpt>
      <trkpt lat="26.692630" lon="127.901980"></trkpt>
      <trkpt lat="26.692770" lon="127.901900"></trkpt>
      <trkpt lat="26.692880" lon="127.901860"></trkpt>
      <trkpt lat="26.692980" lon="127.901810"></trkpt>
      <trkpt lat="26.693020" lon="127.901800"></trkpt>
      <trkpt lat="26.693110" lon="127.901760"></trkpt>
      <trkpt lat="26.693280" lon="127.901720"></trkpt>
      <trkpt lat="26.693480" lon="127.901690"></trkpt>
      <trkpt lat="26.693680" lon="127.901690"></trkpt>
      <trkpt lat="26.693720" lon="127.901700"></trkpt>
      <trkpt lat="26.693820" lon="127.901700"></trkpt>
      <trkpt lat="26.693890" lon="127.901720"></trkpt>
      <trkpt lat="26.693920" lon="127.901720"></trkpt>
      <trkpt lat="26.694160" lon="127.901800"></trkpt>
      <trkpt lat="26.694220" lon="127.901830"></trkpt>
      <trkpt lat="26.694240" lon="127.901830"></trkpt>
      <trkpt lat="26.694360" lon="127.901890"></trkpt>
      <trkpt lat="26.694790" lon="127.902160"></trkpt>
      <trkpt lat="26.695190" lon="127.902430"></trkpt>
      <trkpt lat="26.695260" lon="127.902500"></trkpt>
      <trkpt lat="26.695330" lon="127.902550"></trkpt>
      <trkpt lat="26.695480" lon="127.902700"></trkpt>
      <trkpt lat="26.695740" lon="127.903010"></trkpt>
      <trkpt lat="26.695920" lon="127.903180"></trkpt>
      <trkpt lat="26.696050" lon="127.903270"></trkpt>
      <trkpt lat="26.696060" lon="127.903280"></trkpt>
      <trkpt lat="26.696370" lon="127.903470"></trkpt>
      <trkpt lat="26.696440" lon="127.903540"></trkpt>
      <trkpt lat="26.696460" lon="127.903550"></trkpt>
      <trkpt lat="26.696480" lon="127.903570"></trkpt>
      <trkpt lat="26.696490" lon="127.903590"></trkpt>
      <trkpt lat="26.696510" lon="127.903610"></trkpt>
      <trkpt lat="26.696510" lon="127.903630"></trkpt>
      <trkpt lat="26.696520" lon="127.903640"></trkpt>
      <trkpt lat="26.696530" lon="127.903660"></trkpt>
      <trkpt lat="26.696540" lon="127.903670"></trkpt>
      <trkpt lat="26.696550" lon="127.903690"></trkpt>
      <trkpt lat="26.696560" lon="127.903700"></trkpt>
      <trkpt lat="26.696560" lon="127.903720"></trkpt>
      <trkpt lat="26.696570" lon="127.903730"></trkpt>
      <trkpt lat="26.696570" lon="127.903750"></trkpt>
      <trkpt lat="26.696590" lon="127.903780"></trkpt>
      <trkpt lat="26.696660" lon="127.904040"></trkpt>
      <trkpt lat="26.696740" lon="127.904280"></trkpt>
      <trkpt lat="26.696770" lon="127.904350"></trkpt>
      <trkpt lat="26.696780" lon="127.904390"></trkpt>
      <trkpt lat="26.696820" lon="127.904470"></trkpt>
      <trkpt lat="26.697030" lon="127.905020"></trkpt>
      <trkpt lat="26.697040" lon="127.905030"></trkpt>
      <trkpt lat="26.697120" lon="127.905260"></trkpt>
      <trkpt lat="26.697180" lon="127.905390"></trkpt>
      <trkpt lat="26.697230" lon="127.905540"></trkpt>
      <trkpt lat="26.697240" lon="127.905560"></trkpt>
      <trkpt lat="26.697240" lon="127.905590"></trkpt>
      <trkpt lat="26.697260" lon="127.905650"></trkpt>
      <trkpt lat="26.697270" lon="127.905670"></trkpt>
      <trkpt lat="26.697280" lon="127.905700"></trkpt>
      <trkpt lat="26.697280" lon="127.905730"></trkpt>
      <trkpt lat="26.697310" lon="127.905850"></trkpt>
      <trkpt lat="26.697310" lon="127.905900"></trkpt>
      <trkpt lat="26.697330" lon="127.905970"></trkpt>
      <trkpt lat="26.697330" lon="127.906030"></trkpt>
      <trkpt lat="26.697350" lon="127.906120"></trkpt>
      <trkpt lat="26.697480" lon="127.907310"></trkpt>
      <trkpt lat="26.697760" lon="127.909130"></trkpt>
      <trkpt lat="26.698000" lon="127.910290"></trkpt>
      <trkpt lat="26.698020" lon="127.910360"></trkpt>
      <trkpt lat="26.698030" lon="127.910380"></trkpt>
      <trkpt lat="26.698140" lon="127.910730"></trkpt>
      <trkpt lat="26.698370" lon="127.911350"></trkpt>
      <trkpt lat="26.698580" lon="127.912050"></trkpt>
      <trkpt lat="26.698870" lon="127.913480"></trkpt>
      <trkpt lat="26.698930" lon="127.913690"></trkpt>
      <trkpt lat="26.699100" lon="127.914060"></trkpt>
      <trkpt lat="26.699130" lon="127.914100"></trkpt>
      <trkpt lat="26.699590" lon="127.914840"></trkpt>
      <trkpt lat="26.699600" lon="127.914870"></trkpt>
      <trkpt lat="26.699810" lon="127.915160"></trkpt>
      <trkpt lat="26.699960" lon="127.915350"></trkpt>
      <trkpt lat="26.699960" lon="127.915360"></trkpt>
      <trkpt lat="26.700140" lon="127.915610"></trkpt>
      <trkpt lat="26.700220" lon="127.915760"></trkpt>
      <trkpt lat="26.700300" lon="127.916010"></trkpt>
      <trkpt lat="26.700320" lon="127.916210"></trkpt>
      <trkpt lat="26.700320" lon="127.916360"></trkpt>
      <trkpt lat="26.700200" lon="127.917040"></trkpt>
      <trkpt lat="26.700200" lon="127.917130"></trkpt>
      <trkpt lat="26.700190" lon="127.917200"></trkpt>
      <trkpt lat="26.700220" lon="127.917450"></trkpt>
      <trkpt lat="26.700250" lon="127.917550"></trkpt>
      <trkpt lat="26.700510" lon="127.918090"></trkpt>
      <trkpt lat="26.700650" lon="127.918430"></trkpt>
      <trkpt lat="26.700680" lon="127.918550"></trkpt>
      <trkpt lat="26.700700" lon="127.918600"></trkpt>
      <trkpt lat="26.700730" lon="127.918770"></trkpt>
      <trkpt lat="26.700740" lon="127.918800"></trkpt>
      <trkpt lat="26.700770" lon="127.919400"></trkpt>
      <trkpt lat="26.700770" lon="127.919570"></trkpt>
      <trkpt lat="26.700780" lon="127.919600"></trkpt>
      <trkpt lat="26.700790" lon="127.919730"></trkpt>
      <trkpt lat="26.700850" lon="127.920070"></trkpt>
      <trkpt lat="26.700860" lon="127.920180"></trkpt>
      <trkpt lat="26.700890" lon="127.920350"></trkpt>
      <trkpt lat="26.700900" lon="127.920480"></trkpt>
      <trkpt lat="26.700890" lon="127.921600"></trkpt>
      <trkpt lat="26.700900" lon="127.921910"></trkpt>
      <trkpt lat="26.700950" lon="127.922530"></trkpt>
      <trkpt lat="26.701010" lon="127.923010"></trkpt>
      <trkpt lat="26.701250" lon="127.924310"></trkpt>
      <trkpt lat="26.701310" lon="127.924740"></trkpt>
      <trkpt lat="26.701340" lon="127.925090"></trkpt>
      <trkpt lat="26.701360" lon="127.925200"></trkpt>
      <trkpt lat="26.701380" lon="127.925490"></trkpt>
      <trkpt lat="26.701380" lon="127.925590"></trkpt>
      <trkpt lat="26.701370" lon="127.925670"></trkpt>
      <trkpt lat="26.701280" lon="127.926100"></trkpt>
      <trkpt lat="26.701110" lon="127.926550"></trkpt>
      <trkpt lat="26.701010" lon="127.926780"></trkpt>
      <trkpt lat="26.700870" lon="127.927150"></trkpt>
      <trkpt lat="26.700790" lon="127.927330"></trkpt>
      <trkpt lat="26.700040" lon="127.929350"></trkpt>
      <trkpt lat="26.699990" lon="127.929510"></trkpt>
      <trkpt lat="26.699880" lon="127.929780"></trkpt>
      <trkpt lat="26.699630" lon="127.930280"></trkpt>
      <trkpt lat="26.699500" lon="127.930590"></trkpt>
      <trkpt lat="26.699450" lon="127.930760"></trkpt>
      <trkpt lat="26.699020" lon="127.932690"></trkpt>
      <trkpt lat="26.698990" lon="127.932760"></trkpt>
      <trkpt lat="26.698980" lon="127.932770"></trkpt>
      <trkpt lat="26.698960" lon="127.932840"></trkpt>
      <trkpt lat="26.698920" lon="127.932900"></trkpt>
      <trkpt lat="26.698890" lon="127.932970"></trkpt>
      <trkpt lat="26.698770" lon="127.933130"></trkpt>
      <trkpt lat="26.697760" lon="127.934170"></trkpt>
      <trkpt lat="26.697590" lon="127.934370"></trkpt>
      <trkpt lat="26.697460" lon="127.934560"></trkpt>
      <trkpt lat="26.697400" lon="127.934660"></trkpt>
      <trkpt lat="26.697090" lon="127.935280"></trkpt>
      <trkpt lat="26.696890" lon="127.935720"></trkpt>
      <trkpt lat="26.696790" lon="127.936070"></trkpt>
      <trkpt lat="26.696660" lon="127.936650"></trkpt>
      <trkpt lat="26.696640" lon="127.936700"></trkpt>
      <trkpt lat="26.696600" lon="127.936910"></trkpt>
      <trkpt lat="26.696570" lon="127.937020"></trkpt>
      <trkpt lat="26.696530" lon="127.937350"></trkpt>
      <trkpt lat="26.696530" lon="127.937470"></trkpt>
      <trkpt lat="26.696480" lon="127.938370"></trkpt>
      <trkpt lat="26.696480" lon="127.938520"></trkpt>
      <trkpt lat="26.696470" lon="127.938610"></trkpt>
      <trkpt lat="26.696470" lon="127.938800"></trkpt>
      <trkpt lat="26.696460" lon="127.938850"></trkpt>
      <trkpt lat="26.696470" lon="127.938890"></trkpt>
      <trkpt lat="26.696470" lon="127.939010"></trkpt>
      <trkpt lat="26.696480" lon="127.939100"></trkpt>
      <trkpt lat="26.696540" lon="127.939320"></trkpt>
      <trkpt lat="26.696550" lon="127.939340"></trkpt>
      <trkpt lat="26.696600" lon="127.939510"></trkpt>
      <trkpt lat="26.696920" lon="127.940320"></trkpt>
      <trkpt lat="26.696940" lon="127.940410"></trkpt>
      <trkpt lat="26.697110" lon="127.940850"></trkpt>
      <trkpt lat="26.697140" lon="127.940960"></trkpt>
      <trkpt lat="26.697150" lon="127.940970"></trkpt>
      <trkpt lat="26.697150" lon="127.941000"></trkpt>
      <trkpt lat="26.697160" lon="127.941050"></trkpt>
      <trkpt lat="26.697160" lon="127.941130"></trkpt>
      <trkpt lat="26.697170" lon="127.941140"></trkpt>
      <trkpt lat="26.697170" lon="127.941200"></trkpt>
      <trkpt lat="26.697180" lon="127.941290"></trkpt>
      <trkpt lat="26.697180" lon="127.941370"></trkpt>
      <trkpt lat="26.697160" lon="127.941440"></trkpt>
      <trkpt lat="26.697150" lon="127.941500"></trkpt>
      <trkpt lat="26.697120" lon="127.941610"></trkpt>
      <trkpt lat="26.696660" lon="127.942680"></trkpt>
      <trkpt lat="26.696430" lon="127.943140"></trkpt>
      <trkpt lat="26.696280" lon="127.943480"></trkpt>
      <trkpt lat="26.696270" lon="127.943520"></trkpt>
      <trkpt lat="26.696240" lon="127.943570"></trkpt>
      <trkpt lat="26.696160" lon="127.943860"></trkpt>
      <trkpt lat="26.696130" lon="127.944090"></trkpt>
      <trkpt lat="26.696020" lon="127.945770"></trkpt>
      <trkpt lat="26.695970" lon="127.946130"></trkpt>
      <trkpt lat="26.695700" lon="127.947390"></trkpt>
      <trkpt lat="26.695680" lon="127.947550"></trkpt>
      <trkpt lat="26.695680" lon="127.947590"></trkpt>
      <trkpt lat="26.695660" lon="127.947700"></trkpt>
      <trkpt lat="26.695660" lon="127.947790"></trkpt>
      <trkpt lat="26.695690" lon="127.947900"></trkpt>
      <trkpt lat="26.695710" lon="127.948160"></trkpt>
      <trkpt lat="26.695740" lon="127.948350"></trkpt>
      <trkpt lat="26.695740" lon="127.948400"></trkpt>
      <trkpt lat="26.695780" lon="127.948730"></trkpt>
      <trkpt lat="26.695800" lon="127.949030"></trkpt>
      <trkpt lat="26.695790" lon="127.949690"></trkpt>
      <trkpt lat="26.695770" lon="127.949990"></trkpt>
      <trkpt lat="26.695770" lon="127.950150"></trkpt>
      <trkpt lat="26.695760" lon="127.950300"></trkpt>
      <trkpt lat="26.695750" lon="127.951590"></trkpt>
      <trkpt lat="26.695740" lon="127.951690"></trkpt>
      <trkpt lat="26.695740" lon="127.951760"></trkpt>
      <trkpt lat="26.695710" lon="127.952030"></trkpt>
      <trkpt lat="26.695650" lon="127.952280"></trkpt>
      <trkpt lat="26.695580" lon="127.952450"></trkpt>
      <trkpt lat="26.695570" lon="127.952500"></trkpt>
      <trkpt lat="26.695540" lon="127.952550"></trkpt>
      <trkpt lat="26.695470" lon="127.952720"></trkpt>
      <trkpt lat="26.695400" lon="127.952850"></trkpt>
      <trkpt lat="26.695390" lon="127.952880"></trkpt>
      <trkpt lat="26.695390" lon="127.952890"></trkpt>
      <trkpt lat="26.695360" lon="127.952950"></trkpt>
      <trkpt lat="26.695290" lon="127.953060"></trkpt>
      <trkpt lat="26.695150" lon="127.953240"></trkpt>
      <trkpt lat="26.695120" lon="127.953260"></trkpt>
      <trkpt lat="26.695090" lon="127.953300"></trkpt>
      <trkpt lat="26.695010" lon="127.953380"></trkpt>
      <trkpt lat="26.694170" lon="127.954080"></trkpt>
      <trkpt lat="26.694110" lon="127.954140"></trkpt>
      <trkpt lat="26.693940" lon="127.954350"></trkpt>
      <trkpt lat="26.693910" lon="127.954380"></trkpt>
      <trkpt lat="26.693880" lon="127.954430"></trkpt>
      <trkpt lat="26.693850" lon="127.954470"></trkpt>
      <trkpt lat="26.693780" lon="127.954590"></trkpt>
      <trkpt lat="26.693500" lon="127.955010"></trkpt>
      <trkpt lat="26.693470" lon="127.955070"></trkpt>
      <trkpt lat="26.693450" lon="127.955090"></trkpt>
      <trkpt lat="26.693330" lon="127.955300"></trkpt>
      <trkpt lat="26.693290" lon="127.955360"></trkpt>
      <trkpt lat="26.693130" lon="127.955690"></trkpt>
      <trkpt lat="26.693100" lon="127.955740"></trkpt>
      <trkpt lat="26.692970" lon="127.956020"></trkpt>
      <trkpt lat="26.692940" lon="127.956070"></trkpt>
      <trkpt lat="26.692920" lon="127.956130"></trkpt>
      <trkpt lat="26.692660" lon="127.956750"></trkpt>
      <trkpt lat="26.692490" lon="127.957290"></trkpt>
      <trkpt lat="26.692370" lon="127.957610"></trkpt>
      <trkpt lat="26.692210" lon="127.957960"></trkpt>
      <trkpt lat="26.692090" lon="127.958260"></trkpt>
      <trkpt lat="26.691870" lon="127.958700"></trkpt>
      <trkpt lat="26.691860" lon="127.958730"></trkpt>
      <trkpt lat="26.691810" lon="127.958810"></trkpt>
      <trkpt lat="26.691520" lon="127.959430"></trkpt>
      <trkpt lat="26.691510" lon="127.959440"></trkpt>
      <trkpt lat="26.691290" lon="127.959890"></trkpt>
      <trkpt lat="26.691190" lon="127.960160"></trkpt>
      <trkpt lat="26.691120" lon="127.960450"></trkpt>
      <trkpt lat="26.691090" lon="127.960660"></trkpt>
      <trkpt lat="26.691060" lon="127.960970"></trkpt>
      <trkpt lat="26.691040" lon="127.961100"></trkpt>
      <trkpt lat="26.691000" lon="127.961560"></trkpt>
      <trkpt lat="26.690990" lon="127.961590"></trkpt>
      <trkpt lat="26.690960" lon="127.961820"></trkpt>
      <trkpt lat="26.690840" lon="127.962240"></trkpt>
      <trkpt lat="26.690820" lon="127.962280"></trkpt>
      <trkpt lat="26.690750" lon="127.962480"></trkpt>
      <trkpt lat="26.690610" lon="127.962830"></trkpt>
      <trkpt lat="26.690530" lon="127.962990"></trkpt>
      <trkpt lat="26.690490" lon="127.963050"></trkpt>
      <trkpt lat="26.690470" lon="127.963090"></trkpt>
      <trkpt lat="26.690460" lon="127.963100"></trkpt>
      <trkpt lat="26.690440" lon="127.963140"></trkpt>
      <trkpt lat="26.690230" lon="127.963390"></trkpt>
      <trkpt lat="26.690080" lon="127.963520"></trkpt>
      <trkpt lat="26.689930" lon="127.963620"></trkpt>
      <trkpt lat="26.689570" lon="127.963890"></trkpt>
      <trkpt lat="26.689550" lon="127.963900"></trkpt>
      <trkpt lat="26.689330" lon="127.964070"></trkpt>
      <trkpt lat="26.688400" lon="127.964880"></trkpt>
      <trkpt lat="26.688290" lon="127.964960"></trkpt>
      <trkpt lat="26.688150" lon="127.965050"></trkpt>
      <trkpt lat="26.688100" lon="127.965090"></trkpt>
      <trkpt lat="26.687530" lon="127.965430"></trkpt>
      <trkpt lat="26.687520" lon="127.965430"></trkpt>
      <trkpt lat="26.687370" lon="127.965520"></trkpt>
      <trkpt lat="26.687330" lon="127.965550"></trkpt>
      <trkpt lat="26.687220" lon="127.965610"></trkpt>
      <trkpt lat="26.687170" lon="127.965650"></trkpt>
      <trkpt lat="26.687130" lon="127.965670"></trkpt>
      <trkpt lat="26.686870" lon="127.965870"></trkpt>
      <trkpt lat="26.686530" lon="127.966180"></trkpt>
      <trkpt lat="26.685870" lon="127.966820"></trkpt>
      <trkpt lat="26.685830" lon="127.966870"></trkpt>
      <trkpt lat="26.685760" lon="127.966940"></trkpt>
      <trkpt lat="26.685590" lon="127.967180"></trkpt>
      <trkpt lat="26.685440" lon="127.967460"></trkpt>
      <trkpt lat="26.685420" lon="127.967490"></trkpt>
      <trkpt lat="26.685300" lon="127.967720"></trkpt>
      <trkpt lat="26.685220" lon="127.967850"></trkpt>
      <trkpt lat="26.685100" lon="127.968070"></trkpt>
      <trkpt lat="26.685040" lon="127.968150"></trkpt>
      <trkpt lat="26.684150" lon="127.969510"></trkpt>
      <trkpt lat="26.684110" lon="127.969580"></trkpt>
      <trkpt lat="26.684090" lon="127.969600"></trkpt>
      <trkpt lat="26.683920" lon="127.969850"></trkpt>
      <trkpt lat="26.683870" lon="127.969900"></trkpt>
      <trkpt lat="26.683780" lon="127.970010"></trkpt>
      <trkpt lat="26.683690" lon="127.970100"></trkpt>
      <trkpt lat="26.683650" lon="127.970130"></trkpt>
      <trkpt lat="26.683430" lon="127.970330"></trkpt>
      <trkpt lat="26.683300" lon="127.970460"></trkpt>
      <trkpt lat="26.683240" lon="127.970530"></trkpt>
      <trkpt lat="26.683140" lon="127.970670"></trkpt>
      <trkpt lat="26.683040" lon="127.970840"></trkpt>
      <trkpt lat="26.683030" lon="127.970870"></trkpt>
      <trkpt lat="26.682970" lon="127.970980"></trkpt>
      <trkpt lat="26.682480" lon="127.972120"></trkpt>
      <trkpt lat="26.682870" lon="127.972420"></trkpt>
      <trkpt lat="26.682960" lon="127.972480"></trkpt>
      <trkpt lat="26.683150" lon="127.972630"></trkpt>
      <trkpt lat="26.683390" lon="127.972790"></trkpt>
      <trkpt lat="26.684600" lon="127.973510"></trkpt>
      <trkpt lat="26.684680" lon="127.973550"></trkpt>
      <trkpt lat="26.684780" lon="127.973620"></trkpt>
      <trkpt lat="26.684930" lon="127.973740"></trkpt>
      <trkpt lat="26.684940" lon="127.973760"></trkpt>
      <trkpt lat="26.685040" lon="127.973880"></trkpt>
      <trkpt lat="26.685080" lon="127.973950"></trkpt>
      <trkpt lat="26.685150" lon="127.974120"></trkpt>
      <trkpt lat="26.685210" lon="127.974400"></trkpt>
      <trkpt lat="26.685290" lon="127.974700"></trkpt>
      <trkpt lat="26.685330" lon="127.974800"></trkpt>
      <trkpt lat="26.685400" lon="127.974940"></trkpt>
      <trkpt lat="26.685500" lon="127.975080"></trkpt>
      <trkpt lat="26.685690" lon="127.975320"></trkpt>
      <trkpt lat="26.685720" lon="127.975350"></trkpt>
      <trkpt lat="26.686490" lon="127.976390"></trkpt>
      <trkpt lat="26.686520" lon="127.976440"></trkpt>
      <trkpt lat="26.686640" lon="127.976600"></trkpt>
      <trkpt lat="26.686770" lon="127.976750"></trkpt>
      <trkpt lat="26.686840" lon="127.976820"></trkpt>
      <trkpt lat="26.686930" lon="127.976890"></trkpt>
      <trkpt lat="26.686960" lon="127.976900"></trkpt>
      <trkpt lat="26.687080" lon="127.976960"></trkpt>
      <trkpt lat="26.687200" lon="127.976990"></trkpt>
      <trkpt lat="26.687370" lon="127.977010"></trkpt>
      <trkpt lat="26.687530" lon="127.977010"></trkpt>
      <trkpt lat="26.687550" lon="127.977000"></trkpt>
      <trkpt lat="26.687560" lon="127.977000"></trkpt>
      <trkpt lat="26.688520" lon="127.976840"></trkpt>
      <trkpt lat="26.689710" lon="127.976760"></trkpt>
      <trkpt lat="26.689850" lon="127.976760"></trkpt>
      <trkpt lat="26.689960" lon="127.976770"></trkpt>
      <trkpt lat="26.690100" lon="127.976770"></trkpt>
      <trkpt lat="26.690450" lon="127.976830"></trkpt>
      <trkpt lat="26.690720" lon="127.976900"></trkpt>
      <trkpt lat="26.691450" lon="127.977170"></trkpt>
      <trkpt lat="26.691510" lon="127.977200"></trkpt>
      <trkpt lat="26.691730" lon="127.977280"></trkpt>
      <trkpt lat="26.691790" lon="127.977320"></trkpt>
      <trkpt lat="26.691840" lon="127.977370"></trkpt>
      <trkpt lat="26.691860" lon="127.977400"></trkpt>
      <trkpt lat="26.691920" lon="127.977530"></trkpt>
      <trkpt lat="26.691930" lon="127.977580"></trkpt>
      <trkpt lat="26.691930" lon="127.977690"></trkpt>
      <trkpt lat="26.691910" lon="127.977780"></trkpt>
      <trkpt lat="26.691390" lon="127.979540"></trkpt>
      <trkpt lat="26.690930" lon="127.979400"></trkpt>
    </trkseg>
  </trk>
</gpx>
