<?xml version="1.0" encoding="UTF-8"?>
<gpx version="1.1" creator="2026-routes" xmlns="http://www.topografix.com/GPX/1/1">
  <metadata>
    <name>第三天路線(10/13)</name>
    <desc>第三天路線(10/13)</desc>
  </metadata>
  <trk>
    <name>Day 3 第三天路線(10/13)</name>
    <trkseg>
      <trkpt lat="26.744260" lon="128.176850"></trkpt>
      <trkpt lat="26.744230" lon="128.176830"></trkpt>
      <trkpt lat="26.743220" lon="128.176450"></trkpt>
      <trkpt lat="26.743210" lon="128.176450"></trkpt>
      <trkpt lat="26.743170" lon="128.176430"></trkpt>
      <trkpt lat="26.743140" lon="128.176420"></trkpt>
      <trkpt lat="26.743110" lon="128.176420"></trkpt>
      <trkpt lat="26.743090" lon="128.176410"></trkpt>
      <trkpt lat="26.743060" lon="128.176410"></trkpt>
      <trkpt lat="26.743030" lon="128.176420"></trkpt>
      <trkpt lat="26.743000" lon="128.176420"></trkpt>
      <trkpt lat="26.742940" lon="128.176440"></trkpt>
      <trkpt lat="26.742920" lon="128.176470"></trkpt>
      <trkpt lat="26.742920" lon="128.176480"></trkpt>
      <trkpt lat="26.742870" lon="128.176530"></trkpt>
      <trkpt lat="26.743190" lon="128.176810"></trkpt>
      <trkpt lat="26.743270" lon="128.176900"></trkpt>
      <trkpt lat="26.743380" lon="128.177000"></trkpt>
      <trkpt lat="26.743630" lon="128.177290"></trkpt>
      <trkpt lat="26.743870" lon="128.177620"></trkpt>
      <trkpt lat="26.743880" lon="128.177620"></trkpt>
      <trkpt lat="26.743890" lon="128.177650"></trkpt>
      <trkpt lat="26.744580" lon="128.178600"></trkpt>
      <trkpt lat="26.744650" lon="128.178680"></trkpt>
      <trkpt lat="26.745760" lon="128.180210"></trkpt>
      <trkpt lat="26.745790" lon="128.180240"></trkpt>
      <trkpt lat="26.745850" lon="128.180340"></trkpt>
      <trkpt lat="26.745970" lon="128.180490"></trkpt>
      <trkpt lat="26.746230" lon="128.180780"></trkpt>
      <trkpt lat="26.746500" lon="128.181040"></trkpt>
      <trkpt lat="26.746850" lon="128.181330"></trkpt>
      <trkpt lat="26.747050" lon="128.181460"></trkpt>
      <trkpt lat="26.747090" lon="128.181500"></trkpt>
      <trkpt lat="26.747360" lon="128.181670"></trkpt>
      <trkpt lat="26.747570" lon="128.181830"></trkpt>
      <trkpt lat="26.747620" lon="128.181860"></trkpt>
      <trkpt lat="26.747940" lon="128.182140"></trkpt>
      <trkpt lat="26.747950" lon="128.182140"></trkpt>
      <trkpt lat="26.748120" lon="128.182310"></trkpt>
      <trkpt lat="26.748430" lon="128.182660"></trkpt>
      <trkpt lat="26.748600" lon="128.182900"></trkpt>
      <trkpt lat="26.748750" lon="128.183140"></trkpt>
      <trkpt lat="26.749010" lon="128.183610"></trkpt>
      <trkpt lat="26.749150" lon="128.183910"></trkpt>
      <trkpt lat="26.749300" lon="128.184180"></trkpt>
      <trkpt lat="26.749320" lon="128.184230"></trkpt>
      <trkpt lat="26.749370" lon="128.184290"></trkpt>
      <trkpt lat="26.749490" lon="128.184480"></trkpt>
      <trkpt lat="26.749730" lon="128.184730"></trkpt>
      <trkpt lat="26.749960" lon="128.184940"></trkpt>
      <trkpt lat="26.750700" lon="128.185460"></trkpt>
      <trkpt lat="26.750770" lon="128.185500"></trkpt>
      <trkpt lat="26.752010" lon="128.186420"></trkpt>
      <trkpt lat="26.752170" lon="128.186550"></trkpt>
      <trkpt lat="26.752540" lon="128.186890"></trkpt>
      <trkpt lat="26.753390" lon="128.187610"></trkpt>
      <trkpt lat="26.753640" lon="128.187790"></trkpt>
      <trkpt lat="26.753900" lon="128.187910"></trkpt>
      <trkpt lat="26.753930" lon="128.187920"></trkpt>
      <trkpt lat="26.753970" lon="128.187940"></trkpt>
      <trkpt lat="26.754100" lon="128.187970"></trkpt>
      <trkpt lat="26.754190" lon="128.187980"></trkpt>
      <trkpt lat="26.754300" lon="128.188010"></trkpt>
      <trkpt lat="26.754450" lon="128.188030"></trkpt>
      <trkpt lat="26.754790" lon="128.188100"></trkpt>
      <trkpt lat="26.754990" lon="128.188130"></trkpt>
      <trkpt lat="26.755390" lon="128.188170"></trkpt>
      <trkpt lat="26.755820" lon="128.188230"></trkpt>
      <trkpt lat="26.755860" lon="128.188250"></trkpt>
      <trkpt lat="26.756120" lon="128.188340"></trkpt>
      <trkpt lat="26.756360" lon="128.188470"></trkpt>
      <trkpt lat="26.756470" lon="128.188550"></trkpt>
      <trkpt lat="26.756750" lon="128.188730"></trkpt>
      <trkpt lat="26.756810" lon="128.188780"></trkpt>
      <trkpt lat="26.756890" lon="128.188830"></trkpt>
      <trkpt lat="26.757120" lon="128.188950"></trkpt>
      <trkpt lat="26.757320" lon="128.189020"></trkpt>
      <trkpt lat="26.757500" lon="128.189070"></trkpt>
      <trkpt lat="26.757520" lon="128.189080"></trkpt>
      <trkpt lat="26.757660" lon="128.189100"></trkpt>
      <trkpt lat="26.757800" lon="128.189130"></trkpt>
      <trkpt lat="26.759830" lon="128.189450"></trkpt>
      <trkpt lat="26.760100" lon="128.189510"></trkpt>
      <trkpt lat="26.760430" lon="128.189650"></trkpt>
      <trkpt lat="26.760580" lon="128.189740"></trkpt>
      <trkpt lat="26.760740" lon="128.189860"></trkpt>
      <trkpt lat="26.760790" lon="128.189910"></trkpt>
      <trkpt lat="26.760830" lon="128.189940"></trkpt>
      <trkpt lat="26.761100" lon="128.190230"></trkpt>
      <trkpt lat="26.762090" lon="128.191510"></trkpt>
      <trkpt lat="26.762800" lon="128.192600"></trkpt>
      <trkpt lat="26.762820" lon="128.192640"></trkpt>
      <trkpt lat="26.763100" lon="128.193080"></trkpt>
      <trkpt lat="26.763410" lon="128.193630"></trkpt>
      <trkpt lat="26.763880" lon="128.194530"></trkpt>
      <trkpt lat="26.764290" lon="128.195200"></trkpt>
      <trkpt lat="26.764510" lon="128.195600"></trkpt>
      <trkpt lat="26.764520" lon="128.195630"></trkpt>
      <trkpt lat="26.764710" lon="128.196030"></trkpt>
      <trkpt lat="26.764890" lon="128.196620"></trkpt>
      <trkpt lat="26.764960" lon="128.197110"></trkpt>
      <trkpt lat="26.764980" lon="128.197330"></trkpt>
      <trkpt lat="26.765000" lon="128.199030"></trkpt>
      <trkpt lat="26.765050" lon="128.199830"></trkpt>
      <trkpt lat="26.765150" lon="128.200690"></trkpt>
      <trkpt lat="26.765380" lon="128.201720"></trkpt>
      <trkpt lat="26.765400" lon="128.201780"></trkpt>
      <trkpt lat="26.765430" lon="128.201910"></trkpt>
      <trkpt lat="26.765490" lon="128.202100"></trkpt>
      <trkpt lat="26.765520" lon="128.202250"></trkpt>
      <trkpt lat="26.765530" lon="128.202270"></trkpt>
      <trkpt lat="26.765720" lon="128.202930"></trkpt>
      <trkpt lat="26.765740" lon="128.202970"></trkpt>
      <trkpt lat="26.765750" lon="128.203020"></trkpt>
      <trkpt lat="26.765780" lon="128.203090"></trkpt>
      <trkpt lat="26.765820" lon="128.203160"></trkpt>
      <trkpt lat="26.765860" lon="128.203270"></trkpt>
      <trkpt lat="26.765940" lon="128.203420"></trkpt>
      <trkpt lat="26.766040" lon="128.203580"></trkpt>
      <trkpt lat="26.766270" lon="128.203860"></trkpt>
      <trkpt lat="26.766450" lon="128.204030"></trkpt>
      <trkpt lat="26.766660" lon="128.204180"></trkpt>
      <trkpt lat="26.766980" lon="128.204350"></trkpt>
      <trkpt lat="26.767280" lon="128.204450"></trkpt>
      <trkpt lat="26.767600" lon="128.204530"></trkpt>
      <trkpt lat="26.767960" lon="128.204580"></trkpt>
      <trkpt lat="26.767970" lon="128.204590"></trkpt>
      <trkpt lat="26.768040" lon="128.204600"></trkpt>
      <trkpt lat="26.768110" lon="128.204620"></trkpt>
      <trkpt lat="26.768360" lon="128.204720"></trkpt>
      <trkpt lat="26.768470" lon="128.204780"></trkpt>
      <trkpt lat="26.768970" lon="128.205130"></trkpt>
      <trkpt lat="26.769150" lon="128.205240"></trkpt>
      <trkpt lat="26.769300" lon="128.205310"></trkpt>
      <trkpt lat="26.769310" lon="128.205310"></trkpt>
      <trkpt lat="26.769470" lon="128.205370"></trkpt>
      <trkpt lat="26.769600" lon="128.205390"></trkpt>
      <trkpt lat="26.769660" lon="128.205410"></trkpt>
      <trkpt lat="26.769800" lon="128.205430"></trkpt>
      <trkpt lat="26.769860" lon="128.205430"></trkpt>
      <trkpt lat="26.769960" lon="128.205440"></trkpt>
      <trkpt lat="26.770310" lon="128.205400"></trkpt>
      <trkpt lat="26.770400" lon="128.205380"></trkpt>
      <trkpt lat="26.770660" lon="128.205300"></trkpt>
      <trkpt lat="26.770770" lon="128.205250"></trkpt>
      <trkpt lat="26.770830" lon="128.205230"></trkpt>
      <trkpt lat="26.771020" lon="128.205140"></trkpt>
      <trkpt lat="26.771500" lon="128.204950"></trkpt>
      <trkpt lat="26.771810" lon="128.204860"></trkpt>
      <trkpt lat="26.771890" lon="128.204830"></trkpt>
      <trkpt lat="26.771910" lon="128.204830"></trkpt>
      <trkpt lat="26.772240" lon="128.204750"></trkpt>
      <trkpt lat="26.772720" lon="128.204660"></trkpt>
      <trkpt lat="26.773400" lon="128.204560"></trkpt>
      <trkpt lat="26.773610" lon="128.204540"></trkpt>
      <trkpt lat="26.773870" lon="128.204540"></trkpt>
      <trkpt lat="26.774030" lon="128.204570"></trkpt>
      <trkpt lat="26.774210" lon="128.204630"></trkpt>
      <trkpt lat="26.774430" lon="128.204750"></trkpt>
      <trkpt lat="26.774530" lon="128.204820"></trkpt>
      <trkpt lat="26.774600" lon="128.204890"></trkpt>
      <trkpt lat="26.774650" lon="128.204930"></trkpt>
      <trkpt lat="26.774770" lon="128.205060"></trkpt>
      <trkpt lat="26.774830" lon="128.205150"></trkpt>
      <trkpt lat="26.774930" lon="128.205330"></trkpt>
      <trkpt lat="26.774990" lon="128.205460"></trkpt>
      <trkpt lat="26.775000" lon="128.205510"></trkpt>
      <trkpt lat="26.775020" lon="128.205560"></trkpt>
      <trkpt lat="26.775070" lon="128.205740"></trkpt>
      <trkpt lat="26.775270" lon="128.206660"></trkpt>
      <trkpt lat="26.775350" lon="128.206930"></trkpt>
      <trkpt lat="26.775380" lon="128.207000"></trkpt>
      <trkpt lat="26.775420" lon="128.207130"></trkpt>
      <trkpt lat="26.776070" lon="128.208540"></trkpt>
      <trkpt lat="26.776080" lon="128.208570"></trkpt>
      <trkpt lat="26.776310" lon="128.209040"></trkpt>
      <trkpt lat="26.776380" lon="128.209160"></trkpt>
      <trkpt lat="26.776450" lon="128.209260"></trkpt>
      <trkpt lat="26.776480" lon="128.209330"></trkpt>
      <trkpt lat="26.776550" lon="128.209420"></trkpt>
      <trkpt lat="26.776590" lon="128.209490"></trkpt>
      <trkpt lat="26.776640" lon="128.209560"></trkpt>
      <trkpt lat="26.776700" lon="128.209630"></trkpt>
      <trkpt lat="26.776760" lon="128.209720"></trkpt>
      <trkpt lat="26.776790" lon="128.209750"></trkpt>
      <trkpt lat="26.777720" lon="128.210860"></trkpt>
      <trkpt lat="26.777810" lon="128.210980"></trkpt>
      <trkpt lat="26.777840" lon="128.211010"></trkpt>
      <trkpt lat="26.777970" lon="128.211180"></trkpt>
      <trkpt lat="26.778150" lon="128.211390"></trkpt>
      <trkpt lat="26.778230" lon="128.211470"></trkpt>
      <trkpt lat="26.778280" lon="128.211530"></trkpt>
      <trkpt lat="26.778430" lon="128.211680"></trkpt>
      <trkpt lat="26.778480" lon="128.211720"></trkpt>
      <trkpt lat="26.778520" lon="128.211760"></trkpt>
      <trkpt lat="26.778770" lon="128.211960"></trkpt>
      <trkpt lat="26.779700" lon="128.212610"></trkpt>
      <trkpt lat="26.779990" lon="128.212840"></trkpt>
      <trkpt lat="26.780010" lon="128.212850"></trkpt>
      <trkpt lat="26.780190" lon="128.213000"></trkpt>
      <trkpt lat="26.780590" lon="128.213370"></trkpt>
      <trkpt lat="26.780620" lon="128.213390"></trkpt>
      <trkpt lat="26.780670" lon="128.213440"></trkpt>
      <trkpt lat="26.781330" lon="128.214010"></trkpt>
      <trkpt lat="26.781400" lon="128.214080"></trkpt>
      <trkpt lat="26.781450" lon="128.214120"></trkpt>
      <trkpt lat="26.781500" lon="128.214170"></trkpt>
      <trkpt lat="26.781530" lon="128.214210"></trkpt>
      <trkpt lat="26.781610" lon="128.214290"></trkpt>
      <trkpt lat="26.781640" lon="128.214340"></trkpt>
      <trkpt lat="26.781700" lon="128.214420"></trkpt>
      <trkpt lat="26.781840" lon="128.214650"></trkpt>
      <trkpt lat="26.782440" lon="128.216050"></trkpt>
      <trkpt lat="26.782530" lon="128.216220"></trkpt>
      <trkpt lat="26.782580" lon="128.216300"></trkpt>
      <trkpt lat="26.782780" lon="128.216540"></trkpt>
      <trkpt lat="26.782970" lon="128.216710"></trkpt>
      <trkpt lat="26.783200" lon="128.216940"></trkpt>
      <trkpt lat="26.783350" lon="128.217130"></trkpt>
      <trkpt lat="26.783440" lon="128.217280"></trkpt>
      <trkpt lat="26.783530" lon="128.217480"></trkpt>
      <trkpt lat="26.783600" lon="128.217670"></trkpt>
      <trkpt lat="26.783610" lon="128.217730"></trkpt>
      <trkpt lat="26.783710" lon="128.218100"></trkpt>
      <trkpt lat="26.783710" lon="128.218110"></trkpt>
      <trkpt lat="26.783800" lon="128.218370"></trkpt>
      <trkpt lat="26.783860" lon="128.218500"></trkpt>
      <trkpt lat="26.783930" lon="128.218620"></trkpt>
      <trkpt lat="26.784010" lon="128.218730"></trkpt>
      <trkpt lat="26.784140" lon="128.218860"></trkpt>
      <trkpt lat="26.784210" lon="128.218910"></trkpt>
      <trkpt lat="26.784380" lon="128.219010"></trkpt>
      <trkpt lat="26.784790" lon="128.219140"></trkpt>
      <trkpt lat="26.785160" lon="128.219230"></trkpt>
      <trkpt lat="26.785250" lon="128.219260"></trkpt>
      <trkpt lat="26.785280" lon="128.219280"></trkpt>
      <trkpt lat="26.785430" lon="128.219350"></trkpt>
      <trkpt lat="26.785500" lon="128.219390"></trkpt>
      <trkpt lat="26.785670" lon="128.219510"></trkpt>
      <trkpt lat="26.785680" lon="128.219520"></trkpt>
      <trkpt lat="26.785710" lon="128.219540"></trkpt>
      <trkpt lat="26.787070" lon="128.220730"></trkpt>
      <trkpt lat="26.787280" lon="128.220980"></trkpt>
      <trkpt lat="26.787320" lon="128.221050"></trkpt>
      <trkpt lat="26.787370" lon="128.221120"></trkpt>
      <trkpt lat="26.787480" lon="128.221330"></trkpt>
      <trkpt lat="26.787600" lon="128.221640"></trkpt>
      <trkpt lat="26.787600" lon="128.221650"></trkpt>
      <trkpt lat="26.788060" lon="128.222910"></trkpt>
      <trkpt lat="26.788190" lon="128.223190"></trkpt>
      <trkpt lat="26.788230" lon="128.223250"></trkpt>
      <trkpt lat="26.788260" lon="128.223310"></trkpt>
      <trkpt lat="26.788350" lon="128.223420"></trkpt>
      <trkpt lat="26.788490" lon="128.223570"></trkpt>
      <trkpt lat="26.788710" lon="128.223730"></trkpt>
      <trkpt lat="26.788970" lon="128.223860"></trkpt>
      <trkpt lat="26.789000" lon="128.223870"></trkpt>
      <trkpt lat="26.789050" lon="128.223900"></trkpt>
      <trkpt lat="26.789110" lon="128.223920"></trkpt>
      <trkpt lat="26.789440" lon="128.224070"></trkpt>
      <trkpt lat="26.789530" lon="128.224100"></trkpt>
      <trkpt lat="26.789620" lon="128.224140"></trkpt>
      <trkpt lat="26.789930" lon="128.224220"></trkpt>
      <trkpt lat="26.790680" lon="128.224320"></trkpt>
      <trkpt lat="26.790920" lon="128.224380"></trkpt>
      <trkpt lat="26.790960" lon="128.224400"></trkpt>
      <trkpt lat="26.791090" lon="128.224450"></trkpt>
      <trkpt lat="26.791160" lon="128.224470"></trkpt>
      <trkpt lat="26.791470" lon="128.224630"></trkpt>
      <trkpt lat="26.791890" lon="128.224820"></trkpt>
      <trkpt lat="26.792190" lon="128.224900"></trkpt>
      <trkpt lat="26.794420" lon="128.225300"></trkpt>
      <trkpt lat="26.794450" lon="128.225300"></trkpt>
      <trkpt lat="26.794810" lon="128.225380"></trkpt>
      <trkpt lat="26.795740" lon="128.225550"></trkpt>
      <trkpt lat="26.795860" lon="128.225590"></trkpt>
      <trkpt lat="26.795870" lon="128.225590"></trkpt>
      <trkpt lat="26.796110" lon="128.225680"></trkpt>
      <trkpt lat="26.796380" lon="128.225840"></trkpt>
      <trkpt lat="26.796590" lon="128.226020"></trkpt>
      <trkpt lat="26.796620" lon="128.226060"></trkpt>
      <trkpt lat="26.796640" lon="128.226080"></trkpt>
      <trkpt lat="26.796650" lon="128.226100"></trkpt>
      <trkpt lat="26.796690" lon="128.226140"></trkpt>
      <trkpt lat="26.796750" lon="128.226230"></trkpt>
      <trkpt lat="26.796760" lon="128.226230"></trkpt>
      <trkpt lat="26.796780" lon="128.226270"></trkpt>
      <trkpt lat="26.796810" lon="128.226310"></trkpt>
      <trkpt lat="26.796840" lon="128.226380"></trkpt>
      <trkpt lat="26.796860" lon="128.226400"></trkpt>
      <trkpt lat="26.796930" lon="128.226530"></trkpt>
      <trkpt lat="26.796940" lon="128.226570"></trkpt>
      <trkpt lat="26.796940" lon="128.226580"></trkpt>
      <trkpt lat="26.797260" lon="128.227350"></trkpt>
      <trkpt lat="26.797290" lon="128.227460"></trkpt>
      <trkpt lat="26.797330" lon="128.227560"></trkpt>
      <trkpt lat="26.797340" lon="128.227630"></trkpt>
      <trkpt lat="26.797360" lon="128.227670"></trkpt>
      <trkpt lat="26.797390" lon="128.227840"></trkpt>
      <trkpt lat="26.797390" lon="128.227890"></trkpt>
      <trkpt lat="26.797400" lon="128.227980"></trkpt>
      <trkpt lat="26.797400" lon="128.228180"></trkpt>
      <trkpt lat="26.797360" lon="128.228630"></trkpt>
      <trkpt lat="26.797200" lon="128.229880"></trkpt>
      <trkpt lat="26.797200" lon="128.229930"></trkpt>
      <trkpt lat="26.797100" lon="128.230710"></trkpt>
      <trkpt lat="26.797080" lon="128.231000"></trkpt>
      <trkpt lat="26.797080" lon="128.231290"></trkpt>
      <trkpt lat="26.797120" lon="128.231510"></trkpt>
      <trkpt lat="26.797140" lon="128.231560"></trkpt>
      <trkpt lat="26.797160" lon="128.231650"></trkpt>
      <trkpt lat="26.797290" lon="128.231940"></trkpt>
      <trkpt lat="26.797410" lon="128.232080"></trkpt>
      <trkpt lat="26.797450" lon="128.232140"></trkpt>
      <trkpt lat="26.797590" lon="128.232280"></trkpt>
      <trkpt lat="26.797660" lon="128.232330"></trkpt>
      <trkpt lat="26.797680" lon="128.232350"></trkpt>
      <trkpt lat="26.797710" lon="128.232370"></trkpt>
      <trkpt lat="26.797740" lon="128.232380"></trkpt>
      <trkpt lat="26.797870" lon="128.232450"></trkpt>
      <trkpt lat="26.798040" lon="128.232510"></trkpt>
      <trkpt lat="26.798160" lon="128.232530"></trkpt>
      <trkpt lat="26.798190" lon="128.232540"></trkpt>
      <trkpt lat="26.798280" lon="128.232540"></trkpt>
      <trkpt lat="26.798320" lon="128.232550"></trkpt>
      <trkpt lat="26.798930" lon="128.232570"></trkpt>
      <trkpt lat="26.799020" lon="128.232560"></trkpt>
      <trkpt lat="26.799200" lon="128.232560"></trkpt>
      <trkpt lat="26.799670" lon="128.232500"></trkpt>
      <trkpt lat="26.800040" lon="128.232420"></trkpt>
      <trkpt lat="26.800130" lon="128.232390"></trkpt>
      <trkpt lat="26.800180" lon="128.232360"></trkpt>
      <trkpt lat="26.800210" lon="128.232350"></trkpt>
      <trkpt lat="26.800400" lon="128.232220"></trkpt>
      <trkpt lat="26.800580" lon="128.232030"></trkpt>
      <trkpt lat="26.800900" lon="128.231640"></trkpt>
      <trkpt lat="26.801090" lon="128.231480"></trkpt>
      <trkpt lat="26.801240" lon="128.231380"></trkpt>
      <trkpt lat="26.801880" lon="128.231060"></trkpt>
      <trkpt lat="26.802100" lon="128.230980"></trkpt>
      <trkpt lat="26.802250" lon="128.230950"></trkpt>
      <trkpt lat="26.802470" lon="128.230930"></trkpt>
      <trkpt lat="26.803820" lon="128.230910"></trkpt>
      <trkpt lat="26.803970" lon="128.230920"></trkpt>
      <trkpt lat="26.804220" lon="128.230980"></trkpt>
      <trkpt lat="26.804440" lon="128.231070"></trkpt>
      <trkpt lat="26.804620" lon="128.231180"></trkpt>
      <trkpt lat="26.804630" lon="128.231190"></trkpt>
      <trkpt lat="26.804760" lon="128.231280"></trkpt>
      <trkpt lat="26.804960" lon="128.231440"></trkpt>
      <trkpt lat="26.806120" lon="128.232470"></trkpt>
      <trkpt lat="26.806660" lon="128.232920"></trkpt>
      <trkpt lat="26.806700" lon="128.232960"></trkpt>
      <trkpt lat="26.807830" lon="128.233750"></trkpt>
      <trkpt lat="26.808050" lon="128.233890"></trkpt>
      <trkpt lat="26.808110" lon="128.233910"></trkpt>
      <trkpt lat="26.808310" lon="128.234000"></trkpt>
      <trkpt lat="26.809010" lon="128.234240"></trkpt>
      <trkpt lat="26.809020" lon="128.234240"></trkpt>
      <trkpt lat="26.809130" lon="128.234280"></trkpt>
      <trkpt lat="26.809320" lon="128.234330"></trkpt>
      <trkpt lat="26.809540" lon="128.234350"></trkpt>
      <trkpt lat="26.809580" lon="128.234360"></trkpt>
      <trkpt lat="26.809620" lon="128.234360"></trkpt>
      <trkpt lat="26.809760" lon="128.234340"></trkpt>
      <trkpt lat="26.809780" lon="128.234340"></trkpt>
      <trkpt lat="26.809960" lon="128.234310"></trkpt>
      <trkpt lat="26.810530" lon="128.234160"></trkpt>
      <trkpt lat="26.810850" lon="128.234110"></trkpt>
      <trkpt lat="26.811010" lon="128.234110"></trkpt>
      <trkpt lat="26.811230" lon="128.234140"></trkpt>
      <trkpt lat="26.811430" lon="128.234190"></trkpt>
      <trkpt lat="26.811490" lon="128.234220"></trkpt>
      <trkpt lat="26.811500" lon="128.234220"></trkpt>
      <trkpt lat="26.811560" lon="128.234240"></trkpt>
      <trkpt lat="26.811970" lon="128.234470"></trkpt>
      <trkpt lat="26.811980" lon="128.234480"></trkpt>
      <trkpt lat="26.812940" lon="128.235040"></trkpt>
      <trkpt lat="26.813040" lon="128.235110"></trkpt>
      <trkpt lat="26.813280" lon="128.235250"></trkpt>
      <trkpt lat="26.813380" lon="128.235300"></trkpt>
      <trkpt lat="26.813640" lon="128.235470"></trkpt>
      <trkpt lat="26.813960" lon="128.235730"></trkpt>
      <trkpt lat="26.814900" lon="128.236640"></trkpt>
      <trkpt lat="26.815040" lon="128.236760"></trkpt>
      <trkpt lat="26.815630" lon="128.237330"></trkpt>
      <trkpt lat="26.815810" lon="128.237460"></trkpt>
      <trkpt lat="26.816040" lon="128.237590"></trkpt>
      <trkpt lat="26.816050" lon="128.237590"></trkpt>
      <trkpt lat="26.816200" lon="128.237660"></trkpt>
      <trkpt lat="26.816220" lon="128.237660"></trkpt>
      <trkpt lat="26.816390" lon="128.237720"></trkpt>
      <trkpt lat="26.816550" lon="128.237760"></trkpt>
      <trkpt lat="26.816570" lon="128.237760"></trkpt>
      <trkpt lat="26.817370" lon="128.237980"></trkpt>
      <trkpt lat="26.817520" lon="128.238030"></trkpt>
      <trkpt lat="26.817610" lon="128.238050"></trkpt>
      <trkpt lat="26.817620" lon="128.238050"></trkpt>
      <trkpt lat="26.817820" lon="128.238130"></trkpt>
      <trkpt lat="26.817890" lon="128.238150"></trkpt>
      <trkpt lat="26.817960" lon="128.238190"></trkpt>
      <trkpt lat="26.818040" lon="128.238220"></trkpt>
      <trkpt lat="26.818120" lon="128.238260"></trkpt>
      <trkpt lat="26.818150" lon="128.238270"></trkpt>
      <trkpt lat="26.818240" lon="128.238320"></trkpt>
      <trkpt lat="26.818280" lon="128.238350"></trkpt>
      <trkpt lat="26.818340" lon="128.238380"></trkpt>
      <trkpt lat="26.818440" lon="128.238450"></trkpt>
      <trkpt lat="26.818600" lon="128.238540"></trkpt>
      <trkpt lat="26.818610" lon="128.238550"></trkpt>
      <trkpt lat="26.820130" lon="128.239570"></trkpt>
      <trkpt lat="26.820290" lon="128.239720"></trkpt>
      <trkpt lat="26.820460" lon="128.239920"></trkpt>
      <trkpt lat="26.820730" lon="128.240340"></trkpt>
      <trkpt lat="26.820840" lon="128.240530"></trkpt>
      <trkpt lat="26.820860" lon="128.240580"></trkpt>
      <trkpt lat="26.821270" lon="128.241220"></trkpt>
      <trkpt lat="26.821540" lon="128.241580"></trkpt>
      <trkpt lat="26.821780" lon="128.241850"></trkpt>
      <trkpt lat="26.821920" lon="128.241990"></trkpt>
      <trkpt lat="26.822540" lon="128.242670"></trkpt>
      <trkpt lat="26.822620" lon="128.242730"></trkpt>
      <trkpt lat="26.822680" lon="128.242790"></trkpt>
      <trkpt lat="26.822700" lon="128.242800"></trkpt>
      <trkpt lat="26.822910" lon="128.242950"></trkpt>
      <trkpt lat="26.823040" lon="128.243010"></trkpt>
      <trkpt lat="26.823090" lon="128.243040"></trkpt>
      <trkpt lat="26.823150" lon="128.243060"></trkpt>
      <trkpt lat="26.823230" lon="128.243100"></trkpt>
      <trkpt lat="26.823550" lon="128.243230"></trkpt>
      <trkpt lat="26.823660" lon="128.243290"></trkpt>
      <trkpt lat="26.823690" lon="128.243300"></trkpt>
      <trkpt lat="26.823950" lon="128.243440"></trkpt>
      <trkpt lat="26.824090" lon="128.243530"></trkpt>
      <trkpt lat="26.824930" lon="128.244140"></trkpt>
      <trkpt lat="26.825010" lon="128.244210"></trkpt>
      <trkpt lat="26.825100" lon="128.244270"></trkpt>
      <trkpt lat="26.825170" lon="128.244330"></trkpt>
      <trkpt lat="26.825550" lon="128.244570"></trkpt>
      <trkpt lat="26.825710" lon="128.244660"></trkpt>
      <trkpt lat="26.825750" lon="128.244670"></trkpt>
      <trkpt lat="26.825810" lon="128.244710"></trkpt>
      <trkpt lat="26.826060" lon="128.244840"></trkpt>
      <trkpt lat="26.828280" lon="128.245700"></trkpt>
      <trkpt lat="26.828460" lon="128.245740"></trkpt>
      <trkpt lat="26.831060" lon="128.246470"></trkpt>
      <trkpt lat="26.831480" lon="128.246560"></trkpt>
      <trkpt lat="26.832040" lon="128.246710"></trkpt>
      <trkpt lat="26.832170" lon="128.246770"></trkpt>
      <trkpt lat="26.832190" lon="128.246770"></trkpt>
      <trkpt lat="26.832320" lon="128.246840"></trkpt>
      <trkpt lat="26.832390" lon="128.246870"></trkpt>
      <trkpt lat="26.832500" lon="128.246930"></trkpt>
      <trkpt lat="26.832510" lon="128.246930"></trkpt>
      <trkpt lat="26.832660" lon="128.247020"></trkpt>
      <trkpt lat="26.833170" lon="128.247420"></trkpt>
      <trkpt lat="26.833240" lon="128.247490"></trkpt>
      <trkpt lat="26.833390" lon="128.247600"></trkpt>
      <trkpt lat="26.833390" lon="128.247610"></trkpt>
      <trkpt lat="26.833520" lon="128.247690"></trkpt>
      <trkpt lat="26.833550" lon="128.247700"></trkpt>
      <trkpt lat="26.833570" lon="128.247720"></trkpt>
      <trkpt lat="26.833700" lon="128.247780"></trkpt>
      <trkpt lat="26.833720" lon="128.247780"></trkpt>
      <trkpt lat="26.834160" lon="128.247990"></trkpt>
      <trkpt lat="26.834260" lon="128.248080"></trkpt>
      <trkpt lat="26.834320" lon="128.248170"></trkpt>
      <trkpt lat="26.834730" lon="128.248510"></trkpt>
      <trkpt lat="26.835480" lon="128.249180"></trkpt>
      <trkpt lat="26.835630" lon="128.249300"></trkpt>
      <trkpt lat="26.836040" lon="128.249690"></trkpt>
      <trkpt lat="26.836170" lon="128.249830"></trkpt>
      <trkpt lat="26.836240" lon="128.249890"></trkpt>
      <trkpt lat="26.837220" lon="128.250610"></trkpt>
      <trkpt lat="26.837360" lon="128.250660"></trkpt>
      <trkpt lat="26.837610" lon="128.250770"></trkpt>
      <trkpt lat="26.837700" lon="128.250800"></trkpt>
      <trkpt lat="26.837780" lon="128.250840"></trkpt>
      <trkpt lat="26.838120" lon="128.250960"></trkpt>
      <trkpt lat="26.838130" lon="128.250970"></trkpt>
      <trkpt lat="26.838220" lon="128.251000"></trkpt>
      <trkpt lat="26.838560" lon="128.251180"></trkpt>
      <trkpt lat="26.838730" lon="128.251300"></trkpt>
      <trkpt lat="26.838800" lon="128.251360"></trkpt>
      <trkpt lat="26.838920" lon="128.251480"></trkpt>
      <trkpt lat="26.839000" lon="128.251580"></trkpt>
      <trkpt lat="26.839150" lon="128.251830"></trkpt>
      <trkpt lat="26.839220" lon="128.251970"></trkpt>
      <trkpt lat="26.839380" lon="128.252220"></trkpt>
      <trkpt lat="26.839440" lon="128.252290"></trkpt>
      <trkpt lat="26.839490" lon="128.252360"></trkpt>
      <trkpt lat="26.839600" lon="128.252470"></trkpt>
      <trkpt lat="26.839700" lon="128.252550"></trkpt>
      <trkpt lat="26.839730" lon="128.252580"></trkpt>
      <trkpt lat="26.839740" lon="128.252580"></trkpt>
      <trkpt lat="26.839780" lon="128.252610"></trkpt>
      <trkpt lat="26.839880" lon="128.252670"></trkpt>
      <trkpt lat="26.839990" lon="128.252720"></trkpt>
      <trkpt lat="26.840240" lon="128.252790"></trkpt>
      <trkpt lat="26.840400" lon="128.252820"></trkpt>
      <trkpt lat="26.840500" lon="128.252850"></trkpt>
      <trkpt lat="26.840910" lon="128.252940"></trkpt>
      <trkpt lat="26.840930" lon="128.252950"></trkpt>
      <trkpt lat="26.840980" lon="128.252960"></trkpt>
      <trkpt lat="26.841030" lon="128.252980"></trkpt>
      <trkpt lat="26.841340" lon="128.253050"></trkpt>
      <trkpt lat="26.841840" lon="128.253190"></trkpt>
      <trkpt lat="26.841950" lon="128.253210"></trkpt>
      <trkpt lat="26.842920" lon="128.253460"></trkpt>
      <trkpt lat="26.843720" lon="128.253590"></trkpt>
      <trkpt lat="26.844130" lon="128.253630"></trkpt>
      <trkpt lat="26.849090" lon="128.253850"></trkpt>
      <trkpt lat="26.849160" lon="128.253840"></trkpt>
      <trkpt lat="26.849410" lon="128.253830"></trkpt>
      <trkpt lat="26.849730" lon="128.253780"></trkpt>
      <trkpt lat="26.849930" lon="128.253730"></trkpt>
      <trkpt lat="26.850830" lon="128.253550"></trkpt>
      <trkpt lat="26.850880" lon="128.253550"></trkpt>
      <trkpt lat="26.850940" lon="128.253540"></trkpt>
      <trkpt lat="26.850980" lon="128.253540"></trkpt>
      <trkpt lat="26.851200" lon="128.253500"></trkpt>
      <trkpt lat="26.851250" lon="128.253480"></trkpt>
      <trkpt lat="26.851610" lon="128.253380"></trkpt>
      <trkpt lat="26.851860" lon="128.253330"></trkpt>
      <trkpt lat="26.852280" lon="128.253280"></trkpt>
      <trkpt lat="26.852320" lon="128.253270"></trkpt>
      <trkpt lat="26.853290" lon="128.252920"></trkpt>
      <trkpt lat="26.853360" lon="128.252900"></trkpt>
      <trkpt lat="26.853570" lon="128.252800"></trkpt>
      <trkpt lat="26.853700" lon="128.252720"></trkpt>
      <trkpt lat="26.854160" lon="128.252380"></trkpt>
      <trkpt lat="26.854220" lon="128.252320"></trkpt>
      <trkpt lat="26.854480" lon="128.252100"></trkpt>
      <trkpt lat="26.854500" lon="128.252070"></trkpt>
      <trkpt lat="26.854920" lon="128.251580"></trkpt>
      <trkpt lat="26.854930" lon="128.251550"></trkpt>
      <trkpt lat="26.855200" lon="128.251150"></trkpt>
      <trkpt lat="26.855270" lon="128.250990"></trkpt>
      <trkpt lat="26.855330" lon="128.250880"></trkpt>
      <trkpt lat="26.855470" lon="128.250580"></trkpt>
      <trkpt lat="26.855610" lon="128.250170"></trkpt>
      <trkpt lat="26.855680" lon="128.249880"></trkpt>
      <trkpt lat="26.855750" lon="128.249480"></trkpt>
      <trkpt lat="26.855770" lon="128.249420"></trkpt>
      <trkpt lat="26.855780" lon="128.249280"></trkpt>
      <trkpt lat="26.855880" lon="128.248480"></trkpt>
      <trkpt lat="26.855890" lon="128.248320"></trkpt>
      <trkpt lat="26.855900" lon="128.248280"></trkpt>
      <trkpt lat="26.855930" lon="128.247940"></trkpt>
      <trkpt lat="26.856050" lon="128.247230"></trkpt>
      <trkpt lat="26.856200" lon="128.246650"></trkpt>
      <trkpt lat="26.856340" lon="128.246280"></trkpt>
      <trkpt lat="26.856440" lon="128.246090"></trkpt>
      <trkpt lat="26.856630" lon="128.245840"></trkpt>
      <trkpt lat="26.856670" lon="128.245800"></trkpt>
      <trkpt lat="26.856710" lon="128.245750"></trkpt>
      <trkpt lat="26.856870" lon="128.245590"></trkpt>
      <trkpt lat="26.857240" lon="128.245320"></trkpt>
      <trkpt lat="26.857250" lon="128.245310"></trkpt>
      <trkpt lat="26.857370" lon="128.245250"></trkpt>
      <trkpt lat="26.857400" lon="128.245230"></trkpt>
      <trkpt lat="26.857730" lon="128.245110"></trkpt>
      <trkpt lat="26.857840" lon="128.245080"></trkpt>
      <trkpt lat="26.858100" lon="128.245030"></trkpt>
      <trkpt lat="26.858150" lon="128.245030"></trkpt>
      <trkpt lat="26.858230" lon="128.245020"></trkpt>
      <trkpt lat="26.858540" lon="128.245020"></trkpt>
      <trkpt lat="26.858750" lon="128.245040"></trkpt>
      <trkpt lat="26.859060" lon="128.245100"></trkpt>
      <trkpt lat="26.859700" lon="128.245290"></trkpt>
      <trkpt lat="26.860180" lon="128.245470"></trkpt>
      <trkpt lat="26.860240" lon="128.245500"></trkpt>
      <trkpt lat="26.860250" lon="128.245500"></trkpt>
      <trkpt lat="26.862080" lon="128.246230"></trkpt>
      <trkpt lat="26.862300" lon="128.246350"></trkpt>
      <trkpt lat="26.862590" lon="128.246550"></trkpt>
      <trkpt lat="26.862690" lon="128.246610"></trkpt>
      <trkpt lat="26.862930" lon="128.246810"></trkpt>
      <trkpt lat="26.862940" lon="128.246830"></trkpt>
      <trkpt lat="26.863080" lon="128.246970"></trkpt>
      <trkpt lat="26.863260" lon="128.247170"></trkpt>
      <trkpt lat="26.863440" lon="128.247410"></trkpt>
      <trkpt lat="26.863710" lon="128.247820"></trkpt>
      <trkpt lat="26.863770" lon="128.247900"></trkpt>
      <trkpt lat="26.863920" lon="128.248130"></trkpt>
      <trkpt lat="26.864910" lon="128.249530"></trkpt>
      <trkpt lat="26.864920" lon="128.249550"></trkpt>
      <trkpt lat="26.864960" lon="128.249600"></trkpt>
      <trkpt lat="26.865010" lon="128.249710"></trkpt>
      <trkpt lat="26.865020" lon="128.249720"></trkpt>
      <trkpt lat="26.866600" lon="128.252000"></trkpt>
      <trkpt lat="26.866660" lon="128.252060"></trkpt>
      <trkpt lat="26.867530" lon="128.253320"></trkpt>
      <trkpt lat="26.867650" lon="128.253550"></trkpt>
      <trkpt lat="26.867760" lon="128.253810"></trkpt>
      <trkpt lat="26.867840" lon="128.254110"></trkpt>
      <trkpt lat="26.867870" lon="128.254390"></trkpt>
      <trkpt lat="26.867870" lon="128.254640"></trkpt>
      <trkpt lat="26.867840" lon="128.254940"></trkpt>
      <trkpt lat="26.867770" lon="128.255220"></trkpt>
      <trkpt lat="26.867620" lon="128.255570"></trkpt>
      <trkpt lat="26.867410" lon="128.255880"></trkpt>
      <trkpt lat="26.867280" lon="128.256040"></trkpt>
      <trkpt lat="26.866470" lon="128.256850"></trkpt>
      <trkpt lat="26.866380" lon="128.256920"></trkpt>
      <trkpt lat="26.866310" lon="128.257020"></trkpt>
      <trkpt lat="26.865940" lon="128.257390"></trkpt>
      <trkpt lat="26.865850" lon="128.257470"></trkpt>
      <trkpt lat="26.864910" lon="128.258400"></trkpt>
      <trkpt lat="26.864350" lon="128.258880"></trkpt>
      <trkpt lat="26.863970" lon="128.259170"></trkpt>
      <trkpt lat="26.863320" lon="128.259590"></trkpt>
      <trkpt lat="26.862620" lon="128.260010"></trkpt>
      <trkpt lat="26.862450" lon="128.260130"></trkpt>
      <trkpt lat="26.862020" lon="128.260350"></trkpt>
      <trkpt lat="26.861690" lon="128.260490"></trkpt>
      <trkpt lat="26.860000" lon="128.261100"></trkpt>
      <trkpt lat="26.859510" lon="128.261250"></trkpt>
      <trkpt lat="26.859220" lon="128.261300"></trkpt>
      <trkpt lat="26.859100" lon="128.261300"></trkpt>
      <trkpt lat="26.859030" lon="128.261310"></trkpt>
      <trkpt lat="26.859000" lon="128.261310"></trkpt>
      <trkpt lat="26.858860" lon="128.261270"></trkpt>
      <trkpt lat="26.858710" lon="128.261250"></trkpt>
      <trkpt lat="26.858460" lon="128.261200"></trkpt>
      <trkpt lat="26.858330" lon="128.261150"></trkpt>
      <trkpt lat="26.858230" lon="128.261130"></trkpt>
      <trkpt lat="26.858040" lon="128.261050"></trkpt>
      <trkpt lat="26.857340" lon="128.260630"></trkpt>
      <trkpt lat="26.857160" lon="128.260540"></trkpt>
      <trkpt lat="26.856990" lon="128.260440"></trkpt>
      <trkpt lat="26.856520" lon="128.260250"></trkpt>
      <trkpt lat="26.856310" lon="128.260190"></trkpt>
      <trkpt lat="26.856300" lon="128.260370"></trkpt>
      <trkpt lat="26.856250" lon="128.260350"></trkpt>
      <trkpt lat="26.856160" lon="128.260350"></trkpt>
      <trkpt lat="26.856120" lon="128.260370"></trkpt>
      <trkpt lat="26.856090" lon="128.260380"></trkpt>
      <trkpt lat="26.856030" lon="128.260440"></trkpt>
      <trkpt lat="26.855960" lon="128.260530"></trkpt>
      <trkpt lat="26.855940" lon="128.260570"></trkpt>
      <trkpt lat="26.855940" lon="128.260640"></trkpt>
      <trkpt lat="26.855950" lon="128.260660"></trkpt>
      <trkpt lat="26.856030" lon="128.260740"></trkpt>
      <trkpt lat="26.856090" lon="128.260790"></trkpt>
      <trkpt lat="26.856140" lon="128.260850"></trkpt>
      <trkpt lat="26.856220" lon="128.260980"></trkpt>
      <trkpt lat="26.856270" lon="128.261200"></trkpt>
      <trkpt lat="26.856400" lon="128.261450"></trkpt>
      <trkpt lat="26.856430" lon="128.261480"></trkpt>
      <trkpt lat="26.856580" lon="128.261680"></trkpt>
      <trkpt lat="26.856650" lon="128.261790"></trkpt>
      <trkpt lat="26.856670" lon="128.261840"></trkpt>
      <trkpt lat="26.856780" lon="128.262010"></trkpt>
      <trkpt lat="26.856990" lon="128.262230"></trkpt>
      <trkpt lat="26.857110" lon="128.262300"></trkpt>
      <trkpt lat="26.857100" lon="128.262330"></trkpt>
      <trkpt lat="26.857070" lon="128.262380"></trkpt>
      <trkpt lat="26.857050" lon="128.262430"></trkpt>
      <trkpt lat="26.856970" lon="128.262550"></trkpt>
      <trkpt lat="26.856960" lon="128.262560"></trkpt>
      <trkpt lat="26.856940" lon="128.262570"></trkpt>
      <trkpt lat="26.856930" lon="128.262580"></trkpt>
      <trkpt lat="26.856890" lon="128.262580"></trkpt>
      <trkpt lat="26.856870" lon="128.262570"></trkpt>
      <trkpt lat="26.856890" lon="128.262580"></trkpt>
      <trkpt lat="26.856930" lon="128.262580"></trkpt>
      <trkpt lat="26.856940" lon="128.262570"></trkpt>
      <trkpt lat="26.856960" lon="128.262560"></trkpt>
      <trkpt lat="26.856970" lon="128.262550"></trkpt>
      <trkpt lat="26.857050" lon="128.262430"></trkpt>
      <trkpt lat="26.857070" lon="128.262380"></trkpt>
      <trkpt lat="26.857100" lon="128.262330"></trkpt>
      <trkpt lat="26.857110" lon="128.262300"></trkpt>
      <trkpt lat="26.856990" lon="128.262230"></trkpt>
      <trkpt lat="26.856780" lon="128.262010"></trkpt>
      <trkpt lat="26.856670" lon="128.261840"></trkpt>
      <trkpt lat="26.856650" lon="128.261790"></trkpt>
      <trkpt lat="26.856580" lon="128.261680"></trkpt>
      <trkpt lat="26.856430" lon="128.261480"></trkpt>
      <trkpt lat="26.856400" lon="128.261450"></trkpt>
      <trkpt lat="26.856270" lon="128.261200"></trkpt>
      <trkpt lat="26.856220" lon="128.260980"></trkpt>
      <trkpt lat="26.856140" lon="128.260850"></trkpt>
      <trkpt lat="26.856090" lon="128.260790"></trkpt>
      <trkpt lat="26.856030" lon="128.260740"></trkpt>
      <trkpt lat="26.855950" lon="128.260660"></trkpt>
      <trkpt lat="26.855940" lon="128.260640"></trkpt>
      <trkpt lat="26.855940" lon="128.260570"></trkpt>
      <trkpt lat="26.855960" lon="128.260530"></trkpt>
      <trkpt lat="26.856030" lon="128.260440"></trkpt>
      <trkpt lat="26.856090" lon="128.260380"></trkpt>
      <trkpt lat="26.856120" lon="128.260370"></trkpt>
      <trkpt lat="26.856160" lon="128.260350"></trkpt>
      <trkpt lat="26.856250" lon="128.260350"></trkpt>
      <trkpt lat="26.856300" lon="128.260370"></trkpt>
      <trkpt lat="26.856310" lon="128.260190"></trkpt>
      <trkpt lat="26.856150" lon="128.260190"></trkpt>
      <trkpt lat="26.855900" lon="128.260130"></trkpt>
      <trkpt lat="26.855490" lon="128.260060"></trkpt>
      <trkpt lat="26.855370" lon="128.260030"></trkpt>
      <trkpt lat="26.855350" lon="128.260030"></trkpt>
      <trkpt lat="26.855010" lon="128.259950"></trkpt>
      <trkpt lat="26.854960" lon="128.259930"></trkpt>
      <trkpt lat="26.854800" lon="128.259890"></trkpt>
      <trkpt lat="26.854440" lon="128.259760"></trkpt>
      <trkpt lat="26.854080" lon="128.259580"></trkpt>
      <trkpt lat="26.853860" lon="128.259450"></trkpt>
      <trkpt lat="26.853790" lon="128.259390"></trkpt>
      <trkpt lat="26.853710" lon="128.259340"></trkpt>
      <trkpt lat="26.853610" lon="128.259260"></trkpt>
      <trkpt lat="26.853590" lon="128.259230"></trkpt>
      <trkpt lat="26.853450" lon="128.259120"></trkpt>
      <trkpt lat="26.853170" lon="128.258850"></trkpt>
      <trkpt lat="26.853150" lon="128.258840"></trkpt>
      <trkpt lat="26.852960" lon="128.258640"></trkpt>
      <trkpt lat="26.852860" lon="128.258510"></trkpt>
      <trkpt lat="26.852820" lon="128.258470"></trkpt>
      <trkpt lat="26.852630" lon="128.258210"></trkpt>
      <trkpt lat="26.852610" lon="128.258190"></trkpt>
      <trkpt lat="26.852270" lon="128.257710"></trkpt>
      <trkpt lat="26.852020" lon="128.257440"></trkpt>
      <trkpt lat="26.851840" lon="128.257300"></trkpt>
      <trkpt lat="26.851680" lon="128.257220"></trkpt>
      <trkpt lat="26.851640" lon="128.257210"></trkpt>
      <trkpt lat="26.851500" lon="128.257160"></trkpt>
      <trkpt lat="26.851270" lon="128.257140"></trkpt>
      <trkpt lat="26.851160" lon="128.257150"></trkpt>
      <trkpt lat="26.851060" lon="128.257170"></trkpt>
      <trkpt lat="26.850760" lon="128.257270"></trkpt>
      <trkpt lat="26.850000" lon="128.257600"></trkpt>
      <trkpt lat="26.849990" lon="128.257610"></trkpt>
      <trkpt lat="26.849320" lon="128.257920"></trkpt>
      <trkpt lat="26.849280" lon="128.257930"></trkpt>
      <trkpt lat="26.849190" lon="128.257990"></trkpt>
      <trkpt lat="26.849160" lon="128.258000"></trkpt>
      <trkpt lat="26.848980" lon="128.258120"></trkpt>
      <trkpt lat="26.848900" lon="128.258190"></trkpt>
      <trkpt lat="26.848850" lon="128.258220"></trkpt>
      <trkpt lat="26.848730" lon="128.258340"></trkpt>
      <trkpt lat="26.848710" lon="128.258350"></trkpt>
      <trkpt lat="26.848480" lon="128.258630"></trkpt>
      <trkpt lat="26.848470" lon="128.258650"></trkpt>
      <trkpt lat="26.848380" lon="128.258780"></trkpt>
      <trkpt lat="26.848370" lon="128.258790"></trkpt>
      <trkpt lat="26.848320" lon="128.258870"></trkpt>
      <trkpt lat="26.848250" lon="128.259010"></trkpt>
      <trkpt lat="26.848170" lon="128.259200"></trkpt>
      <trkpt lat="26.848040" lon="128.259600"></trkpt>
      <trkpt lat="26.848020" lon="128.259710"></trkpt>
      <trkpt lat="26.847970" lon="128.259900"></trkpt>
      <trkpt lat="26.847660" lon="128.261370"></trkpt>
      <trkpt lat="26.847610" lon="128.261670"></trkpt>
      <trkpt lat="26.847500" lon="128.262120"></trkpt>
      <trkpt lat="26.847420" lon="128.262390"></trkpt>
      <trkpt lat="26.847310" lon="128.262630"></trkpt>
      <trkpt lat="26.847240" lon="128.262740"></trkpt>
      <trkpt lat="26.847220" lon="128.262780"></trkpt>
      <trkpt lat="26.847090" lon="128.262960"></trkpt>
      <trkpt lat="26.847030" lon="128.263030"></trkpt>
      <trkpt lat="26.847010" lon="128.263040"></trkpt>
      <trkpt lat="26.846890" lon="128.263160"></trkpt>
      <trkpt lat="26.846700" lon="128.263300"></trkpt>
      <trkpt lat="26.846630" lon="128.263360"></trkpt>
      <trkpt lat="26.846340" lon="128.263490"></trkpt>
      <trkpt lat="26.846130" lon="128.263550"></trkpt>
      <trkpt lat="26.845940" lon="128.263580"></trkpt>
      <trkpt lat="26.845880" lon="128.263580"></trkpt>
      <trkpt lat="26.845860" lon="128.263590"></trkpt>
      <trkpt lat="26.845660" lon="128.263590"></trkpt>
      <trkpt lat="26.845210" lon="128.263560"></trkpt>
      <trkpt lat="26.844790" lon="128.263510"></trkpt>
      <trkpt lat="26.844610" lon="128.263500"></trkpt>
      <trkpt lat="26.843900" lon="128.263420"></trkpt>
      <trkpt lat="26.843850" lon="128.263420"></trkpt>
      <trkpt lat="26.843370" lon="128.263370"></trkpt>
      <trkpt lat="26.843190" lon="128.263330"></trkpt>
      <trkpt lat="26.843100" lon="128.263300"></trkpt>
      <trkpt lat="26.843000" lon="128.263280"></trkpt>
      <trkpt lat="26.842920" lon="128.263250"></trkpt>
      <trkpt lat="26.842890" lon="128.263230"></trkpt>
      <trkpt lat="26.842840" lon="128.263210"></trkpt>
      <trkpt lat="26.842680" lon="128.263120"></trkpt>
      <trkpt lat="26.842660" lon="128.263100"></trkpt>
      <trkpt lat="26.842650" lon="128.263100"></trkpt>
      <trkpt lat="26.842620" lon="128.263070"></trkpt>
      <trkpt lat="26.842530" lon="128.263010"></trkpt>
      <trkpt lat="26.842470" lon="128.262950"></trkpt>
      <trkpt lat="26.842420" lon="128.262910"></trkpt>
      <trkpt lat="26.842330" lon="128.262800"></trkpt>
      <trkpt lat="26.842260" lon="128.262730"></trkpt>
      <trkpt lat="26.841870" lon="128.262230"></trkpt>
      <trkpt lat="26.841810" lon="128.262170"></trkpt>
      <trkpt lat="26.841650" lon="128.262040"></trkpt>
      <trkpt lat="26.841540" lon="128.261990"></trkpt>
      <trkpt lat="26.841490" lon="128.261960"></trkpt>
      <trkpt lat="26.841440" lon="128.261950"></trkpt>
      <trkpt lat="26.841380" lon="128.261930"></trkpt>
      <trkpt lat="26.841330" lon="128.261920"></trkpt>
      <trkpt lat="26.841270" lon="128.261920"></trkpt>
      <trkpt lat="26.841220" lon="128.261910"></trkpt>
      <trkpt lat="26.841110" lon="128.261910"></trkpt>
      <trkpt lat="26.840940" lon="128.261950"></trkpt>
      <trkpt lat="26.840860" lon="128.261980"></trkpt>
      <trkpt lat="26.840710" lon="128.262060"></trkpt>
      <trkpt lat="26.840640" lon="128.262120"></trkpt>
      <trkpt lat="26.840540" lon="128.262220"></trkpt>
      <trkpt lat="26.840470" lon="128.262310"></trkpt>
      <trkpt lat="26.840420" lon="128.262390"></trkpt>
      <trkpt lat="26.840390" lon="128.262460"></trkpt>
      <trkpt lat="26.840350" lon="128.262530"></trkpt>
      <trkpt lat="26.840300" lon="128.262740"></trkpt>
      <trkpt lat="26.840270" lon="128.262980"></trkpt>
      <trkpt lat="26.840250" lon="128.263260"></trkpt>
      <trkpt lat="26.840190" lon="128.263560"></trkpt>
      <trkpt lat="26.840150" lon="128.263710"></trkpt>
      <trkpt lat="26.840130" lon="128.263760"></trkpt>
      <trkpt lat="26.840110" lon="128.263830"></trkpt>
      <trkpt lat="26.840080" lon="128.263890"></trkpt>
      <trkpt lat="26.840080" lon="128.263900"></trkpt>
      <trkpt lat="26.839980" lon="128.264090"></trkpt>
      <trkpt lat="26.839890" lon="128.264220"></trkpt>
      <trkpt lat="26.839880" lon="128.264230"></trkpt>
      <trkpt lat="26.839770" lon="128.264390"></trkpt>
      <trkpt lat="26.839650" lon="128.264540"></trkpt>
      <trkpt lat="26.839540" lon="128.264700"></trkpt>
      <trkpt lat="26.839470" lon="128.264780"></trkpt>
      <trkpt lat="26.839210" lon="128.265120"></trkpt>
      <trkpt lat="26.839190" lon="128.265160"></trkpt>
      <trkpt lat="26.838930" lon="128.265480"></trkpt>
      <trkpt lat="26.838490" lon="128.265910"></trkpt>
      <trkpt lat="26.838250" lon="128.266090"></trkpt>
      <trkpt lat="26.838230" lon="128.266100"></trkpt>
      <trkpt lat="26.836540" lon="128.267320"></trkpt>
      <trkpt lat="26.836520" lon="128.267340"></trkpt>
      <trkpt lat="26.836400" lon="128.267430"></trkpt>
      <trkpt lat="26.836370" lon="128.267460"></trkpt>
      <trkpt lat="26.836340" lon="128.267480"></trkpt>
      <trkpt lat="26.836270" lon="128.267550"></trkpt>
      <trkpt lat="26.836230" lon="128.267580"></trkpt>
      <trkpt lat="26.836210" lon="128.267610"></trkpt>
      <trkpt lat="26.836100" lon="128.267720"></trkpt>
      <trkpt lat="26.835990" lon="128.267850"></trkpt>
      <trkpt lat="26.835950" lon="128.267920"></trkpt>
      <trkpt lat="26.835900" lon="128.267990"></trkpt>
      <trkpt lat="26.835880" lon="128.268040"></trkpt>
      <trkpt lat="26.835840" lon="128.268100"></trkpt>
      <trkpt lat="26.835710" lon="128.268390"></trkpt>
      <trkpt lat="26.835710" lon="128.268400"></trkpt>
      <trkpt lat="26.835410" lon="128.269110"></trkpt>
      <trkpt lat="26.835400" lon="128.269120"></trkpt>
      <trkpt lat="26.835360" lon="128.269190"></trkpt>
      <trkpt lat="26.835310" lon="128.269260"></trkpt>
      <trkpt lat="26.835300" lon="128.269290"></trkpt>
      <trkpt lat="26.835260" lon="128.269350"></trkpt>
      <trkpt lat="26.835180" lon="128.269440"></trkpt>
      <trkpt lat="26.835160" lon="128.269470"></trkpt>
      <trkpt lat="26.835090" lon="128.269530"></trkpt>
      <trkpt lat="26.835060" lon="128.269570"></trkpt>
      <trkpt lat="26.834950" lon="128.269670"></trkpt>
      <trkpt lat="26.834780" lon="128.269780"></trkpt>
      <trkpt lat="26.834590" lon="128.269880"></trkpt>
      <trkpt lat="26.834580" lon="128.269880"></trkpt>
      <trkpt lat="26.834550" lon="128.269890"></trkpt>
      <trkpt lat="26.834490" lon="128.269920"></trkpt>
      <trkpt lat="26.833840" lon="128.270110"></trkpt>
      <trkpt lat="26.833630" lon="128.270200"></trkpt>
      <trkpt lat="26.833540" lon="128.270250"></trkpt>
      <trkpt lat="26.833520" lon="128.270270"></trkpt>
      <trkpt lat="26.833380" lon="128.270360"></trkpt>
      <trkpt lat="26.833090" lon="128.270640"></trkpt>
      <trkpt lat="26.833090" lon="128.270650"></trkpt>
      <trkpt lat="26.832970" lon="128.270790"></trkpt>
      <trkpt lat="26.832530" lon="128.271390"></trkpt>
      <trkpt lat="26.832510" lon="128.271410"></trkpt>
      <trkpt lat="26.832430" lon="128.271530"></trkpt>
      <trkpt lat="26.832290" lon="128.271680"></trkpt>
      <trkpt lat="26.832260" lon="128.271700"></trkpt>
      <trkpt lat="26.832230" lon="128.271740"></trkpt>
      <trkpt lat="26.832130" lon="128.271830"></trkpt>
      <trkpt lat="26.832030" lon="128.271900"></trkpt>
      <trkpt lat="26.831800" lon="128.272040"></trkpt>
      <trkpt lat="26.831740" lon="128.272060"></trkpt>
      <trkpt lat="26.831420" lon="128.272240"></trkpt>
      <trkpt lat="26.831330" lon="128.272300"></trkpt>
      <trkpt lat="26.831140" lon="128.272450"></trkpt>
      <trkpt lat="26.831030" lon="128.272600"></trkpt>
      <trkpt lat="26.830950" lon="128.272740"></trkpt>
      <trkpt lat="26.830910" lon="128.272860"></trkpt>
      <trkpt lat="26.830900" lon="128.272870"></trkpt>
      <trkpt lat="26.830880" lon="128.272940"></trkpt>
      <trkpt lat="26.830860" lon="128.273070"></trkpt>
      <trkpt lat="26.830860" lon="128.273270"></trkpt>
      <trkpt lat="26.830900" lon="128.273570"></trkpt>
      <trkpt lat="26.831030" lon="128.273980"></trkpt>
      <trkpt lat="26.831070" lon="128.274160"></trkpt>
      <trkpt lat="26.831070" lon="128.274180"></trkpt>
      <trkpt lat="26.831080" lon="128.274230"></trkpt>
      <trkpt lat="26.831080" lon="128.274440"></trkpt>
      <trkpt lat="26.831050" lon="128.274570"></trkpt>
      <trkpt lat="26.831050" lon="128.274580"></trkpt>
      <trkpt lat="26.831040" lon="128.274600"></trkpt>
      <trkpt lat="26.831030" lon="128.274640"></trkpt>
      <trkpt lat="26.831010" lon="128.274690"></trkpt>
      <trkpt lat="26.830970" lon="128.274760"></trkpt>
      <trkpt lat="26.830960" lon="128.274790"></trkpt>
      <trkpt lat="26.830890" lon="128.274880"></trkpt>
      <trkpt lat="26.830870" lon="128.274920"></trkpt>
      <trkpt lat="26.830760" lon="128.275070"></trkpt>
      <trkpt lat="26.830700" lon="128.275130"></trkpt>
      <trkpt lat="26.830560" lon="128.275310"></trkpt>
      <trkpt lat="26.830520" lon="128.275380"></trkpt>
      <trkpt lat="26.830480" lon="128.275430"></trkpt>
      <trkpt lat="26.830470" lon="128.275460"></trkpt>
      <trkpt lat="26.830450" lon="128.275480"></trkpt>
      <trkpt lat="26.830440" lon="128.275520"></trkpt>
      <trkpt lat="26.830420" lon="128.275550"></trkpt>
      <trkpt lat="26.830380" lon="128.275680"></trkpt>
      <trkpt lat="26.830380" lon="128.275710"></trkpt>
      <trkpt lat="26.830370" lon="128.275740"></trkpt>
      <trkpt lat="26.830370" lon="128.275780"></trkpt>
      <trkpt lat="26.830360" lon="128.275830"></trkpt>
      <trkpt lat="26.830360" lon="128.275940"></trkpt>
      <trkpt lat="26.830370" lon="128.276000"></trkpt>
      <trkpt lat="26.830370" lon="128.276040"></trkpt>
      <trkpt lat="26.830390" lon="128.276120"></trkpt>
      <trkpt lat="26.830530" lon="128.276470"></trkpt>
      <trkpt lat="26.830720" lon="128.276830"></trkpt>
      <trkpt lat="26.830780" lon="128.277010"></trkpt>
      <trkpt lat="26.830780" lon="128.277020"></trkpt>
      <trkpt lat="26.830800" lon="128.277090"></trkpt>
      <trkpt lat="26.830810" lon="128.277180"></trkpt>
      <trkpt lat="26.830810" lon="128.277360"></trkpt>
      <trkpt lat="26.830790" lon="128.277550"></trkpt>
      <trkpt lat="26.830750" lon="128.277780"></trkpt>
      <trkpt lat="26.830730" lon="128.277970"></trkpt>
      <trkpt lat="26.830720" lon="128.278020"></trkpt>
      <trkpt lat="26.830720" lon="128.278160"></trkpt>
      <trkpt lat="26.830730" lon="128.278200"></trkpt>
      <trkpt lat="26.830730" lon="128.278260"></trkpt>
      <trkpt lat="26.830760" lon="128.278370"></trkpt>
      <trkpt lat="26.830780" lon="128.278410"></trkpt>
      <trkpt lat="26.830790" lon="128.278450"></trkpt>
      <trkpt lat="26.830840" lon="128.278550"></trkpt>
      <trkpt lat="26.830860" lon="128.278570"></trkpt>
      <trkpt lat="26.830870" lon="128.278590"></trkpt>
      <trkpt lat="26.830940" lon="128.278680"></trkpt>
      <trkpt lat="26.831060" lon="128.278800"></trkpt>
      <trkpt lat="26.831770" lon="128.279380"></trkpt>
      <trkpt lat="26.831840" lon="128.279450"></trkpt>
      <trkpt lat="26.831840" lon="128.279460"></trkpt>
      <trkpt lat="26.831960" lon="128.279600"></trkpt>
      <trkpt lat="26.831980" lon="128.279610"></trkpt>
      <trkpt lat="26.832020" lon="128.279680"></trkpt>
      <trkpt lat="26.832060" lon="128.279730"></trkpt>
      <trkpt lat="26.832070" lon="128.279760"></trkpt>
      <trkpt lat="26.832110" lon="128.279820"></trkpt>
      <trkpt lat="26.832140" lon="128.279880"></trkpt>
      <trkpt lat="26.832170" lon="128.279920"></trkpt>
      <trkpt lat="26.832180" lon="128.279950"></trkpt>
      <trkpt lat="26.832220" lon="128.280030"></trkpt>
      <trkpt lat="26.832250" lon="128.280110"></trkpt>
      <trkpt lat="26.832260" lon="128.280120"></trkpt>
      <trkpt lat="26.832300" lon="128.280230"></trkpt>
      <trkpt lat="26.832310" lon="128.280290"></trkpt>
      <trkpt lat="26.832330" lon="128.280350"></trkpt>
      <trkpt lat="26.832370" lon="128.280530"></trkpt>
      <trkpt lat="26.832390" lon="128.280670"></trkpt>
      <trkpt lat="26.832390" lon="128.280720"></trkpt>
      <trkpt lat="26.832400" lon="128.280770"></trkpt>
      <trkpt lat="26.832400" lon="128.281250"></trkpt>
      <trkpt lat="26.832380" lon="128.281660"></trkpt>
      <trkpt lat="26.832370" lon="128.281740"></trkpt>
      <trkpt lat="26.832370" lon="128.281790"></trkpt>
      <trkpt lat="26.832360" lon="128.281870"></trkpt>
      <trkpt lat="26.832360" lon="128.281950"></trkpt>
      <trkpt lat="26.832340" lon="128.282070"></trkpt>
      <trkpt lat="26.832320" lon="128.282140"></trkpt>
      <trkpt lat="26.832320" lon="128.282150"></trkpt>
      <trkpt lat="26.832300" lon="128.282240"></trkpt>
      <trkpt lat="26.832270" lon="128.282300"></trkpt>
      <trkpt lat="26.832250" lon="128.282360"></trkpt>
      <trkpt lat="26.832230" lon="128.282380"></trkpt>
      <trkpt lat="26.832220" lon="128.282410"></trkpt>
      <trkpt lat="26.832190" lon="128.282470"></trkpt>
      <trkpt lat="26.832170" lon="128.282490"></trkpt>
      <trkpt lat="26.832090" lon="128.282600"></trkpt>
      <trkpt lat="26.832000" lon="128.282690"></trkpt>
      <trkpt lat="26.831960" lon="128.282720"></trkpt>
      <trkpt lat="26.831690" lon="128.282880"></trkpt>
      <trkpt lat="26.831440" lon="128.282990"></trkpt>
      <trkpt lat="26.831310" lon="128.283060"></trkpt>
      <trkpt lat="26.831230" lon="128.283120"></trkpt>
      <trkpt lat="26.831200" lon="128.283150"></trkpt>
      <trkpt lat="26.831170" lon="128.283170"></trkpt>
      <trkpt lat="26.831170" lon="128.283180"></trkpt>
      <trkpt lat="26.831140" lon="128.283200"></trkpt>
      <trkpt lat="26.831040" lon="128.283320"></trkpt>
      <trkpt lat="26.831010" lon="128.283390"></trkpt>
      <trkpt lat="26.830970" lon="128.283460"></trkpt>
      <trkpt lat="26.830930" lon="128.283610"></trkpt>
      <trkpt lat="26.830910" lon="128.283720"></trkpt>
      <trkpt lat="26.830910" lon="128.283890"></trkpt>
      <trkpt lat="26.830920" lon="128.283920"></trkpt>
      <trkpt lat="26.830940" lon="128.284040"></trkpt>
      <trkpt lat="26.830990" lon="128.284160"></trkpt>
      <trkpt lat="26.830990" lon="128.284170"></trkpt>
      <trkpt lat="26.831080" lon="128.284310"></trkpt>
      <trkpt lat="26.831230" lon="128.284450"></trkpt>
      <trkpt lat="26.831330" lon="128.284510"></trkpt>
      <trkpt lat="26.831400" lon="128.284530"></trkpt>
      <trkpt lat="26.831440" lon="128.284550"></trkpt>
      <trkpt lat="26.831750" lon="128.284630"></trkpt>
      <trkpt lat="26.831830" lon="128.284660"></trkpt>
      <trkpt lat="26.831870" lon="128.284670"></trkpt>
      <trkpt lat="26.831900" lon="128.284690"></trkpt>
      <trkpt lat="26.831990" lon="128.284730"></trkpt>
      <trkpt lat="26.832110" lon="128.284810"></trkpt>
      <trkpt lat="26.832230" lon="128.284950"></trkpt>
      <trkpt lat="26.832280" lon="128.285040"></trkpt>
      <trkpt lat="26.832300" lon="128.285090"></trkpt>
      <trkpt lat="26.832320" lon="128.285100"></trkpt>
      <trkpt lat="26.832420" lon="128.285410"></trkpt>
      <trkpt lat="26.832600" lon="128.286110"></trkpt>
      <trkpt lat="26.832720" lon="128.286490"></trkpt>
      <trkpt lat="26.832780" lon="128.286610"></trkpt>
      <trkpt lat="26.832840" lon="128.286700"></trkpt>
      <trkpt lat="26.832940" lon="128.286820"></trkpt>
      <trkpt lat="26.833280" lon="128.287090"></trkpt>
      <trkpt lat="26.833410" lon="128.287160"></trkpt>
      <trkpt lat="26.833500" lon="128.287220"></trkpt>
      <trkpt lat="26.833680" lon="128.287280"></trkpt>
      <trkpt lat="26.833730" lon="128.287290"></trkpt>
      <trkpt lat="26.833960" lon="128.287290"></trkpt>
      <trkpt lat="26.834030" lon="128.287280"></trkpt>
      <trkpt lat="26.834090" lon="128.287260"></trkpt>
      <trkpt lat="26.834110" lon="128.287250"></trkpt>
      <trkpt lat="26.834160" lon="128.287240"></trkpt>
      <trkpt lat="26.834300" lon="128.287190"></trkpt>
      <trkpt lat="26.834460" lon="128.287100"></trkpt>
      <trkpt lat="26.834580" lon="128.287020"></trkpt>
      <trkpt lat="26.834620" lon="128.287000"></trkpt>
      <trkpt lat="26.834770" lon="128.286890"></trkpt>
      <trkpt lat="26.834790" lon="128.286870"></trkpt>
      <trkpt lat="26.834910" lon="128.286790"></trkpt>
      <trkpt lat="26.835190" lon="128.286640"></trkpt>
      <trkpt lat="26.835420" lon="128.286540"></trkpt>
      <trkpt lat="26.835500" lon="128.286520"></trkpt>
      <trkpt lat="26.835560" lon="128.286520"></trkpt>
      <trkpt lat="26.835610" lon="128.286510"></trkpt>
      <trkpt lat="26.835770" lon="128.286510"></trkpt>
      <trkpt lat="26.835810" lon="128.286520"></trkpt>
      <trkpt lat="26.835880" lon="128.286520"></trkpt>
      <trkpt lat="26.835980" lon="128.286550"></trkpt>
      <trkpt lat="26.836010" lon="128.286550"></trkpt>
      <trkpt lat="26.836070" lon="128.286570"></trkpt>
      <trkpt lat="26.836130" lon="128.286600"></trkpt>
      <trkpt lat="26.836160" lon="128.286610"></trkpt>
      <trkpt lat="26.836170" lon="128.286610"></trkpt>
      <trkpt lat="26.836320" lon="128.286690"></trkpt>
      <trkpt lat="26.836470" lon="128.286800"></trkpt>
      <trkpt lat="26.836480" lon="128.286800"></trkpt>
      <trkpt lat="26.836690" lon="128.286980"></trkpt>
      <trkpt lat="26.836960" lon="128.287270"></trkpt>
      <trkpt lat="26.837200" lon="128.287560"></trkpt>
      <trkpt lat="26.837400" lon="128.287750"></trkpt>
      <trkpt lat="26.837430" lon="128.287760"></trkpt>
      <trkpt lat="26.837470" lon="128.287780"></trkpt>
      <trkpt lat="26.837550" lon="128.287840"></trkpt>
      <trkpt lat="26.837670" lon="128.287900"></trkpt>
      <trkpt lat="26.838230" lon="128.288110"></trkpt>
      <trkpt lat="26.838280" lon="128.288120"></trkpt>
      <trkpt lat="26.838490" lon="128.288220"></trkpt>
      <trkpt lat="26.838540" lon="128.288260"></trkpt>
      <trkpt lat="26.838680" lon="128.288340"></trkpt>
      <trkpt lat="26.838820" lon="128.288460"></trkpt>
      <trkpt lat="26.838840" lon="128.288470"></trkpt>
      <trkpt lat="26.839040" lon="128.288690"></trkpt>
      <trkpt lat="26.839170" lon="128.288880"></trkpt>
      <trkpt lat="26.839320" lon="128.289190"></trkpt>
      <trkpt lat="26.840210" lon="128.291800"></trkpt>
      <trkpt lat="26.840490" lon="128.292410"></trkpt>
      <trkpt lat="26.840590" lon="128.292590"></trkpt>
      <trkpt lat="26.840650" lon="128.292670"></trkpt>
      <trkpt lat="26.840710" lon="128.292780"></trkpt>
      <trkpt lat="26.840720" lon="128.292780"></trkpt>
      <trkpt lat="26.840840" lon="128.292990"></trkpt>
      <trkpt lat="26.840900" lon="128.293120"></trkpt>
      <trkpt lat="26.840930" lon="128.293170"></trkpt>
      <trkpt lat="26.841040" lon="128.293470"></trkpt>
      <trkpt lat="26.841090" lon="128.293640"></trkpt>
      <trkpt lat="26.841130" lon="128.293820"></trkpt>
      <trkpt lat="26.841210" lon="128.294100"></trkpt>
      <trkpt lat="26.841260" lon="128.294240"></trkpt>
      <trkpt lat="26.841350" lon="128.294440"></trkpt>
      <trkpt lat="26.841530" lon="128.294730"></trkpt>
      <trkpt lat="26.841550" lon="128.294770"></trkpt>
      <trkpt lat="26.842030" lon="128.295390"></trkpt>
      <trkpt lat="26.842080" lon="128.295440"></trkpt>
      <trkpt lat="26.842380" lon="128.295810"></trkpt>
      <trkpt lat="26.842440" lon="128.295900"></trkpt>
      <trkpt lat="26.842680" lon="128.296190"></trkpt>
      <trkpt lat="26.842830" lon="128.296390"></trkpt>
      <trkpt lat="26.842900" lon="128.296470"></trkpt>
      <trkpt lat="26.843010" lon="128.296630"></trkpt>
      <trkpt lat="26.843070" lon="128.296760"></trkpt>
      <trkpt lat="26.843100" lon="128.296900"></trkpt>
      <trkpt lat="26.843100" lon="128.296940"></trkpt>
      <trkpt lat="26.843110" lon="128.296980"></trkpt>
      <trkpt lat="26.843100" lon="128.297030"></trkpt>
      <trkpt lat="26.843100" lon="128.297060"></trkpt>
      <trkpt lat="26.843090" lon="128.297100"></trkpt>
      <trkpt lat="26.843090" lon="128.297120"></trkpt>
      <trkpt lat="26.843070" lon="128.297200"></trkpt>
      <trkpt lat="26.843020" lon="128.297280"></trkpt>
      <trkpt lat="26.843020" lon="128.297290"></trkpt>
      <trkpt lat="26.843000" lon="128.297310"></trkpt>
      <trkpt lat="26.842990" lon="128.297330"></trkpt>
      <trkpt lat="26.842970" lon="128.297350"></trkpt>
      <trkpt lat="26.842970" lon="128.297360"></trkpt>
      <trkpt lat="26.842950" lon="128.297370"></trkpt>
      <trkpt lat="26.842940" lon="128.297390"></trkpt>
      <trkpt lat="26.842870" lon="128.297440"></trkpt>
      <trkpt lat="26.842820" lon="128.297460"></trkpt>
      <trkpt lat="26.842810" lon="128.297470"></trkpt>
      <trkpt lat="26.842740" lon="128.297490"></trkpt>
      <trkpt lat="26.842690" lon="128.297490"></trkpt>
      <trkpt lat="26.842650" lon="128.297500"></trkpt>
      <trkpt lat="26.842610" lon="128.297500"></trkpt>
      <trkpt lat="26.842580" lon="128.297490"></trkpt>
      <trkpt lat="26.842550" lon="128.297490"></trkpt>
      <trkpt lat="26.842530" lon="128.297480"></trkpt>
      <trkpt lat="26.842450" lon="128.297460"></trkpt>
      <trkpt lat="26.842320" lon="128.297400"></trkpt>
      <trkpt lat="26.841760" lon="128.297040"></trkpt>
      <trkpt lat="26.841750" lon="128.297030"></trkpt>
      <trkpt lat="26.841590" lon="128.296960"></trkpt>
      <trkpt lat="26.841120" lon="128.296850"></trkpt>
      <trkpt lat="26.840890" lon="128.296830"></trkpt>
      <trkpt lat="26.840400" lon="128.296810"></trkpt>
      <trkpt lat="26.839400" lon="128.296800"></trkpt>
      <trkpt lat="26.839180" lon="128.296780"></trkpt>
      <trkpt lat="26.839140" lon="128.296770"></trkpt>
      <trkpt lat="26.839120" lon="128.296770"></trkpt>
      <trkpt lat="26.839050" lon="128.296760"></trkpt>
      <trkpt lat="26.838950" lon="128.296720"></trkpt>
      <trkpt lat="26.838900" lon="128.296710"></trkpt>
      <trkpt lat="26.838710" lon="128.296610"></trkpt>
      <trkpt lat="26.838430" lon="128.296440"></trkpt>
      <trkpt lat="26.838350" lon="128.296410"></trkpt>
      <trkpt lat="26.838300" lon="128.296400"></trkpt>
      <trkpt lat="26.838290" lon="128.296400"></trkpt>
      <trkpt lat="26.838200" lon="128.296380"></trkpt>
      <trkpt lat="26.838090" lon="128.296380"></trkpt>
      <trkpt lat="26.838040" lon="128.296390"></trkpt>
      <trkpt lat="26.837960" lon="128.296420"></trkpt>
      <trkpt lat="26.837450" lon="128.296650"></trkpt>
      <trkpt lat="26.837220" lon="128.296730"></trkpt>
      <trkpt lat="26.836870" lon="128.296820"></trkpt>
      <trkpt lat="26.836800" lon="128.296830"></trkpt>
      <trkpt lat="26.836650" lon="128.296890"></trkpt>
      <trkpt lat="26.836620" lon="128.296910"></trkpt>
      <trkpt lat="26.836490" lon="128.297020"></trkpt>
      <trkpt lat="26.836450" lon="128.297070"></trkpt>
      <trkpt lat="26.836440" lon="128.297090"></trkpt>
      <trkpt lat="26.836390" lon="128.297150"></trkpt>
      <trkpt lat="26.836280" lon="128.297310"></trkpt>
      <trkpt lat="26.836250" lon="128.297340"></trkpt>
      <trkpt lat="26.836220" lon="128.297380"></trkpt>
      <trkpt lat="26.836200" lon="128.297400"></trkpt>
      <trkpt lat="26.836170" lon="128.297420"></trkpt>
      <trkpt lat="26.836120" lon="128.297470"></trkpt>
      <trkpt lat="26.836060" lon="128.297500"></trkpt>
      <trkpt lat="26.836040" lon="128.297500"></trkpt>
      <trkpt lat="26.836020" lon="128.297520"></trkpt>
      <trkpt lat="26.836000" lon="128.297520"></trkpt>
      <trkpt lat="26.835960" lon="128.297540"></trkpt>
      <trkpt lat="26.835890" lon="128.297560"></trkpt>
      <trkpt lat="26.835850" lon="128.297580"></trkpt>
      <trkpt lat="26.835720" lon="128.297630"></trkpt>
      <trkpt lat="26.835670" lon="128.297640"></trkpt>
      <trkpt lat="26.835520" lon="128.297710"></trkpt>
      <trkpt lat="26.835400" lon="128.297780"></trkpt>
      <trkpt lat="26.835270" lon="128.297880"></trkpt>
      <trkpt lat="26.835180" lon="128.297970"></trkpt>
      <trkpt lat="26.835150" lon="128.297990"></trkpt>
      <trkpt lat="26.835120" lon="128.298020"></trkpt>
      <trkpt lat="26.834980" lon="128.298210"></trkpt>
      <trkpt lat="26.834880" lon="128.298400"></trkpt>
      <trkpt lat="26.834600" lon="128.299120"></trkpt>
      <trkpt lat="26.834600" lon="128.299130"></trkpt>
      <trkpt lat="26.834430" lon="128.299590"></trkpt>
      <trkpt lat="26.834410" lon="128.299710"></trkpt>
      <trkpt lat="26.834390" lon="128.299780"></trkpt>
      <trkpt lat="26.834390" lon="128.299880"></trkpt>
      <trkpt lat="26.834410" lon="128.300040"></trkpt>
      <trkpt lat="26.834410" lon="128.300070"></trkpt>
      <trkpt lat="26.834420" lon="128.300120"></trkpt>
      <trkpt lat="26.834460" lon="128.300240"></trkpt>
      <trkpt lat="26.834500" lon="128.300320"></trkpt>
      <trkpt lat="26.834630" lon="128.300540"></trkpt>
      <trkpt lat="26.834980" lon="128.300990"></trkpt>
      <trkpt lat="26.834990" lon="128.301020"></trkpt>
      <trkpt lat="26.835010" lon="128.301050"></trkpt>
      <trkpt lat="26.835020" lon="128.301080"></trkpt>
      <trkpt lat="26.835020" lon="128.301090"></trkpt>
      <trkpt lat="26.835030" lon="128.301120"></trkpt>
      <trkpt lat="26.835030" lon="128.301280"></trkpt>
      <trkpt lat="26.835040" lon="128.301300"></trkpt>
      <trkpt lat="26.835050" lon="128.301350"></trkpt>
      <trkpt lat="26.835050" lon="128.301390"></trkpt>
      <trkpt lat="26.835060" lon="128.301420"></trkpt>
      <trkpt lat="26.835050" lon="128.301460"></trkpt>
      <trkpt lat="26.835050" lon="128.301530"></trkpt>
      <trkpt lat="26.835040" lon="128.301550"></trkpt>
      <trkpt lat="26.835040" lon="128.301580"></trkpt>
      <trkpt lat="26.835010" lon="128.301680"></trkpt>
      <trkpt lat="26.834990" lon="128.301710"></trkpt>
      <trkpt lat="26.834980" lon="128.301740"></trkpt>
      <trkpt lat="26.834920" lon="128.301830"></trkpt>
      <trkpt lat="26.834890" lon="128.301860"></trkpt>
      <trkpt lat="26.834850" lon="128.301920"></trkpt>
      <trkpt lat="26.834840" lon="128.301920"></trkpt>
      <trkpt lat="26.834750" lon="128.302010"></trkpt>
      <trkpt lat="26.834010" lon="128.302540"></trkpt>
      <trkpt lat="26.833990" lon="128.302550"></trkpt>
      <trkpt lat="26.833680" lon="128.302760"></trkpt>
      <trkpt lat="26.833530" lon="128.302840"></trkpt>
      <trkpt lat="26.833520" lon="128.302840"></trkpt>
      <trkpt lat="26.833440" lon="128.302870"></trkpt>
      <trkpt lat="26.833400" lon="128.302880"></trkpt>
      <trkpt lat="26.833240" lon="128.302880"></trkpt>
      <trkpt lat="26.833090" lon="128.302850"></trkpt>
      <trkpt lat="26.832990" lon="128.302820"></trkpt>
      <trkpt lat="26.832690" lon="128.302670"></trkpt>
      <trkpt lat="26.832560" lon="128.302620"></trkpt>
      <trkpt lat="26.832520" lon="128.302600"></trkpt>
      <trkpt lat="26.832400" lon="128.302560"></trkpt>
      <trkpt lat="26.832290" lon="128.302540"></trkpt>
      <trkpt lat="26.832040" lon="128.302540"></trkpt>
      <trkpt lat="26.831360" lon="128.302620"></trkpt>
      <trkpt lat="26.831020" lon="128.302680"></trkpt>
      <trkpt lat="26.831000" lon="128.302680"></trkpt>
      <trkpt lat="26.830920" lon="128.302710"></trkpt>
      <trkpt lat="26.830840" lon="128.302730"></trkpt>
      <trkpt lat="26.830830" lon="128.302740"></trkpt>
      <trkpt lat="26.830740" lon="128.302780"></trkpt>
      <trkpt lat="26.830680" lon="128.302800"></trkpt>
      <trkpt lat="26.830660" lon="128.302820"></trkpt>
      <trkpt lat="26.830590" lon="128.302860"></trkpt>
      <trkpt lat="26.830550" lon="128.302890"></trkpt>
      <trkpt lat="26.830460" lon="128.302940"></trkpt>
      <trkpt lat="26.830020" lon="128.303270"></trkpt>
      <trkpt lat="26.829960" lon="128.303300"></trkpt>
      <trkpt lat="26.829930" lon="128.303330"></trkpt>
      <trkpt lat="26.829770" lon="128.303420"></trkpt>
      <trkpt lat="26.829720" lon="128.303440"></trkpt>
      <trkpt lat="26.829580" lon="128.303480"></trkpt>
      <trkpt lat="26.829510" lon="128.303490"></trkpt>
      <trkpt lat="26.828900" lon="128.303480"></trkpt>
      <trkpt lat="26.828710" lon="128.303520"></trkpt>
      <trkpt lat="26.827920" lon="128.303870"></trkpt>
      <trkpt lat="26.827860" lon="128.303890"></trkpt>
      <trkpt lat="26.827710" lon="128.303970"></trkpt>
      <trkpt lat="26.827640" lon="128.304000"></trkpt>
      <trkpt lat="26.827630" lon="128.304000"></trkpt>
      <trkpt lat="26.827620" lon="128.304010"></trkpt>
      <trkpt lat="26.827470" lon="128.304090"></trkpt>
      <trkpt lat="26.827440" lon="128.304100"></trkpt>
      <trkpt lat="26.827000" lon="128.304380"></trkpt>
      <trkpt lat="26.826850" lon="128.304490"></trkpt>
      <trkpt lat="26.826810" lon="128.304510"></trkpt>
      <trkpt lat="26.826590" lon="128.304670"></trkpt>
      <trkpt lat="26.826540" lon="128.304700"></trkpt>
      <trkpt lat="26.826390" lon="128.304810"></trkpt>
      <trkpt lat="26.826370" lon="128.304820"></trkpt>
      <trkpt lat="26.825680" lon="128.305360"></trkpt>
      <trkpt lat="26.825520" lon="128.305470"></trkpt>
      <trkpt lat="26.825490" lon="128.305500"></trkpt>
      <trkpt lat="26.825400" lon="128.305540"></trkpt>
      <trkpt lat="26.825290" lon="128.305610"></trkpt>
      <trkpt lat="26.824560" lon="128.305950"></trkpt>
      <trkpt lat="26.824550" lon="128.305960"></trkpt>
      <trkpt lat="26.824500" lon="128.305980"></trkpt>
      <trkpt lat="26.824480" lon="128.305980"></trkpt>
      <trkpt lat="26.824460" lon="128.305990"></trkpt>
      <trkpt lat="26.824430" lon="128.305990"></trkpt>
      <trkpt lat="26.824140" lon="128.306040"></trkpt>
      <trkpt lat="26.824100" lon="128.306060"></trkpt>
      <trkpt lat="26.823890" lon="128.306200"></trkpt>
      <trkpt lat="26.823810" lon="128.306280"></trkpt>
      <trkpt lat="26.823740" lon="128.306380"></trkpt>
      <trkpt lat="26.823510" lon="128.306760"></trkpt>
      <trkpt lat="26.823470" lon="128.306810"></trkpt>
      <trkpt lat="26.823410" lon="128.306920"></trkpt>
      <trkpt lat="26.823410" lon="128.306930"></trkpt>
      <trkpt lat="26.823390" lon="128.306970"></trkpt>
      <trkpt lat="26.823370" lon="128.307030"></trkpt>
      <trkpt lat="26.823360" lon="128.307090"></trkpt>
      <trkpt lat="26.823350" lon="128.307120"></trkpt>
      <trkpt lat="26.823130" lon="128.308910"></trkpt>
      <trkpt lat="26.823130" lon="128.308950"></trkpt>
      <trkpt lat="26.823060" lon="128.309330"></trkpt>
      <trkpt lat="26.822990" lon="128.309610"></trkpt>
      <trkpt lat="26.822810" lon="128.310180"></trkpt>
      <trkpt lat="26.822780" lon="128.310240"></trkpt>
      <trkpt lat="26.822760" lon="128.310300"></trkpt>
      <trkpt lat="26.822740" lon="128.310340"></trkpt>
      <trkpt lat="26.822720" lon="128.310360"></trkpt>
      <trkpt lat="26.822720" lon="128.310370"></trkpt>
      <trkpt lat="26.822680" lon="128.310430"></trkpt>
      <trkpt lat="26.822660" lon="128.310450"></trkpt>
      <trkpt lat="26.822640" lon="128.310480"></trkpt>
      <trkpt lat="26.822590" lon="128.310530"></trkpt>
      <trkpt lat="26.822570" lon="128.310540"></trkpt>
      <trkpt lat="26.822510" lon="128.310600"></trkpt>
      <trkpt lat="26.822450" lon="128.310640"></trkpt>
      <trkpt lat="26.822300" lon="128.310720"></trkpt>
      <trkpt lat="26.822220" lon="128.310740"></trkpt>
      <trkpt lat="26.821940" lon="128.310860"></trkpt>
      <trkpt lat="26.821860" lon="128.310910"></trkpt>
      <trkpt lat="26.821560" lon="128.311160"></trkpt>
      <trkpt lat="26.821370" lon="128.311420"></trkpt>
      <trkpt lat="26.821210" lon="128.311720"></trkpt>
      <trkpt lat="26.821170" lon="128.311860"></trkpt>
      <trkpt lat="26.821150" lon="128.311910"></trkpt>
      <trkpt lat="26.820890" lon="128.312900"></trkpt>
      <trkpt lat="26.820800" lon="128.313170"></trkpt>
      <trkpt lat="26.820730" lon="128.313330"></trkpt>
      <trkpt lat="26.820600" lon="128.313550"></trkpt>
      <trkpt lat="26.820410" lon="128.313780"></trkpt>
      <trkpt lat="26.820230" lon="128.313930"></trkpt>
      <trkpt lat="26.819950" lon="128.314060"></trkpt>
      <trkpt lat="26.819940" lon="128.314060"></trkpt>
      <trkpt lat="26.819730" lon="128.314120"></trkpt>
      <trkpt lat="26.818340" lon="128.314440"></trkpt>
      <trkpt lat="26.818260" lon="128.314450"></trkpt>
      <trkpt lat="26.817930" lon="128.314540"></trkpt>
      <trkpt lat="26.817820" lon="128.314580"></trkpt>
      <trkpt lat="26.817780" lon="128.314590"></trkpt>
      <trkpt lat="26.817760" lon="128.314610"></trkpt>
      <trkpt lat="26.817720" lon="128.314620"></trkpt>
      <trkpt lat="26.817700" lon="128.314640"></trkpt>
      <trkpt lat="26.817690" lon="128.314640"></trkpt>
      <trkpt lat="26.817660" lon="128.314660"></trkpt>
      <trkpt lat="26.817630" lon="128.314690"></trkpt>
      <trkpt lat="26.817540" lon="128.314760"></trkpt>
      <trkpt lat="26.817520" lon="128.314790"></trkpt>
      <trkpt lat="26.817490" lon="128.314820"></trkpt>
      <trkpt lat="26.817450" lon="128.314880"></trkpt>
      <trkpt lat="26.817430" lon="128.314900"></trkpt>
      <trkpt lat="26.817370" lon="128.315000"></trkpt>
      <trkpt lat="26.817200" lon="128.315240"></trkpt>
      <trkpt lat="26.817120" lon="128.315330"></trkpt>
      <trkpt lat="26.817110" lon="128.315350"></trkpt>
      <trkpt lat="26.817080" lon="128.315370"></trkpt>
      <trkpt lat="26.817040" lon="128.315410"></trkpt>
      <trkpt lat="26.817010" lon="128.315430"></trkpt>
      <trkpt lat="26.816990" lon="128.315450"></trkpt>
      <trkpt lat="26.816960" lon="128.315460"></trkpt>
      <trkpt lat="26.816940" lon="128.315480"></trkpt>
      <trkpt lat="26.816860" lon="128.315520"></trkpt>
      <trkpt lat="26.816840" lon="128.315520"></trkpt>
      <trkpt lat="26.816760" lon="128.315550"></trkpt>
      <trkpt lat="26.816690" lon="128.315560"></trkpt>
      <trkpt lat="26.816670" lon="128.315570"></trkpt>
      <trkpt lat="26.816550" lon="128.315570"></trkpt>
      <trkpt lat="26.816490" lon="128.315580"></trkpt>
      <trkpt lat="26.816010" lon="128.315570"></trkpt>
      <trkpt lat="26.815990" lon="128.315580"></trkpt>
      <trkpt lat="26.815960" lon="128.315580"></trkpt>
      <trkpt lat="26.815920" lon="128.315590"></trkpt>
      <trkpt lat="26.815890" lon="128.315590"></trkpt>
      <trkpt lat="26.815680" lon="128.315640"></trkpt>
      <trkpt lat="26.815630" lon="128.315660"></trkpt>
      <trkpt lat="26.815580" lon="128.315670"></trkpt>
      <trkpt lat="26.815460" lon="128.315710"></trkpt>
      <trkpt lat="26.815360" lon="128.315730"></trkpt>
      <trkpt lat="26.814240" lon="128.316080"></trkpt>
      <trkpt lat="26.814120" lon="128.316110"></trkpt>
      <trkpt lat="26.814070" lon="128.316130"></trkpt>
      <trkpt lat="26.813400" lon="128.316330"></trkpt>
      <trkpt lat="26.813370" lon="128.316330"></trkpt>
      <trkpt lat="26.813190" lon="128.316400"></trkpt>
      <trkpt lat="26.813140" lon="128.316430"></trkpt>
      <trkpt lat="26.813130" lon="128.316430"></trkpt>
      <trkpt lat="26.812990" lon="128.316530"></trkpt>
      <trkpt lat="26.812960" lon="128.316570"></trkpt>
      <trkpt lat="26.812910" lon="128.316620"></trkpt>
      <trkpt lat="26.812890" lon="128.316670"></trkpt>
      <trkpt lat="26.812870" lon="128.316700"></trkpt>
      <trkpt lat="26.812860" lon="128.316710"></trkpt>
      <trkpt lat="26.812840" lon="128.316750"></trkpt>
      <trkpt lat="26.812830" lon="128.316800"></trkpt>
      <trkpt lat="26.812810" lon="128.316840"></trkpt>
      <trkpt lat="26.812790" lon="128.316970"></trkpt>
      <trkpt lat="26.812790" lon="128.317000"></trkpt>
      <trkpt lat="26.812780" lon="128.317030"></trkpt>
      <trkpt lat="26.812790" lon="128.317080"></trkpt>
      <trkpt lat="26.812790" lon="128.317120"></trkpt>
      <trkpt lat="26.812820" lon="128.317300"></trkpt>
      <trkpt lat="26.812880" lon="128.317470"></trkpt>
      <trkpt lat="26.813030" lon="128.317750"></trkpt>
      <trkpt lat="26.813160" lon="128.318060"></trkpt>
      <trkpt lat="26.813200" lon="128.318300"></trkpt>
      <trkpt lat="26.813170" lon="128.318510"></trkpt>
      <trkpt lat="26.813150" lon="128.318560"></trkpt>
      <trkpt lat="26.813090" lon="128.318670"></trkpt>
      <trkpt lat="26.813090" lon="128.318680"></trkpt>
      <trkpt lat="26.813040" lon="128.318750"></trkpt>
      <trkpt lat="26.812940" lon="128.318850"></trkpt>
      <trkpt lat="26.812820" lon="128.318930"></trkpt>
      <trkpt lat="26.812680" lon="128.318980"></trkpt>
      <trkpt lat="26.812640" lon="128.318980"></trkpt>
      <trkpt lat="26.812630" lon="128.318990"></trkpt>
      <trkpt lat="26.812500" lon="128.318990"></trkpt>
      <trkpt lat="26.812440" lon="128.318970"></trkpt>
      <trkpt lat="26.812370" lon="128.318960"></trkpt>
      <trkpt lat="26.812260" lon="128.318920"></trkpt>
      <trkpt lat="26.812030" lon="128.318800"></trkpt>
      <trkpt lat="26.811920" lon="128.318730"></trkpt>
      <trkpt lat="26.810660" lon="128.318020"></trkpt>
      <trkpt lat="26.810420" lon="128.317870"></trkpt>
      <trkpt lat="26.810000" lon="128.317640"></trkpt>
      <trkpt lat="26.809990" lon="128.317630"></trkpt>
      <trkpt lat="26.809830" lon="128.317540"></trkpt>
      <trkpt lat="26.809620" lon="128.317470"></trkpt>
      <trkpt lat="26.809550" lon="128.317470"></trkpt>
      <trkpt lat="26.809470" lon="128.317480"></trkpt>
      <trkpt lat="26.809400" lon="128.317500"></trkpt>
      <trkpt lat="26.809390" lon="128.317500"></trkpt>
      <trkpt lat="26.809350" lon="128.317520"></trkpt>
      <trkpt lat="26.809290" lon="128.317540"></trkpt>
      <trkpt lat="26.809050" lon="128.317670"></trkpt>
      <trkpt lat="26.808890" lon="128.317720"></trkpt>
      <trkpt lat="26.808820" lon="128.317730"></trkpt>
      <trkpt lat="26.808570" lon="128.317690"></trkpt>
      <trkpt lat="26.807860" lon="128.317390"></trkpt>
      <trkpt lat="26.807850" lon="128.317390"></trkpt>
      <trkpt lat="26.807390" lon="128.317200"></trkpt>
      <trkpt lat="26.806260" lon="128.316830"></trkpt>
      <trkpt lat="26.806250" lon="128.316830"></trkpt>
      <trkpt lat="26.806130" lon="128.316800"></trkpt>
      <trkpt lat="26.805950" lon="128.316800"></trkpt>
      <trkpt lat="26.805920" lon="128.316810"></trkpt>
      <trkpt lat="26.805880" lon="128.316810"></trkpt>
      <trkpt lat="26.805790" lon="128.316830"></trkpt>
      <trkpt lat="26.805770" lon="128.316840"></trkpt>
      <trkpt lat="26.805730" lon="128.316850"></trkpt>
      <trkpt lat="26.805630" lon="128.316900"></trkpt>
      <trkpt lat="26.805600" lon="128.316910"></trkpt>
      <trkpt lat="26.805540" lon="128.316940"></trkpt>
      <trkpt lat="26.805450" lon="128.317000"></trkpt>
      <trkpt lat="26.804930" lon="128.317290"></trkpt>
      <trkpt lat="26.804900" lon="128.317320"></trkpt>
      <trkpt lat="26.804590" lon="128.317490"></trkpt>
      <trkpt lat="26.804580" lon="128.317500"></trkpt>
      <trkpt lat="26.804520" lon="128.317540"></trkpt>
      <trkpt lat="26.804430" lon="128.317580"></trkpt>
      <trkpt lat="26.804360" lon="128.317620"></trkpt>
      <trkpt lat="26.804320" lon="128.317650"></trkpt>
      <trkpt lat="26.804250" lon="128.317680"></trkpt>
      <trkpt lat="26.804240" lon="128.317680"></trkpt>
      <trkpt lat="26.804160" lon="128.317720"></trkpt>
      <trkpt lat="26.804140" lon="128.317720"></trkpt>
      <trkpt lat="26.804110" lon="128.317740"></trkpt>
      <trkpt lat="26.804050" lon="128.317760"></trkpt>
      <trkpt lat="26.803910" lon="128.317790"></trkpt>
      <trkpt lat="26.803870" lon="128.317790"></trkpt>
      <trkpt lat="26.803780" lon="128.317810"></trkpt>
      <trkpt lat="26.803700" lon="128.317810"></trkpt>
      <trkpt lat="26.803640" lon="128.317820"></trkpt>
      <trkpt lat="26.803280" lon="128.317840"></trkpt>
      <trkpt lat="26.803200" lon="128.317850"></trkpt>
      <trkpt lat="26.803090" lon="128.317840"></trkpt>
      <trkpt lat="26.803030" lon="128.317840"></trkpt>
      <trkpt lat="26.802910" lon="128.317820"></trkpt>
      <trkpt lat="26.802670" lon="128.317760"></trkpt>
      <trkpt lat="26.802510" lon="128.317710"></trkpt>
      <trkpt lat="26.802420" lon="128.317700"></trkpt>
      <trkpt lat="26.802340" lon="128.317700"></trkpt>
      <trkpt lat="26.802270" lon="128.317710"></trkpt>
      <trkpt lat="26.802200" lon="128.317730"></trkpt>
      <trkpt lat="26.802010" lon="128.317830"></trkpt>
      <trkpt lat="26.801720" lon="128.318030"></trkpt>
      <trkpt lat="26.801550" lon="128.318120"></trkpt>
      <trkpt lat="26.801370" lon="128.318180"></trkpt>
      <trkpt lat="26.801210" lon="128.318200"></trkpt>
      <trkpt lat="26.800500" lon="128.318200"></trkpt>
      <trkpt lat="26.800260" lon="128.318220"></trkpt>
      <trkpt lat="26.800120" lon="128.318260"></trkpt>
      <trkpt lat="26.800060" lon="128.318270"></trkpt>
      <trkpt lat="26.799440" lon="128.318520"></trkpt>
      <trkpt lat="26.799370" lon="128.318560"></trkpt>
      <trkpt lat="26.799220" lon="128.318620"></trkpt>
      <trkpt lat="26.799140" lon="128.318660"></trkpt>
      <trkpt lat="26.799110" lon="128.318680"></trkpt>
      <trkpt lat="26.799060" lon="128.318700"></trkpt>
      <trkpt lat="26.798650" lon="128.318990"></trkpt>
      <trkpt lat="26.798650" lon="128.319000"></trkpt>
      <trkpt lat="26.798570" lon="128.319040"></trkpt>
      <trkpt lat="26.798440" lon="128.319080"></trkpt>
      <trkpt lat="26.798390" lon="128.319090"></trkpt>
      <trkpt lat="26.798260" lon="128.319090"></trkpt>
      <trkpt lat="26.798130" lon="128.319050"></trkpt>
      <trkpt lat="26.798090" lon="128.319030"></trkpt>
      <trkpt lat="26.797940" lon="128.318910"></trkpt>
      <trkpt lat="26.797930" lon="128.318890"></trkpt>
      <trkpt lat="26.797870" lon="128.318830"></trkpt>
      <trkpt lat="26.797690" lon="128.318590"></trkpt>
      <trkpt lat="26.797690" lon="128.318570"></trkpt>
      <trkpt lat="26.797580" lon="128.318430"></trkpt>
      <trkpt lat="26.797180" lon="128.317800"></trkpt>
      <trkpt lat="26.797160" lon="128.317760"></trkpt>
      <trkpt lat="26.797110" lon="128.317690"></trkpt>
      <trkpt lat="26.797080" lon="128.317630"></trkpt>
      <trkpt lat="26.797070" lon="128.317620"></trkpt>
      <trkpt lat="26.797000" lon="128.317510"></trkpt>
      <trkpt lat="26.796940" lon="128.317440"></trkpt>
      <trkpt lat="26.796900" lon="128.317380"></trkpt>
      <trkpt lat="26.796660" lon="128.317180"></trkpt>
      <trkpt lat="26.796450" lon="128.317060"></trkpt>
      <trkpt lat="26.796110" lon="128.316980"></trkpt>
      <trkpt lat="26.795920" lon="128.316980"></trkpt>
      <trkpt lat="26.795900" lon="128.316990"></trkpt>
      <trkpt lat="26.795420" lon="128.317050"></trkpt>
      <trkpt lat="26.795150" lon="128.317050"></trkpt>
      <trkpt lat="26.795020" lon="128.317030"></trkpt>
      <trkpt lat="26.795000" lon="128.317030"></trkpt>
      <trkpt lat="26.794650" lon="128.316960"></trkpt>
      <trkpt lat="26.794480" lon="128.316910"></trkpt>
      <trkpt lat="26.794370" lon="128.316890"></trkpt>
      <trkpt lat="26.794030" lon="128.316800"></trkpt>
      <trkpt lat="26.793390" lon="128.316680"></trkpt>
      <trkpt lat="26.793350" lon="128.316680"></trkpt>
      <trkpt lat="26.792840" lon="128.316600"></trkpt>
      <trkpt lat="26.792800" lon="128.316600"></trkpt>
      <trkpt lat="26.792480" lon="128.316560"></trkpt>
      <trkpt lat="26.792440" lon="128.316550"></trkpt>
      <trkpt lat="26.792260" lon="128.316530"></trkpt>
      <trkpt lat="26.792220" lon="128.316530"></trkpt>
      <trkpt lat="26.792210" lon="128.316520"></trkpt>
      <trkpt lat="26.791960" lon="128.316510"></trkpt>
      <trkpt lat="26.791900" lon="128.316520"></trkpt>
      <trkpt lat="26.791840" lon="128.316520"></trkpt>
      <trkpt lat="26.791780" lon="128.316530"></trkpt>
      <trkpt lat="26.791730" lon="128.316530"></trkpt>
      <trkpt lat="26.791680" lon="128.316540"></trkpt>
      <trkpt lat="26.791660" lon="128.316540"></trkpt>
      <trkpt lat="26.791490" lon="128.316590"></trkpt>
      <trkpt lat="26.791440" lon="128.316610"></trkpt>
      <trkpt lat="26.791390" lon="128.316640"></trkpt>
      <trkpt lat="26.791350" lon="128.316650"></trkpt>
      <trkpt lat="26.791320" lon="128.316670"></trkpt>
      <trkpt lat="26.791290" lon="128.316680"></trkpt>
      <trkpt lat="26.791170" lon="128.316750"></trkpt>
      <trkpt lat="26.791160" lon="128.316760"></trkpt>
      <trkpt lat="26.791080" lon="128.316800"></trkpt>
      <trkpt lat="26.790740" lon="128.317060"></trkpt>
      <trkpt lat="26.790710" lon="128.317090"></trkpt>
      <trkpt lat="26.790420" lon="128.317320"></trkpt>
      <trkpt lat="26.790320" lon="128.317390"></trkpt>
      <trkpt lat="26.790250" lon="128.317430"></trkpt>
      <trkpt lat="26.790160" lon="128.317470"></trkpt>
      <trkpt lat="26.790150" lon="128.317480"></trkpt>
      <trkpt lat="26.789960" lon="128.317540"></trkpt>
      <trkpt lat="26.789870" lon="128.317560"></trkpt>
      <trkpt lat="26.789600" lon="128.317560"></trkpt>
      <trkpt lat="26.789570" lon="128.317550"></trkpt>
      <trkpt lat="26.789260" lon="128.317520"></trkpt>
      <trkpt lat="26.789240" lon="128.317510"></trkpt>
      <trkpt lat="26.789180" lon="128.317500"></trkpt>
      <trkpt lat="26.789130" lon="128.317480"></trkpt>
      <trkpt lat="26.789080" lon="128.317470"></trkpt>
      <trkpt lat="26.789070" lon="128.317460"></trkpt>
      <trkpt lat="26.789040" lon="128.317450"></trkpt>
      <trkpt lat="26.788930" lon="128.317380"></trkpt>
      <trkpt lat="26.788810" lon="128.317280"></trkpt>
      <trkpt lat="26.788770" lon="128.317240"></trkpt>
      <trkpt lat="26.788760" lon="128.317220"></trkpt>
      <trkpt lat="26.788650" lon="128.317090"></trkpt>
      <trkpt lat="26.788290" lon="128.316430"></trkpt>
      <trkpt lat="26.788250" lon="128.316370"></trkpt>
      <trkpt lat="26.788200" lon="128.316310"></trkpt>
      <trkpt lat="26.788200" lon="128.316300"></trkpt>
      <trkpt lat="26.788160" lon="128.316250"></trkpt>
      <trkpt lat="26.788120" lon="128.316210"></trkpt>
      <trkpt lat="26.788080" lon="128.316160"></trkpt>
      <trkpt lat="26.788070" lon="128.316140"></trkpt>
      <trkpt lat="26.787960" lon="128.316040"></trkpt>
      <trkpt lat="26.787740" lon="128.315880"></trkpt>
      <trkpt lat="26.787540" lon="128.315790"></trkpt>
      <trkpt lat="26.787460" lon="128.315770"></trkpt>
      <trkpt lat="26.787450" lon="128.315760"></trkpt>
      <trkpt lat="26.787240" lon="128.315720"></trkpt>
      <trkpt lat="26.785980" lon="128.315610"></trkpt>
      <trkpt lat="26.785880" lon="128.315610"></trkpt>
      <trkpt lat="26.785770" lon="128.315620"></trkpt>
      <trkpt lat="26.785670" lon="128.315620"></trkpt>
      <trkpt lat="26.785490" lon="128.315670"></trkpt>
      <trkpt lat="26.785440" lon="128.315700"></trkpt>
      <trkpt lat="26.785390" lon="128.315720"></trkpt>
      <trkpt lat="26.785260" lon="128.315800"></trkpt>
      <trkpt lat="26.785200" lon="128.315850"></trkpt>
      <trkpt lat="26.785120" lon="128.315940"></trkpt>
      <trkpt lat="26.785030" lon="128.316070"></trkpt>
      <trkpt lat="26.784920" lon="128.316310"></trkpt>
      <trkpt lat="26.784880" lon="128.316510"></trkpt>
      <trkpt lat="26.784870" lon="128.316610"></trkpt>
      <trkpt lat="26.784860" lon="128.316640"></trkpt>
      <trkpt lat="26.784860" lon="128.316700"></trkpt>
      <trkpt lat="26.784850" lon="128.316790"></trkpt>
      <trkpt lat="26.784850" lon="128.316960"></trkpt>
      <trkpt lat="26.784800" lon="128.317850"></trkpt>
      <trkpt lat="26.784800" lon="128.317980"></trkpt>
      <trkpt lat="26.784770" lon="128.318220"></trkpt>
      <trkpt lat="26.784710" lon="128.318490"></trkpt>
      <trkpt lat="26.784590" lon="128.318850"></trkpt>
      <trkpt lat="26.784240" lon="128.319780"></trkpt>
      <trkpt lat="26.784200" lon="128.319850"></trkpt>
      <trkpt lat="26.784130" lon="128.319950"></trkpt>
      <trkpt lat="26.784000" lon="128.320080"></trkpt>
      <trkpt lat="26.783950" lon="128.320120"></trkpt>
      <trkpt lat="26.783800" lon="128.320200"></trkpt>
      <trkpt lat="26.783620" lon="128.320250"></trkpt>
      <trkpt lat="26.783570" lon="128.320250"></trkpt>
      <trkpt lat="26.783510" lon="128.320260"></trkpt>
      <trkpt lat="26.783380" lon="128.320260"></trkpt>
      <trkpt lat="26.783140" lon="128.320240"></trkpt>
      <trkpt lat="26.782880" lon="128.320250"></trkpt>
      <trkpt lat="26.782830" lon="128.320260"></trkpt>
      <trkpt lat="26.782790" lon="128.320280"></trkpt>
      <trkpt lat="26.782730" lon="128.320290"></trkpt>
      <trkpt lat="26.782550" lon="128.320350"></trkpt>
      <trkpt lat="26.782380" lon="128.320440"></trkpt>
      <trkpt lat="26.782330" lon="128.320460"></trkpt>
      <trkpt lat="26.782290" lon="128.320490"></trkpt>
      <trkpt lat="26.781920" lon="128.320700"></trkpt>
      <trkpt lat="26.781620" lon="128.320940"></trkpt>
      <trkpt lat="26.781600" lon="128.320970"></trkpt>
      <trkpt lat="26.781490" lon="128.321080"></trkpt>
      <trkpt lat="26.781040" lon="128.321630"></trkpt>
      <trkpt lat="26.781000" lon="128.321700"></trkpt>
      <trkpt lat="26.780930" lon="128.321870"></trkpt>
      <trkpt lat="26.780920" lon="128.321920"></trkpt>
      <trkpt lat="26.780920" lon="128.321960"></trkpt>
      <trkpt lat="26.780910" lon="128.322020"></trkpt>
      <trkpt lat="26.780910" lon="128.322180"></trkpt>
      <trkpt lat="26.780930" lon="128.322320"></trkpt>
      <trkpt lat="26.780960" lon="128.322410"></trkpt>
      <trkpt lat="26.780980" lon="128.322510"></trkpt>
      <trkpt lat="26.781000" lon="128.322560"></trkpt>
      <trkpt lat="26.781000" lon="128.322590"></trkpt>
      <trkpt lat="26.781040" lon="128.322720"></trkpt>
      <trkpt lat="26.781040" lon="128.322780"></trkpt>
      <trkpt lat="26.781050" lon="128.322840"></trkpt>
      <trkpt lat="26.781050" lon="128.322900"></trkpt>
      <trkpt lat="26.781040" lon="128.322940"></trkpt>
      <trkpt lat="26.781040" lon="128.322980"></trkpt>
      <trkpt lat="26.781010" lon="128.323120"></trkpt>
      <trkpt lat="26.780980" lon="128.323180"></trkpt>
      <trkpt lat="26.780970" lon="128.323220"></trkpt>
      <trkpt lat="26.780940" lon="128.323270"></trkpt>
      <trkpt lat="26.780930" lon="128.323300"></trkpt>
      <trkpt lat="26.780880" lon="128.323390"></trkpt>
      <trkpt lat="26.780840" lon="128.323440"></trkpt>
      <trkpt lat="26.780370" lon="128.324210"></trkpt>
      <trkpt lat="26.780360" lon="128.324220"></trkpt>
      <trkpt lat="26.780290" lon="128.324330"></trkpt>
      <trkpt lat="26.780170" lon="128.324480"></trkpt>
      <trkpt lat="26.780090" lon="128.324560"></trkpt>
      <trkpt lat="26.779990" lon="128.324640"></trkpt>
      <trkpt lat="26.779940" lon="128.324660"></trkpt>
      <trkpt lat="26.779930" lon="128.324670"></trkpt>
      <trkpt lat="26.779900" lon="128.324690"></trkpt>
      <trkpt lat="26.779740" lon="128.324750"></trkpt>
      <trkpt lat="26.779650" lon="128.324770"></trkpt>
      <trkpt lat="26.779620" lon="128.324770"></trkpt>
      <trkpt lat="26.779370" lon="128.324810"></trkpt>
      <trkpt lat="26.779130" lon="128.324830"></trkpt>
      <trkpt lat="26.778430" lon="128.324920"></trkpt>
      <trkpt lat="26.778110" lon="128.324930"></trkpt>
      <trkpt lat="26.778050" lon="128.324910"></trkpt>
      <trkpt lat="26.777960" lon="128.324890"></trkpt>
      <trkpt lat="26.777900" lon="128.324870"></trkpt>
      <trkpt lat="26.777860" lon="128.324840"></trkpt>
      <trkpt lat="26.777810" lon="128.324820"></trkpt>
      <trkpt lat="26.777780" lon="128.324790"></trkpt>
      <trkpt lat="26.777700" lon="128.324730"></trkpt>
      <trkpt lat="26.777610" lon="128.324620"></trkpt>
      <trkpt lat="26.777560" lon="128.324540"></trkpt>
      <trkpt lat="26.777530" lon="128.324460"></trkpt>
      <trkpt lat="26.777520" lon="128.324450"></trkpt>
      <trkpt lat="26.777490" lon="128.324370"></trkpt>
      <trkpt lat="26.777470" lon="128.324280"></trkpt>
      <trkpt lat="26.777390" lon="128.323600"></trkpt>
      <trkpt lat="26.777390" lon="128.323560"></trkpt>
      <trkpt lat="26.777370" lon="128.323400"></trkpt>
      <trkpt lat="26.777370" lon="128.323340"></trkpt>
      <trkpt lat="26.777340" lon="128.323100"></trkpt>
      <trkpt lat="26.777280" lon="128.322800"></trkpt>
      <trkpt lat="26.777190" lon="128.322620"></trkpt>
      <trkpt lat="26.777140" lon="128.322550"></trkpt>
      <trkpt lat="26.777120" lon="128.322510"></trkpt>
      <trkpt lat="26.776870" lon="128.322280"></trkpt>
      <trkpt lat="26.776740" lon="128.322180"></trkpt>
      <trkpt lat="26.776650" lon="128.322100"></trkpt>
      <trkpt lat="26.776500" lon="128.321990"></trkpt>
      <trkpt lat="26.776350" lon="128.321910"></trkpt>
      <trkpt lat="26.776060" lon="128.321800"></trkpt>
      <trkpt lat="26.775690" lon="128.321680"></trkpt>
      <trkpt lat="26.775490" lon="128.321570"></trkpt>
      <trkpt lat="26.775270" lon="128.321430"></trkpt>
      <trkpt lat="26.775260" lon="128.321420"></trkpt>
      <trkpt lat="26.775230" lon="128.321410"></trkpt>
      <trkpt lat="26.775180" lon="128.321370"></trkpt>
      <trkpt lat="26.775120" lon="128.321310"></trkpt>
      <trkpt lat="26.775090" lon="128.321290"></trkpt>
      <trkpt lat="26.775070" lon="128.321260"></trkpt>
      <trkpt lat="26.775020" lon="128.321210"></trkpt>
      <trkpt lat="26.774980" lon="128.321150"></trkpt>
      <trkpt lat="26.774950" lon="128.321120"></trkpt>
      <trkpt lat="26.774900" lon="128.321010"></trkpt>
      <trkpt lat="26.774860" lon="128.320940"></trkpt>
      <trkpt lat="26.774820" lon="128.320820"></trkpt>
      <trkpt lat="26.774800" lon="128.320730"></trkpt>
      <trkpt lat="26.774800" lon="128.320690"></trkpt>
      <trkpt lat="26.774790" lon="128.320600"></trkpt>
      <trkpt lat="26.774790" lon="128.320450"></trkpt>
      <trkpt lat="26.774820" lon="128.320280"></trkpt>
      <trkpt lat="26.774820" lon="128.320250"></trkpt>
      <trkpt lat="26.774850" lon="128.320170"></trkpt>
      <trkpt lat="26.774920" lon="128.319920"></trkpt>
      <trkpt lat="26.774940" lon="128.319870"></trkpt>
      <trkpt lat="26.774950" lon="128.319830"></trkpt>
      <trkpt lat="26.774950" lon="128.319800"></trkpt>
      <trkpt lat="26.774970" lon="128.319730"></trkpt>
      <trkpt lat="26.774970" lon="128.319670"></trkpt>
      <trkpt lat="26.774980" lon="128.319650"></trkpt>
      <trkpt lat="26.774980" lon="128.319460"></trkpt>
      <trkpt lat="26.774890" lon="128.318860"></trkpt>
      <trkpt lat="26.774890" lon="128.318720"></trkpt>
      <trkpt lat="26.774910" lon="128.318550"></trkpt>
      <trkpt lat="26.774930" lon="128.318450"></trkpt>
      <trkpt lat="26.774970" lon="128.318130"></trkpt>
      <trkpt lat="26.774970" lon="128.318080"></trkpt>
      <trkpt lat="26.774980" lon="128.318020"></trkpt>
      <trkpt lat="26.774980" lon="128.317880"></trkpt>
      <trkpt lat="26.774960" lon="128.317780"></trkpt>
      <trkpt lat="26.774960" lon="128.317740"></trkpt>
      <trkpt lat="26.774940" lon="128.317680"></trkpt>
      <trkpt lat="26.774920" lon="128.317580"></trkpt>
      <trkpt lat="26.774890" lon="128.317500"></trkpt>
      <trkpt lat="26.774870" lon="128.317420"></trkpt>
      <trkpt lat="26.774770" lon="128.317160"></trkpt>
      <trkpt lat="26.774760" lon="128.317150"></trkpt>
      <trkpt lat="26.774690" lon="128.316900"></trkpt>
      <trkpt lat="26.774690" lon="128.316720"></trkpt>
      <trkpt lat="26.774720" lon="128.316570"></trkpt>
      <trkpt lat="26.774780" lon="128.316450"></trkpt>
      <trkpt lat="26.774880" lon="128.316310"></trkpt>
      <trkpt lat="26.774940" lon="128.316240"></trkpt>
      <trkpt lat="26.775060" lon="128.316130"></trkpt>
      <trkpt lat="26.775100" lon="128.316070"></trkpt>
      <trkpt lat="26.775120" lon="128.316050"></trkpt>
      <trkpt lat="26.775210" lon="128.315890"></trkpt>
      <trkpt lat="26.775260" lon="128.315700"></trkpt>
      <trkpt lat="26.775270" lon="128.315640"></trkpt>
      <trkpt lat="26.775240" lon="128.314750"></trkpt>
      <trkpt lat="26.775230" lon="128.314700"></trkpt>
      <trkpt lat="26.775210" lon="128.314510"></trkpt>
      <trkpt lat="26.775190" lon="128.314440"></trkpt>
      <trkpt lat="26.775190" lon="128.314420"></trkpt>
      <trkpt lat="26.775150" lon="128.314290"></trkpt>
      <trkpt lat="26.775130" lon="128.314250"></trkpt>
      <trkpt lat="26.775130" lon="128.314240"></trkpt>
      <trkpt lat="26.775040" lon="128.314080"></trkpt>
      <trkpt lat="26.775020" lon="128.314060"></trkpt>
      <trkpt lat="26.774970" lon="128.313990"></trkpt>
      <trkpt lat="26.774830" lon="128.313850"></trkpt>
      <trkpt lat="26.774770" lon="128.313810"></trkpt>
      <trkpt lat="26.773980" lon="128.313100"></trkpt>
      <trkpt lat="26.773680" lon="128.312900"></trkpt>
      <trkpt lat="26.773510" lon="128.312800"></trkpt>
      <trkpt lat="26.773380" lon="128.312740"></trkpt>
      <trkpt lat="26.773230" lon="128.312710"></trkpt>
      <trkpt lat="26.773120" lon="128.312710"></trkpt>
      <trkpt lat="26.773020" lon="128.312720"></trkpt>
      <trkpt lat="26.772850" lon="128.312770"></trkpt>
      <trkpt lat="26.772820" lon="128.312790"></trkpt>
      <trkpt lat="26.772770" lon="128.312810"></trkpt>
      <trkpt lat="26.772690" lon="128.312860"></trkpt>
      <trkpt lat="26.772680" lon="128.312870"></trkpt>
      <trkpt lat="26.772630" lon="128.312900"></trkpt>
      <trkpt lat="26.772410" lon="128.313080"></trkpt>
      <trkpt lat="26.772400" lon="128.313100"></trkpt>
      <trkpt lat="26.772370" lon="128.313120"></trkpt>
      <trkpt lat="26.772320" lon="128.313170"></trkpt>
      <trkpt lat="26.772130" lon="128.313300"></trkpt>
      <trkpt lat="26.771930" lon="128.313370"></trkpt>
      <trkpt lat="26.771920" lon="128.313370"></trkpt>
      <trkpt lat="26.771850" lon="128.313390"></trkpt>
      <trkpt lat="26.771780" lon="128.313390"></trkpt>
      <trkpt lat="26.771710" lon="128.313400"></trkpt>
      <trkpt lat="26.771670" lon="128.313400"></trkpt>
      <trkpt lat="26.771600" lon="128.313390"></trkpt>
      <trkpt lat="26.771450" lon="128.313350"></trkpt>
      <trkpt lat="26.771370" lon="128.313320"></trkpt>
      <trkpt lat="26.771290" lon="128.313270"></trkpt>
      <trkpt lat="26.771240" lon="128.313230"></trkpt>
      <trkpt lat="26.771160" lon="128.313180"></trkpt>
      <trkpt lat="26.771010" lon="128.313050"></trkpt>
      <trkpt lat="26.770860" lon="128.312900"></trkpt>
      <trkpt lat="26.770670" lon="128.312740"></trkpt>
      <trkpt lat="26.770560" lon="128.312660"></trkpt>
      <trkpt lat="26.770450" lon="128.312610"></trkpt>
      <trkpt lat="26.770310" lon="128.312560"></trkpt>
      <trkpt lat="26.770150" lon="128.312530"></trkpt>
      <trkpt lat="26.769810" lon="128.312490"></trkpt>
      <trkpt lat="26.769770" lon="128.312490"></trkpt>
      <trkpt lat="26.769430" lon="128.312450"></trkpt>
      <trkpt lat="26.769250" lon="128.312440"></trkpt>
      <trkpt lat="26.768600" lon="128.312370"></trkpt>
      <trkpt lat="26.768410" lon="128.312370"></trkpt>
      <trkpt lat="26.768370" lon="128.312380"></trkpt>
      <trkpt lat="26.768340" lon="128.312380"></trkpt>
      <trkpt lat="26.768200" lon="128.312420"></trkpt>
      <trkpt lat="26.768030" lon="128.312500"></trkpt>
      <trkpt lat="26.767940" lon="128.312570"></trkpt>
      <trkpt lat="26.767870" lon="128.312610"></trkpt>
      <trkpt lat="26.767830" lon="128.312650"></trkpt>
      <trkpt lat="26.767640" lon="128.312800"></trkpt>
      <trkpt lat="26.767580" lon="128.312840"></trkpt>
      <trkpt lat="26.767550" lon="128.312870"></trkpt>
      <trkpt lat="26.767450" lon="128.312920"></trkpt>
      <trkpt lat="26.767420" lon="128.312940"></trkpt>
      <trkpt lat="26.767360" lon="128.312960"></trkpt>
      <trkpt lat="26.767320" lon="128.312980"></trkpt>
      <trkpt lat="26.767220" lon="128.313010"></trkpt>
      <trkpt lat="26.767160" lon="128.313020"></trkpt>
      <trkpt lat="26.767110" lon="128.313020"></trkpt>
      <trkpt lat="26.767060" lon="128.313030"></trkpt>
      <trkpt lat="26.767010" lon="128.313030"></trkpt>
      <trkpt lat="26.766970" lon="128.313020"></trkpt>
      <trkpt lat="26.766930" lon="128.313020"></trkpt>
      <trkpt lat="26.766760" lon="128.312980"></trkpt>
      <trkpt lat="26.766740" lon="128.312980"></trkpt>
      <trkpt lat="26.766700" lon="128.312960"></trkpt>
      <trkpt lat="26.766170" lon="128.312780"></trkpt>
      <trkpt lat="26.766150" lon="128.312780"></trkpt>
      <trkpt lat="26.766130" lon="128.312770"></trkpt>
      <trkpt lat="26.766050" lon="128.312750"></trkpt>
      <trkpt lat="26.766010" lon="128.312750"></trkpt>
      <trkpt lat="26.765950" lon="128.312740"></trkpt>
      <trkpt lat="26.765910" lon="128.312740"></trkpt>
      <trkpt lat="26.765860" lon="128.312750"></trkpt>
      <trkpt lat="26.765830" lon="128.312750"></trkpt>
      <trkpt lat="26.765670" lon="128.312770"></trkpt>
      <trkpt lat="26.765650" lon="128.312780"></trkpt>
      <trkpt lat="26.765300" lon="128.312860"></trkpt>
      <trkpt lat="26.764800" lon="128.312940"></trkpt>
      <trkpt lat="26.764540" lon="128.312960"></trkpt>
      <trkpt lat="26.764420" lon="128.312980"></trkpt>
      <trkpt lat="26.764040" lon="128.312990"></trkpt>
      <trkpt lat="26.763920" lon="128.312980"></trkpt>
      <trkpt lat="26.763170" lon="128.312830"></trkpt>
      <trkpt lat="26.763160" lon="128.312830"></trkpt>
      <trkpt lat="26.763000" lon="128.312780"></trkpt>
      <trkpt lat="26.762980" lon="128.312770"></trkpt>
      <trkpt lat="26.762940" lon="128.312760"></trkpt>
      <trkpt lat="26.762750" lon="128.312650"></trkpt>
      <trkpt lat="26.762670" lon="128.312590"></trkpt>
      <trkpt lat="26.762480" lon="128.312470"></trkpt>
      <trkpt lat="26.762380" lon="128.312420"></trkpt>
      <trkpt lat="26.762350" lon="128.312400"></trkpt>
      <trkpt lat="26.762340" lon="128.312390"></trkpt>
      <trkpt lat="26.762050" lon="128.312280"></trkpt>
      <trkpt lat="26.761820" lon="128.312170"></trkpt>
      <trkpt lat="26.761750" lon="128.312120"></trkpt>
      <trkpt lat="26.761720" lon="128.312080"></trkpt>
      <trkpt lat="26.761670" lon="128.312030"></trkpt>
      <trkpt lat="26.761590" lon="128.311900"></trkpt>
      <trkpt lat="26.761560" lon="128.311780"></trkpt>
      <trkpt lat="26.761560" lon="128.311740"></trkpt>
      <trkpt lat="26.761550" lon="128.311710"></trkpt>
      <trkpt lat="26.761550" lon="128.311650"></trkpt>
      <trkpt lat="26.761560" lon="128.311610"></trkpt>
      <trkpt lat="26.761560" lon="128.311590"></trkpt>
      <trkpt lat="26.761570" lon="128.311530"></trkpt>
      <trkpt lat="26.761610" lon="128.311380"></trkpt>
      <trkpt lat="26.761830" lon="128.310870"></trkpt>
      <trkpt lat="26.761970" lon="128.310500"></trkpt>
      <trkpt lat="26.762080" lon="128.310120"></trkpt>
      <trkpt lat="26.762120" lon="128.310010"></trkpt>
      <trkpt lat="26.762420" lon="128.308970"></trkpt>
      <trkpt lat="26.762450" lon="128.308740"></trkpt>
      <trkpt lat="26.762440" lon="128.308530"></trkpt>
      <trkpt lat="26.762390" lon="128.308380"></trkpt>
      <trkpt lat="26.762340" lon="128.308260"></trkpt>
      <trkpt lat="26.762290" lon="128.308180"></trkpt>
      <trkpt lat="26.762250" lon="128.308130"></trkpt>
      <trkpt lat="26.762200" lon="128.308080"></trkpt>
      <trkpt lat="26.762170" lon="128.308060"></trkpt>
      <trkpt lat="26.762150" lon="128.308040"></trkpt>
      <trkpt lat="26.762020" lon="128.307960"></trkpt>
      <trkpt lat="26.761880" lon="128.307910"></trkpt>
      <trkpt lat="26.761820" lon="128.307900"></trkpt>
      <trkpt lat="26.761660" lon="128.307900"></trkpt>
      <trkpt lat="26.761580" lon="128.307910"></trkpt>
      <trkpt lat="26.761380" lon="128.307970"></trkpt>
      <trkpt lat="26.761320" lon="128.308000"></trkpt>
      <trkpt lat="26.760970" lon="128.308130"></trkpt>
      <trkpt lat="26.760740" lon="128.308180"></trkpt>
      <trkpt lat="26.760610" lon="128.308180"></trkpt>
      <trkpt lat="26.760420" lon="128.308130"></trkpt>
      <trkpt lat="26.760300" lon="128.308080"></trkpt>
      <trkpt lat="26.760270" lon="128.308050"></trkpt>
      <trkpt lat="26.760190" lon="128.307990"></trkpt>
      <trkpt lat="26.760160" lon="128.307950"></trkpt>
      <trkpt lat="26.760100" lon="128.307890"></trkpt>
      <trkpt lat="26.760080" lon="128.307850"></trkpt>
      <trkpt lat="26.760040" lon="128.307790"></trkpt>
      <trkpt lat="26.759970" lon="128.307610"></trkpt>
      <trkpt lat="26.759970" lon="128.307590"></trkpt>
      <trkpt lat="26.759940" lon="128.307490"></trkpt>
      <trkpt lat="26.759930" lon="128.307380"></trkpt>
      <trkpt lat="26.759930" lon="128.307280"></trkpt>
      <trkpt lat="26.759960" lon="128.307030"></trkpt>
      <trkpt lat="26.760050" lon="128.306580"></trkpt>
      <trkpt lat="26.760090" lon="128.306450"></trkpt>
      <trkpt lat="26.760130" lon="128.306350"></trkpt>
      <trkpt lat="26.760210" lon="128.306200"></trkpt>
      <trkpt lat="26.760550" lon="128.305780"></trkpt>
      <trkpt lat="26.760670" lon="128.305610"></trkpt>
      <trkpt lat="26.760700" lon="128.305550"></trkpt>
      <trkpt lat="26.760720" lon="128.305530"></trkpt>
      <trkpt lat="26.760720" lon="128.305510"></trkpt>
      <trkpt lat="26.760740" lon="128.305470"></trkpt>
      <trkpt lat="26.760770" lon="128.305390"></trkpt>
      <trkpt lat="26.760780" lon="128.305340"></trkpt>
      <trkpt lat="26.760790" lon="128.305330"></trkpt>
      <trkpt lat="26.760800" lon="128.305300"></trkpt>
      <trkpt lat="26.760800" lon="128.305260"></trkpt>
      <trkpt lat="26.760820" lon="128.305180"></trkpt>
      <trkpt lat="26.760800" lon="128.304840"></trkpt>
      <trkpt lat="26.760700" lon="128.304370"></trkpt>
      <trkpt lat="26.760700" lon="128.304340"></trkpt>
      <trkpt lat="26.760660" lon="128.304140"></trkpt>
      <trkpt lat="26.760590" lon="128.303870"></trkpt>
      <trkpt lat="26.760510" lon="128.303680"></trkpt>
      <trkpt lat="26.760430" lon="128.303540"></trkpt>
      <trkpt lat="26.760250" lon="128.303350"></trkpt>
      <trkpt lat="26.760200" lon="128.303310"></trkpt>
      <trkpt lat="26.760150" lon="128.303280"></trkpt>
      <trkpt lat="26.760140" lon="128.303270"></trkpt>
      <trkpt lat="26.759670" lon="128.302940"></trkpt>
      <trkpt lat="26.759490" lon="128.302830"></trkpt>
      <trkpt lat="26.759320" lon="128.302760"></trkpt>
      <trkpt lat="26.759250" lon="128.302740"></trkpt>
      <trkpt lat="26.759020" lon="128.302740"></trkpt>
      <trkpt lat="26.758960" lon="128.302760"></trkpt>
      <trkpt lat="26.758730" lon="128.302800"></trkpt>
      <trkpt lat="26.758670" lon="128.302800"></trkpt>
      <trkpt lat="26.758570" lon="128.302770"></trkpt>
      <trkpt lat="26.758480" lon="128.302730"></trkpt>
      <trkpt lat="26.758410" lon="128.302680"></trkpt>
      <trkpt lat="26.758370" lon="128.302640"></trkpt>
      <trkpt lat="26.758360" lon="128.302620"></trkpt>
      <trkpt lat="26.758340" lon="128.302600"></trkpt>
      <trkpt lat="26.758310" lon="128.302550"></trkpt>
      <trkpt lat="26.758230" lon="128.302330"></trkpt>
      <trkpt lat="26.758210" lon="128.302290"></trkpt>
      <trkpt lat="26.758190" lon="128.302220"></trkpt>
      <trkpt lat="26.758140" lon="128.302100"></trkpt>
      <trkpt lat="26.758120" lon="128.302080"></trkpt>
      <trkpt lat="26.758070" lon="128.302000"></trkpt>
      <trkpt lat="26.758030" lon="128.301960"></trkpt>
      <trkpt lat="26.758000" lon="128.301920"></trkpt>
      <trkpt lat="26.757910" lon="128.301830"></trkpt>
      <trkpt lat="26.757880" lon="128.301810"></trkpt>
      <trkpt lat="26.757670" lon="128.301710"></trkpt>
      <trkpt lat="26.757610" lon="128.301690"></trkpt>
      <trkpt lat="26.757120" lon="128.301470"></trkpt>
      <trkpt lat="26.756020" lon="128.300920"></trkpt>
      <trkpt lat="26.755860" lon="128.300850"></trkpt>
      <trkpt lat="26.755770" lon="128.300830"></trkpt>
      <trkpt lat="26.755710" lon="128.300810"></trkpt>
      <trkpt lat="26.755670" lon="128.300810"></trkpt>
      <trkpt lat="26.755630" lon="128.300800"></trkpt>
      <trkpt lat="26.755560" lon="128.300800"></trkpt>
      <trkpt lat="26.755530" lon="128.300810"></trkpt>
      <trkpt lat="26.755490" lon="128.300810"></trkpt>
      <trkpt lat="26.755410" lon="128.300820"></trkpt>
      <trkpt lat="26.755280" lon="128.300860"></trkpt>
      <trkpt lat="26.755040" lon="128.301000"></trkpt>
      <trkpt lat="26.754880" lon="128.301060"></trkpt>
      <trkpt lat="26.754750" lon="128.301090"></trkpt>
      <trkpt lat="26.754710" lon="128.301090"></trkpt>
      <trkpt lat="26.754630" lon="128.301100"></trkpt>
      <trkpt lat="26.754450" lon="128.301080"></trkpt>
      <trkpt lat="26.754370" lon="128.301060"></trkpt>
      <trkpt lat="26.754240" lon="128.301010"></trkpt>
      <trkpt lat="26.753980" lon="128.300890"></trkpt>
      <trkpt lat="26.753870" lon="128.300850"></trkpt>
      <trkpt lat="26.753720" lon="128.300820"></trkpt>
      <trkpt lat="26.753710" lon="128.300810"></trkpt>
      <trkpt lat="26.752950" lon="128.300730"></trkpt>
      <trkpt lat="26.752260" lon="128.300610"></trkpt>
      <trkpt lat="26.752190" lon="128.300610"></trkpt>
      <trkpt lat="26.752000" lon="128.300580"></trkpt>
      <trkpt lat="26.751970" lon="128.300580"></trkpt>
      <trkpt lat="26.751800" lon="128.300530"></trkpt>
      <trkpt lat="26.751780" lon="128.300530"></trkpt>
      <trkpt lat="26.751660" lon="128.300470"></trkpt>
      <trkpt lat="26.751530" lon="128.300390"></trkpt>
      <trkpt lat="26.751480" lon="128.300350"></trkpt>
      <trkpt lat="26.751460" lon="128.300340"></trkpt>
      <trkpt lat="26.751350" lon="128.300240"></trkpt>
      <trkpt lat="26.751180" lon="128.300020"></trkpt>
      <trkpt lat="26.751120" lon="128.299920"></trkpt>
      <trkpt lat="26.751030" lon="128.299700"></trkpt>
      <trkpt lat="26.751000" lon="128.299560"></trkpt>
      <trkpt lat="26.750990" lon="128.299530"></trkpt>
      <trkpt lat="26.750970" lon="128.299330"></trkpt>
      <trkpt lat="26.750970" lon="128.299220"></trkpt>
      <trkpt lat="26.750990" lon="128.298970"></trkpt>
      <trkpt lat="26.751210" lon="128.298210"></trkpt>
      <trkpt lat="26.751250" lon="128.298020"></trkpt>
      <trkpt lat="26.751250" lon="128.297970"></trkpt>
      <trkpt lat="26.751260" lon="128.297900"></trkpt>
      <trkpt lat="26.751260" lon="128.297810"></trkpt>
      <trkpt lat="26.751240" lon="128.297650"></trkpt>
      <trkpt lat="26.751220" lon="128.297580"></trkpt>
      <trkpt lat="26.751180" lon="128.297480"></trkpt>
      <trkpt lat="26.751120" lon="128.297400"></trkpt>
      <trkpt lat="26.751120" lon="128.297390"></trkpt>
      <trkpt lat="26.751010" lon="128.297270"></trkpt>
      <trkpt lat="26.750880" lon="128.297170"></trkpt>
      <trkpt lat="26.750710" lon="128.297090"></trkpt>
      <trkpt lat="26.750450" lon="128.296990"></trkpt>
      <trkpt lat="26.750170" lon="128.296850"></trkpt>
      <trkpt lat="26.750020" lon="128.296760"></trkpt>
      <trkpt lat="26.750010" lon="128.296760"></trkpt>
      <trkpt lat="26.749890" lon="128.296650"></trkpt>
      <trkpt lat="26.749880" lon="128.296630"></trkpt>
      <trkpt lat="26.749830" lon="128.296580"></trkpt>
      <trkpt lat="26.749780" lon="128.296500"></trkpt>
      <trkpt lat="26.749770" lon="128.296470"></trkpt>
      <trkpt lat="26.749730" lon="128.296390"></trkpt>
      <trkpt lat="26.749660" lon="128.296210"></trkpt>
      <trkpt lat="26.749420" lon="128.295470"></trkpt>
      <trkpt lat="26.749340" lon="128.295280"></trkpt>
      <trkpt lat="26.749320" lon="128.295250"></trkpt>
      <trkpt lat="26.749290" lon="128.295180"></trkpt>
      <trkpt lat="26.749230" lon="128.295120"></trkpt>
      <trkpt lat="26.749200" lon="128.295080"></trkpt>
      <trkpt lat="26.749150" lon="128.295040"></trkpt>
      <trkpt lat="26.749110" lon="128.295000"></trkpt>
      <trkpt lat="26.749060" lon="128.294970"></trkpt>
      <trkpt lat="26.748940" lon="128.294870"></trkpt>
      <trkpt lat="26.748860" lon="128.294780"></trkpt>
      <trkpt lat="26.748810" lon="128.294690"></trkpt>
      <trkpt lat="26.748780" lon="128.294650"></trkpt>
      <trkpt lat="26.748740" lon="128.294500"></trkpt>
      <trkpt lat="26.748740" lon="128.294450"></trkpt>
      <trkpt lat="26.748730" lon="128.294400"></trkpt>
      <trkpt lat="26.748730" lon="128.294170"></trkpt>
      <trkpt lat="26.748740" lon="128.294100"></trkpt>
      <trkpt lat="26.748790" lon="128.293280"></trkpt>
      <trkpt lat="26.748790" lon="128.293090"></trkpt>
      <trkpt lat="26.748780" lon="128.293050"></trkpt>
      <trkpt lat="26.748730" lon="128.292910"></trkpt>
      <trkpt lat="26.748700" lon="128.292850"></trkpt>
      <trkpt lat="26.748690" lon="128.292820"></trkpt>
      <trkpt lat="26.748670" lon="128.292800"></trkpt>
      <trkpt lat="26.748670" lon="128.292790"></trkpt>
      <trkpt lat="26.748650" lon="128.292770"></trkpt>
      <trkpt lat="26.748630" lon="128.292740"></trkpt>
      <trkpt lat="26.748520" lon="128.292630"></trkpt>
      <trkpt lat="26.748490" lon="128.292610"></trkpt>
      <trkpt lat="26.748470" lon="128.292590"></trkpt>
      <trkpt lat="26.748440" lon="128.292580"></trkpt>
      <trkpt lat="26.748410" lon="128.292560"></trkpt>
      <trkpt lat="26.748370" lon="128.292550"></trkpt>
      <trkpt lat="26.748310" lon="128.292520"></trkpt>
      <trkpt lat="26.748110" lon="128.292470"></trkpt>
      <trkpt lat="26.747910" lon="128.292400"></trkpt>
      <trkpt lat="26.747770" lon="128.292330"></trkpt>
      <trkpt lat="26.747650" lon="128.292250"></trkpt>
      <trkpt lat="26.747520" lon="128.292130"></trkpt>
      <trkpt lat="26.747490" lon="128.292090"></trkpt>
      <trkpt lat="26.747430" lon="128.292030"></trkpt>
      <trkpt lat="26.747210" lon="128.291840"></trkpt>
      <trkpt lat="26.746890" lon="128.291600"></trkpt>
      <trkpt lat="26.746390" lon="128.291260"></trkpt>
      <trkpt lat="26.746250" lon="128.291140"></trkpt>
      <trkpt lat="26.746160" lon="128.291040"></trkpt>
      <trkpt lat="26.746050" lon="128.290870"></trkpt>
      <trkpt lat="26.745980" lon="128.290640"></trkpt>
      <trkpt lat="26.745980" lon="128.290570"></trkpt>
      <trkpt lat="26.745970" lon="128.290490"></trkpt>
      <trkpt lat="26.745990" lon="128.290300"></trkpt>
      <trkpt lat="26.746040" lon="128.290090"></trkpt>
      <trkpt lat="26.746180" lon="128.289740"></trkpt>
      <trkpt lat="26.746240" lon="128.289550"></trkpt>
      <trkpt lat="26.746300" lon="128.289280"></trkpt>
      <trkpt lat="26.746310" lon="128.289100"></trkpt>
      <trkpt lat="26.746310" lon="128.288850"></trkpt>
      <trkpt lat="26.746270" lon="128.288350"></trkpt>
      <trkpt lat="26.746190" lon="128.288000"></trkpt>
      <trkpt lat="26.745520" lon="128.286470"></trkpt>
      <trkpt lat="26.745490" lon="128.286430"></trkpt>
      <trkpt lat="26.745390" lon="128.286260"></trkpt>
      <trkpt lat="26.745220" lon="128.286070"></trkpt>
      <trkpt lat="26.745130" lon="128.286000"></trkpt>
      <trkpt lat="26.745090" lon="128.285980"></trkpt>
      <trkpt lat="26.745050" lon="128.285950"></trkpt>
      <trkpt lat="26.744940" lon="128.285890"></trkpt>
      <trkpt lat="26.744670" lon="128.285800"></trkpt>
      <trkpt lat="26.744630" lon="128.285780"></trkpt>
      <trkpt lat="26.743570" lon="128.285470"></trkpt>
      <trkpt lat="26.743430" lon="128.285440"></trkpt>
      <trkpt lat="26.743250" lon="128.285440"></trkpt>
      <trkpt lat="26.743120" lon="128.285460"></trkpt>
      <trkpt lat="26.742910" lon="128.285580"></trkpt>
      <trkpt lat="26.742750" lon="128.285770"></trkpt>
      <trkpt lat="26.742750" lon="128.285780"></trkpt>
      <trkpt lat="26.742690" lon="128.285860"></trkpt>
      <trkpt lat="26.742540" lon="128.286110"></trkpt>
      <trkpt lat="26.742510" lon="128.286150"></trkpt>
      <trkpt lat="26.742320" lon="128.286470"></trkpt>
      <trkpt lat="26.742250" lon="128.286560"></trkpt>
      <trkpt lat="26.742200" lon="128.286640"></trkpt>
      <trkpt lat="26.742120" lon="128.286720"></trkpt>
      <trkpt lat="26.742080" lon="128.286770"></trkpt>
      <trkpt lat="26.741970" lon="128.286880"></trkpt>
      <trkpt lat="26.741950" lon="128.286890"></trkpt>
      <trkpt lat="26.741860" lon="128.286960"></trkpt>
      <trkpt lat="26.741720" lon="128.287040"></trkpt>
      <trkpt lat="26.741510" lon="128.287130"></trkpt>
      <trkpt lat="26.740920" lon="128.287300"></trkpt>
      <trkpt lat="26.740900" lon="128.287310"></trkpt>
      <trkpt lat="26.740780" lon="128.287350"></trkpt>
      <trkpt lat="26.740650" lon="128.287420"></trkpt>
      <trkpt lat="26.740540" lon="128.287500"></trkpt>
      <trkpt lat="26.740480" lon="128.287560"></trkpt>
      <trkpt lat="26.740370" lon="128.287710"></trkpt>
      <trkpt lat="26.740200" lon="128.288010"></trkpt>
      <trkpt lat="26.739510" lon="128.289350"></trkpt>
      <trkpt lat="26.739340" lon="128.289650"></trkpt>
      <trkpt lat="26.739250" lon="128.289760"></trkpt>
      <trkpt lat="26.739160" lon="128.289850"></trkpt>
      <trkpt lat="26.739120" lon="128.289870"></trkpt>
      <trkpt lat="26.739080" lon="128.289900"></trkpt>
      <trkpt lat="26.739030" lon="128.289920"></trkpt>
      <trkpt lat="26.738960" lon="128.289960"></trkpt>
      <trkpt lat="26.738920" lon="128.289970"></trkpt>
      <trkpt lat="26.738890" lon="128.289970"></trkpt>
      <trkpt lat="26.738860" lon="128.289980"></trkpt>
      <trkpt lat="26.738760" lon="128.290000"></trkpt>
      <trkpt lat="26.738730" lon="128.290000"></trkpt>
      <trkpt lat="26.738690" lon="128.289990"></trkpt>
      <trkpt lat="26.738640" lon="128.289990"></trkpt>
      <trkpt lat="26.738570" lon="128.289980"></trkpt>
      <trkpt lat="26.738400" lon="128.289940"></trkpt>
      <trkpt lat="26.736850" lon="128.289430"></trkpt>
      <trkpt lat="26.736700" lon="128.289390"></trkpt>
      <trkpt lat="26.736660" lon="128.289370"></trkpt>
      <trkpt lat="26.736400" lon="128.289280"></trkpt>
      <trkpt lat="26.736160" lon="128.289170"></trkpt>
      <trkpt lat="26.736090" lon="128.289120"></trkpt>
      <trkpt lat="26.735980" lon="128.289060"></trkpt>
      <trkpt lat="26.735800" lon="128.288930"></trkpt>
      <trkpt lat="26.735630" lon="128.288790"></trkpt>
      <trkpt lat="26.735040" lon="128.288220"></trkpt>
      <trkpt lat="26.734730" lon="128.287940"></trkpt>
      <trkpt lat="26.734660" lon="128.287890"></trkpt>
      <trkpt lat="26.734640" lon="128.287870"></trkpt>
      <trkpt lat="26.734470" lon="128.287750"></trkpt>
      <trkpt lat="26.734420" lon="128.287730"></trkpt>
      <trkpt lat="26.734370" lon="128.287700"></trkpt>
      <trkpt lat="26.734310" lon="128.287680"></trkpt>
      <trkpt lat="26.734280" lon="128.287660"></trkpt>
      <trkpt lat="26.734230" lon="128.287650"></trkpt>
      <trkpt lat="26.734140" lon="128.287620"></trkpt>
      <trkpt lat="26.734090" lon="128.287610"></trkpt>
      <trkpt lat="26.734040" lon="128.287590"></trkpt>
      <trkpt lat="26.733990" lon="128.287590"></trkpt>
      <trkpt lat="26.733870" lon="128.287570"></trkpt>
      <trkpt lat="26.733560" lon="128.287550"></trkpt>
      <trkpt lat="26.733450" lon="128.287550"></trkpt>
      <trkpt lat="26.733190" lon="128.287530"></trkpt>
      <trkpt lat="26.733060" lon="128.287530"></trkpt>
      <trkpt lat="26.732590" lon="128.287500"></trkpt>
      <trkpt lat="26.732490" lon="128.287500"></trkpt>
      <trkpt lat="26.732410" lon="128.287490"></trkpt>
      <trkpt lat="26.732290" lon="128.287490"></trkpt>
      <trkpt lat="26.732000" lon="128.287520"></trkpt>
      <trkpt lat="26.731880" lon="128.287550"></trkpt>
      <trkpt lat="26.731700" lon="128.287580"></trkpt>
      <trkpt lat="26.731300" lon="128.287670"></trkpt>
      <trkpt lat="26.731170" lon="128.287690"></trkpt>
      <trkpt lat="26.731060" lon="128.287720"></trkpt>
      <trkpt lat="26.730990" lon="128.287730"></trkpt>
      <trkpt lat="26.730790" lon="128.287780"></trkpt>
      <trkpt lat="26.730640" lon="128.287830"></trkpt>
      <trkpt lat="26.730560" lon="128.287870"></trkpt>
      <trkpt lat="26.730340" lon="128.288030"></trkpt>
      <trkpt lat="26.730040" lon="128.288300"></trkpt>
      <trkpt lat="26.729900" lon="128.288410"></trkpt>
      <trkpt lat="26.729740" lon="128.288510"></trkpt>
      <trkpt lat="26.729690" lon="128.288530"></trkpt>
      <trkpt lat="26.729650" lon="128.288560"></trkpt>
      <trkpt lat="26.729520" lon="128.288610"></trkpt>
      <trkpt lat="26.729420" lon="128.288660"></trkpt>
      <trkpt lat="26.729310" lon="128.288700"></trkpt>
      <trkpt lat="26.729040" lon="128.288820"></trkpt>
      <trkpt lat="26.728850" lon="128.288870"></trkpt>
      <trkpt lat="26.728690" lon="128.288890"></trkpt>
      <trkpt lat="26.728480" lon="128.288890"></trkpt>
      <trkpt lat="26.728320" lon="128.288880"></trkpt>
      <trkpt lat="26.728130" lon="128.288850"></trkpt>
      <trkpt lat="26.727440" lon="128.288780"></trkpt>
      <trkpt lat="26.727390" lon="128.288780"></trkpt>
      <trkpt lat="26.727270" lon="128.288760"></trkpt>
      <trkpt lat="26.727090" lon="128.288750"></trkpt>
      <trkpt lat="26.727070" lon="128.288740"></trkpt>
      <trkpt lat="26.726910" lon="128.288720"></trkpt>
      <trkpt lat="26.726640" lon="128.288640"></trkpt>
      <trkpt lat="26.726390" lon="128.288530"></trkpt>
      <trkpt lat="26.726220" lon="128.288430"></trkpt>
      <trkpt lat="26.726010" lon="128.288280"></trkpt>
      <trkpt lat="26.725990" lon="128.288270"></trkpt>
      <trkpt lat="26.725530" lon="128.287950"></trkpt>
      <trkpt lat="26.725420" lon="128.287900"></trkpt>
      <trkpt lat="26.725370" lon="128.287890"></trkpt>
      <trkpt lat="26.725360" lon="128.287890"></trkpt>
      <trkpt lat="26.725280" lon="128.287870"></trkpt>
      <trkpt lat="26.725140" lon="128.287870"></trkpt>
      <trkpt lat="26.725050" lon="128.287880"></trkpt>
      <trkpt lat="26.724920" lon="128.287930"></trkpt>
      <trkpt lat="26.724810" lon="128.287990"></trkpt>
      <trkpt lat="26.724660" lon="128.288110"></trkpt>
      <trkpt lat="26.724630" lon="128.288140"></trkpt>
      <trkpt lat="26.724610" lon="128.288170"></trkpt>
      <trkpt lat="26.724510" lon="128.288290"></trkpt>
      <trkpt lat="26.724340" lon="128.288530"></trkpt>
      <trkpt lat="26.724310" lon="128.288560"></trkpt>
      <trkpt lat="26.724280" lon="128.288600"></trkpt>
      <trkpt lat="26.724150" lon="128.288700"></trkpt>
      <trkpt lat="26.724040" lon="128.288770"></trkpt>
      <trkpt lat="26.723920" lon="128.288810"></trkpt>
      <trkpt lat="26.723870" lon="128.288820"></trkpt>
      <trkpt lat="26.723470" lon="128.288830"></trkpt>
      <trkpt lat="26.723380" lon="128.288820"></trkpt>
      <trkpt lat="26.723340" lon="128.288820"></trkpt>
      <trkpt lat="26.723290" lon="128.288810"></trkpt>
      <trkpt lat="26.723280" lon="128.288800"></trkpt>
      <trkpt lat="26.723240" lon="128.288800"></trkpt>
      <trkpt lat="26.723110" lon="128.288760"></trkpt>
      <trkpt lat="26.723010" lon="128.288710"></trkpt>
      <trkpt lat="26.722950" lon="128.288670"></trkpt>
      <trkpt lat="26.722940" lon="128.288660"></trkpt>
      <trkpt lat="26.722890" lon="128.288630"></trkpt>
      <trkpt lat="26.722650" lon="128.288410"></trkpt>
      <trkpt lat="26.722120" lon="128.288000"></trkpt>
      <trkpt lat="26.721960" lon="128.287890"></trkpt>
      <trkpt lat="26.721620" lon="128.287690"></trkpt>
      <trkpt lat="26.721270" lon="128.287510"></trkpt>
      <trkpt lat="26.720930" lon="128.287370"></trkpt>
      <trkpt lat="26.720590" lon="128.287210"></trkpt>
      <trkpt lat="26.720090" lon="128.287010"></trkpt>
      <trkpt lat="26.720010" lon="128.287000"></trkpt>
      <trkpt lat="26.719920" lon="128.286980"></trkpt>
      <trkpt lat="26.719840" lon="128.286970"></trkpt>
      <trkpt lat="26.719710" lon="128.286970"></trkpt>
      <trkpt lat="26.719680" lon="128.286980"></trkpt>
      <trkpt lat="26.719610" lon="128.286990"></trkpt>
      <trkpt lat="26.719500" lon="128.287020"></trkpt>
      <trkpt lat="26.719370" lon="128.287080"></trkpt>
      <trkpt lat="26.719340" lon="128.287100"></trkpt>
      <trkpt lat="26.719310" lon="128.287110"></trkpt>
      <trkpt lat="26.719180" lon="128.287180"></trkpt>
      <trkpt lat="26.719170" lon="128.287180"></trkpt>
      <trkpt lat="26.718940" lon="128.287330"></trkpt>
      <trkpt lat="26.718900" lon="128.287370"></trkpt>
      <trkpt lat="26.718860" lon="128.287400"></trkpt>
      <trkpt lat="26.718740" lon="128.287610"></trkpt>
      <trkpt lat="26.718510" lon="128.288390"></trkpt>
      <trkpt lat="26.718470" lon="128.288490"></trkpt>
      <trkpt lat="26.718430" lon="128.288570"></trkpt>
      <trkpt lat="26.718370" lon="128.288660"></trkpt>
      <trkpt lat="26.718370" lon="128.288670"></trkpt>
      <trkpt lat="26.718330" lon="128.288720"></trkpt>
      <trkpt lat="26.718190" lon="128.288860"></trkpt>
      <trkpt lat="26.718120" lon="128.288910"></trkpt>
      <trkpt lat="26.718050" lon="128.288950"></trkpt>
      <trkpt lat="26.717930" lon="128.289000"></trkpt>
      <trkpt lat="26.717780" lon="128.289050"></trkpt>
      <trkpt lat="26.717650" lon="128.289070"></trkpt>
      <trkpt lat="26.717530" lon="128.289070"></trkpt>
      <trkpt lat="26.717450" lon="128.289060"></trkpt>
      <trkpt lat="26.717370" lon="128.289040"></trkpt>
      <trkpt lat="26.717300" lon="128.289010"></trkpt>
      <trkpt lat="26.717190" lon="128.288940"></trkpt>
      <trkpt lat="26.717070" lon="128.288820"></trkpt>
      <trkpt lat="26.716780" lon="128.288430"></trkpt>
      <trkpt lat="26.716670" lon="128.288250"></trkpt>
      <trkpt lat="26.716550" lon="128.288000"></trkpt>
      <trkpt lat="26.716390" lon="128.287570"></trkpt>
      <trkpt lat="26.716260" lon="128.287260"></trkpt>
      <trkpt lat="26.716150" lon="128.287060"></trkpt>
      <trkpt lat="26.716120" lon="128.286990"></trkpt>
      <trkpt lat="26.715840" lon="128.286460"></trkpt>
      <trkpt lat="26.716010" lon="128.286330"></trkpt>
      <trkpt lat="26.715840" lon="128.286460"></trkpt>
      <trkpt lat="26.715800" lon="128.286380"></trkpt>
      <trkpt lat="26.715780" lon="128.286320"></trkpt>
      <trkpt lat="26.715740" lon="128.286240"></trkpt>
      <trkpt lat="26.715690" lon="128.286080"></trkpt>
      <trkpt lat="26.715640" lon="128.285870"></trkpt>
      <trkpt lat="26.715590" lon="128.285500"></trkpt>
      <trkpt lat="26.715580" lon="128.285350"></trkpt>
      <trkpt lat="26.715580" lon="128.285170"></trkpt>
      <trkpt lat="26.715620" lon="128.284990"></trkpt>
      <trkpt lat="26.715670" lon="128.284870"></trkpt>
      <trkpt lat="26.715810" lon="128.284630"></trkpt>
      <trkpt lat="26.715910" lon="128.284490"></trkpt>
      <trkpt lat="26.716200" lon="128.284020"></trkpt>
      <trkpt lat="26.716540" lon="128.283530"></trkpt>
      <trkpt lat="26.716730" lon="128.283340"></trkpt>
      <trkpt lat="26.716810" lon="128.283280"></trkpt>
      <trkpt lat="26.717010" lon="128.283150"></trkpt>
      <trkpt lat="26.717310" lon="128.283020"></trkpt>
      <trkpt lat="26.717490" lon="128.282930"></trkpt>
      <trkpt lat="26.717700" lon="128.282780"></trkpt>
      <trkpt lat="26.717900" lon="128.282580"></trkpt>
      <trkpt lat="26.717950" lon="128.282500"></trkpt>
      <trkpt lat="26.717970" lon="128.282420"></trkpt>
      <trkpt lat="26.717970" lon="128.282380"></trkpt>
      <trkpt lat="26.717980" lon="128.282350"></trkpt>
      <trkpt lat="26.717950" lon="128.282210"></trkpt>
      <trkpt lat="26.717890" lon="128.282110"></trkpt>
      <trkpt lat="26.717830" lon="128.282060"></trkpt>
      <trkpt lat="26.717770" lon="128.282030"></trkpt>
      <trkpt lat="26.717680" lon="128.281970"></trkpt>
      <trkpt lat="26.717550" lon="128.281930"></trkpt>
      <trkpt lat="26.717520" lon="128.281930"></trkpt>
      <trkpt lat="26.717480" lon="128.281920"></trkpt>
      <trkpt lat="26.717440" lon="128.281930"></trkpt>
      <trkpt lat="26.717340" lon="128.281930"></trkpt>
      <trkpt lat="26.717090" lon="128.282020"></trkpt>
      <trkpt lat="26.716980" lon="128.282040"></trkpt>
      <trkpt lat="26.716950" lon="128.282050"></trkpt>
      <trkpt lat="26.716840" lon="128.282050"></trkpt>
      <trkpt lat="26.716760" lon="128.282030"></trkpt>
      <trkpt lat="26.716730" lon="128.282030"></trkpt>
      <trkpt lat="26.716710" lon="128.282020"></trkpt>
      <trkpt lat="26.716660" lon="128.282010"></trkpt>
      <trkpt lat="26.716560" lon="128.281970"></trkpt>
      <trkpt lat="26.716550" lon="128.281970"></trkpt>
      <trkpt lat="26.716090" lon="128.281810"></trkpt>
      <trkpt lat="26.715880" lon="128.281710"></trkpt>
      <trkpt lat="26.715810" lon="128.281650"></trkpt>
      <trkpt lat="26.715760" lon="128.281630"></trkpt>
      <trkpt lat="26.715710" lon="128.281590"></trkpt>
      <trkpt lat="26.715450" lon="128.281420"></trkpt>
      <trkpt lat="26.715330" lon="128.281310"></trkpt>
      <trkpt lat="26.715320" lon="128.281290"></trkpt>
      <trkpt lat="26.715290" lon="128.281260"></trkpt>
      <trkpt lat="26.715140" lon="128.281060"></trkpt>
      <trkpt lat="26.715110" lon="128.281010"></trkpt>
      <trkpt lat="26.715090" lon="128.280990"></trkpt>
      <trkpt lat="26.715070" lon="128.280960"></trkpt>
      <trkpt lat="26.714950" lon="128.280850"></trkpt>
      <trkpt lat="26.714900" lon="128.280820"></trkpt>
      <trkpt lat="26.714820" lon="128.280760"></trkpt>
      <trkpt lat="26.714570" lon="128.280630"></trkpt>
      <trkpt lat="26.714480" lon="128.280570"></trkpt>
      <trkpt lat="26.714420" lon="128.280520"></trkpt>
      <trkpt lat="26.714320" lon="128.280420"></trkpt>
      <trkpt lat="26.714230" lon="128.280310"></trkpt>
      <trkpt lat="26.714130" lon="128.280150"></trkpt>
      <trkpt lat="26.714110" lon="128.280130"></trkpt>
      <trkpt lat="26.714000" lon="128.279970"></trkpt>
      <trkpt lat="26.713960" lon="128.279930"></trkpt>
      <trkpt lat="26.713770" lon="128.279660"></trkpt>
      <trkpt lat="26.713020" lon="128.279110"></trkpt>
      <trkpt lat="26.712940" lon="128.279030"></trkpt>
      <trkpt lat="26.712910" lon="128.278980"></trkpt>
      <trkpt lat="26.712900" lon="128.278940"></trkpt>
      <trkpt lat="26.712900" lon="128.278930"></trkpt>
      <trkpt lat="26.712880" lon="128.278880"></trkpt>
      <trkpt lat="26.712880" lon="128.278840"></trkpt>
      <trkpt lat="26.712870" lon="128.278790"></trkpt>
      <trkpt lat="26.712870" lon="128.278730"></trkpt>
      <trkpt lat="26.712880" lon="128.278710"></trkpt>
      <trkpt lat="26.712900" lon="128.278630"></trkpt>
      <trkpt lat="26.712970" lon="128.278430"></trkpt>
      <trkpt lat="26.712970" lon="128.278410"></trkpt>
      <trkpt lat="26.712990" lon="128.278340"></trkpt>
      <trkpt lat="26.713010" lon="128.278300"></trkpt>
      <trkpt lat="26.713010" lon="128.278270"></trkpt>
      <trkpt lat="26.713020" lon="128.278250"></trkpt>
      <trkpt lat="26.713020" lon="128.278100"></trkpt>
      <trkpt lat="26.713000" lon="128.278050"></trkpt>
      <trkpt lat="26.712990" lon="128.278010"></trkpt>
      <trkpt lat="26.712980" lon="128.278000"></trkpt>
      <trkpt lat="26.712910" lon="128.277900"></trkpt>
      <trkpt lat="26.712830" lon="128.277820"></trkpt>
      <trkpt lat="26.712800" lon="128.277800"></trkpt>
      <trkpt lat="26.712780" lon="128.277780"></trkpt>
      <trkpt lat="26.712660" lon="128.277700"></trkpt>
      <trkpt lat="26.712490" lon="128.277620"></trkpt>
      <trkpt lat="26.712460" lon="128.277620"></trkpt>
      <trkpt lat="26.712430" lon="128.277610"></trkpt>
      <trkpt lat="26.712410" lon="128.277610"></trkpt>
      <trkpt lat="26.712370" lon="128.277620"></trkpt>
      <trkpt lat="26.712360" lon="128.277620"></trkpt>
      <trkpt lat="26.712290" lon="128.277640"></trkpt>
      <trkpt lat="26.712270" lon="128.277640"></trkpt>
      <trkpt lat="26.712240" lon="128.277660"></trkpt>
      <trkpt lat="26.712190" lon="128.277680"></trkpt>
      <trkpt lat="26.712040" lon="128.277780"></trkpt>
      <trkpt lat="26.711960" lon="128.277820"></trkpt>
      <trkpt lat="26.711930" lon="128.277830"></trkpt>
      <trkpt lat="26.711830" lon="128.277880"></trkpt>
      <trkpt lat="26.711790" lon="128.277890"></trkpt>
      <trkpt lat="26.711770" lon="128.277890"></trkpt>
      <trkpt lat="26.711750" lon="128.277900"></trkpt>
      <trkpt lat="26.711720" lon="128.277900"></trkpt>
      <trkpt lat="26.711670" lon="128.277910"></trkpt>
      <trkpt lat="26.711600" lon="128.277910"></trkpt>
      <trkpt lat="26.711520" lon="128.277890"></trkpt>
      <trkpt lat="26.711490" lon="128.277890"></trkpt>
      <trkpt lat="26.711220" lon="128.277810"></trkpt>
      <trkpt lat="26.711160" lon="128.277800"></trkpt>
      <trkpt lat="26.711120" lon="128.277800"></trkpt>
      <trkpt lat="26.711080" lon="128.277790"></trkpt>
      <trkpt lat="26.711050" lon="128.277800"></trkpt>
      <trkpt lat="26.711020" lon="128.277800"></trkpt>
      <trkpt lat="26.710980" lon="128.277820"></trkpt>
      <trkpt lat="26.710910" lon="128.277870"></trkpt>
      <trkpt lat="26.710820" lon="128.277960"></trkpt>
      <trkpt lat="26.710710" lon="128.278110"></trkpt>
      <trkpt lat="26.710640" lon="128.278230"></trkpt>
      <trkpt lat="26.710420" lon="128.278550"></trkpt>
      <trkpt lat="26.710420" lon="128.278560"></trkpt>
      <trkpt lat="26.710270" lon="128.278790"></trkpt>
      <trkpt lat="26.710160" lon="128.279040"></trkpt>
      <trkpt lat="26.710110" lon="128.279220"></trkpt>
      <trkpt lat="26.710100" lon="128.279300"></trkpt>
      <trkpt lat="26.710080" lon="128.279370"></trkpt>
      <trkpt lat="26.710060" lon="128.279570"></trkpt>
      <trkpt lat="26.710060" lon="128.279660"></trkpt>
      <trkpt lat="26.710070" lon="128.279760"></trkpt>
      <trkpt lat="26.710070" lon="128.279820"></trkpt>
      <trkpt lat="26.710080" lon="128.279840"></trkpt>
      <trkpt lat="26.710090" lon="128.279940"></trkpt>
      <trkpt lat="26.710160" lon="128.280270"></trkpt>
      <trkpt lat="26.710300" lon="128.280740"></trkpt>
      <trkpt lat="26.710340" lon="128.280850"></trkpt>
      <trkpt lat="26.710370" lon="128.280980"></trkpt>
      <trkpt lat="26.710390" lon="128.281130"></trkpt>
      <trkpt lat="26.710390" lon="128.281210"></trkpt>
      <trkpt lat="26.710370" lon="128.281350"></trkpt>
      <trkpt lat="26.710330" lon="128.281490"></trkpt>
      <trkpt lat="26.710310" lon="128.281540"></trkpt>
      <trkpt lat="26.710300" lon="128.281550"></trkpt>
      <trkpt lat="26.710250" lon="128.281640"></trkpt>
      <trkpt lat="26.710190" lon="128.281720"></trkpt>
      <trkpt lat="26.710120" lon="128.281790"></trkpt>
      <trkpt lat="26.709990" lon="128.281880"></trkpt>
      <trkpt lat="26.709950" lon="128.281900"></trkpt>
      <trkpt lat="26.709920" lon="128.281910"></trkpt>
      <trkpt lat="26.709910" lon="128.281910"></trkpt>
      <trkpt lat="26.709860" lon="128.281930"></trkpt>
      <trkpt lat="26.709740" lon="128.281950"></trkpt>
      <trkpt lat="26.709670" lon="128.281950"></trkpt>
      <trkpt lat="26.709520" lon="128.281930"></trkpt>
      <trkpt lat="26.709400" lon="128.281900"></trkpt>
      <trkpt lat="26.709370" lon="128.281900"></trkpt>
      <trkpt lat="26.709290" lon="128.281870"></trkpt>
      <trkpt lat="26.708880" lon="128.281750"></trkpt>
      <trkpt lat="26.708840" lon="128.281730"></trkpt>
      <trkpt lat="26.708620" lon="128.281670"></trkpt>
      <trkpt lat="26.708550" lon="128.281640"></trkpt>
      <trkpt lat="26.708450" lon="128.281610"></trkpt>
      <trkpt lat="26.708180" lon="128.281500"></trkpt>
      <trkpt lat="26.708120" lon="128.281460"></trkpt>
      <trkpt lat="26.708040" lon="128.281430"></trkpt>
      <trkpt lat="26.707630" lon="128.281200"></trkpt>
      <trkpt lat="26.707540" lon="128.281160"></trkpt>
      <trkpt lat="26.707490" lon="128.281130"></trkpt>
      <trkpt lat="26.707430" lon="128.281110"></trkpt>
      <trkpt lat="26.707410" lon="128.281100"></trkpt>
      <trkpt lat="26.707220" lon="128.281050"></trkpt>
      <trkpt lat="26.706710" lon="128.280990"></trkpt>
      <trkpt lat="26.706540" lon="128.280960"></trkpt>
      <trkpt lat="26.706450" lon="128.280900"></trkpt>
      <trkpt lat="26.706370" lon="128.280860"></trkpt>
      <trkpt lat="26.706330" lon="128.280830"></trkpt>
      <trkpt lat="26.706090" lon="128.280580"></trkpt>
      <trkpt lat="26.706060" lon="128.280540"></trkpt>
      <trkpt lat="26.706010" lon="128.280490"></trkpt>
      <trkpt lat="26.705840" lon="128.280370"></trkpt>
      <trkpt lat="26.705640" lon="128.280280"></trkpt>
      <trkpt lat="26.705630" lon="128.280280"></trkpt>
      <trkpt lat="26.704950" lon="128.280070"></trkpt>
      <trkpt lat="26.704760" lon="128.280000"></trkpt>
      <trkpt lat="26.704720" lon="128.279970"></trkpt>
      <trkpt lat="26.704590" lon="128.279910"></trkpt>
      <trkpt lat="26.704550" lon="128.279870"></trkpt>
      <trkpt lat="26.704520" lon="128.279850"></trkpt>
      <trkpt lat="26.704390" lon="128.279730"></trkpt>
      <trkpt lat="26.704360" lon="128.279690"></trkpt>
      <trkpt lat="26.704320" lon="128.279650"></trkpt>
      <trkpt lat="26.704190" lon="128.279470"></trkpt>
      <trkpt lat="26.704010" lon="128.279160"></trkpt>
      <trkpt lat="26.703980" lon="128.279070"></trkpt>
      <trkpt lat="26.703940" lon="128.278910"></trkpt>
      <trkpt lat="26.703910" lon="128.278610"></trkpt>
      <trkpt lat="26.703940" lon="128.278280"></trkpt>
      <trkpt lat="26.703960" lon="128.278180"></trkpt>
      <trkpt lat="26.704030" lon="128.277960"></trkpt>
      <trkpt lat="26.704070" lon="128.277870"></trkpt>
      <trkpt lat="26.704380" lon="128.277300"></trkpt>
      <trkpt lat="26.704450" lon="128.277150"></trkpt>
      <trkpt lat="26.704460" lon="128.277100"></trkpt>
      <trkpt lat="26.704470" lon="128.277090"></trkpt>
      <trkpt lat="26.704500" lon="128.276960"></trkpt>
      <trkpt lat="26.704520" lon="128.276720"></trkpt>
      <trkpt lat="26.704520" lon="128.276450"></trkpt>
      <trkpt lat="26.704510" lon="128.276300"></trkpt>
      <trkpt lat="26.704470" lon="128.276110"></trkpt>
      <trkpt lat="26.704400" lon="128.275920"></trkpt>
      <trkpt lat="26.704390" lon="128.275880"></trkpt>
      <trkpt lat="26.704340" lon="128.275800"></trkpt>
      <trkpt lat="26.704310" lon="128.275740"></trkpt>
      <trkpt lat="26.704090" lon="128.275460"></trkpt>
      <trkpt lat="26.704050" lon="128.275430"></trkpt>
      <trkpt lat="26.703960" lon="128.275340"></trkpt>
      <trkpt lat="26.703850" lon="128.275250"></trkpt>
      <trkpt lat="26.703770" lon="128.275200"></trkpt>
      <trkpt lat="26.703770" lon="128.275190"></trkpt>
      <trkpt lat="26.703640" lon="128.275120"></trkpt>
      <trkpt lat="26.702910" lon="128.274880"></trkpt>
      <trkpt lat="26.702000" lon="128.274610"></trkpt>
      <trkpt lat="26.701970" lon="128.274590"></trkpt>
      <trkpt lat="26.701490" lon="128.274450"></trkpt>
      <trkpt lat="26.700950" lon="128.274270"></trkpt>
      <trkpt lat="26.699660" lon="128.273880"></trkpt>
      <trkpt lat="26.699260" lon="128.273740"></trkpt>
      <trkpt lat="26.699120" lon="128.273670"></trkpt>
      <trkpt lat="26.698990" lon="128.273590"></trkpt>
      <trkpt lat="26.698890" lon="128.273510"></trkpt>
      <trkpt lat="26.698760" lon="128.273420"></trkpt>
      <trkpt lat="26.698640" lon="128.273320"></trkpt>
      <trkpt lat="26.698480" lon="128.273150"></trkpt>
      <trkpt lat="26.698460" lon="128.273110"></trkpt>
      <trkpt lat="26.698280" lon="128.272850"></trkpt>
      <trkpt lat="26.698160" lon="128.272650"></trkpt>
      <trkpt lat="26.698070" lon="128.272460"></trkpt>
      <trkpt lat="26.697460" lon="128.270750"></trkpt>
      <trkpt lat="26.697350" lon="128.270490"></trkpt>
      <trkpt lat="26.697140" lon="128.270080"></trkpt>
      <trkpt lat="26.696890" lon="128.269700"></trkpt>
      <trkpt lat="26.696560" lon="128.269300"></trkpt>
      <trkpt lat="26.695560" lon="128.268210"></trkpt>
      <trkpt lat="26.695490" lon="128.268120"></trkpt>
      <trkpt lat="26.692730" lon="128.265000"></trkpt>
      <trkpt lat="26.692630" lon="128.264870"></trkpt>
      <trkpt lat="26.692550" lon="128.264740"></trkpt>
      <trkpt lat="26.692430" lon="128.264440"></trkpt>
      <trkpt lat="26.692380" lon="128.264190"></trkpt>
      <trkpt lat="26.692360" lon="128.263900"></trkpt>
      <trkpt lat="26.692430" lon="128.263460"></trkpt>
      <trkpt lat="26.692520" lon="128.263240"></trkpt>
      <trkpt lat="26.692590" lon="128.263110"></trkpt>
      <trkpt lat="26.692680" lon="128.262980"></trkpt>
      <trkpt lat="26.692830" lon="128.262810"></trkpt>
      <trkpt lat="26.692950" lon="128.262710"></trkpt>
      <trkpt lat="26.693110" lon="128.262610"></trkpt>
      <trkpt lat="26.693210" lon="128.262560"></trkpt>
      <trkpt lat="26.697170" lon="128.261020"></trkpt>
      <trkpt lat="26.697620" lon="128.260810"></trkpt>
      <trkpt lat="26.697630" lon="128.260800"></trkpt>
      <trkpt lat="26.698870" lon="128.260140"></trkpt>
      <trkpt lat="26.699050" lon="128.260010"></trkpt>
      <trkpt lat="26.699190" lon="128.259890"></trkpt>
      <trkpt lat="26.699330" lon="128.259740"></trkpt>
      <trkpt lat="26.699490" lon="128.259540"></trkpt>
      <trkpt lat="26.699570" lon="128.259410"></trkpt>
      <trkpt lat="26.699730" lon="128.259090"></trkpt>
      <trkpt lat="26.699730" lon="128.259080"></trkpt>
      <trkpt lat="26.699780" lon="128.258950"></trkpt>
      <trkpt lat="26.699790" lon="128.258900"></trkpt>
      <trkpt lat="26.699810" lon="128.258860"></trkpt>
      <trkpt lat="26.699870" lon="128.258560"></trkpt>
      <trkpt lat="26.699870" lon="128.258510"></trkpt>
      <trkpt lat="26.700060" lon="128.256690"></trkpt>
      <trkpt lat="26.700070" lon="128.256490"></trkpt>
      <trkpt lat="26.700070" lon="128.256130"></trkpt>
      <trkpt lat="26.699890" lon="128.254400"></trkpt>
      <trkpt lat="26.699850" lon="128.253830"></trkpt>
      <trkpt lat="26.699870" lon="128.253250"></trkpt>
      <trkpt lat="26.699910" lon="128.252960"></trkpt>
      <trkpt lat="26.699970" lon="128.252640"></trkpt>
      <trkpt lat="26.700380" lon="128.251180"></trkpt>
      <trkpt lat="26.700440" lon="128.251010"></trkpt>
      <trkpt lat="26.700510" lon="128.250870"></trkpt>
      <trkpt lat="26.700670" lon="128.250650"></trkpt>
      <trkpt lat="26.700790" lon="128.250550"></trkpt>
      <trkpt lat="26.700940" lon="128.250450"></trkpt>
      <trkpt lat="26.700990" lon="128.250410"></trkpt>
      <trkpt lat="26.701020" lon="128.250400"></trkpt>
      <trkpt lat="26.701130" lon="128.250340"></trkpt>
      <trkpt lat="26.701140" lon="128.250330"></trkpt>
      <trkpt lat="26.701150" lon="128.250310"></trkpt>
      <trkpt lat="26.701180" lon="128.250280"></trkpt>
      <trkpt lat="26.701180" lon="128.250270"></trkpt>
      <trkpt lat="26.701190" lon="128.250260"></trkpt>
      <trkpt lat="26.701190" lon="128.250250"></trkpt>
      <trkpt lat="26.701230" lon="128.250180"></trkpt>
      <trkpt lat="26.701240" lon="128.250170"></trkpt>
      <trkpt lat="26.701520" lon="128.249990"></trkpt>
      <trkpt lat="26.702180" lon="128.249630"></trkpt>
      <trkpt lat="26.702200" lon="128.249610"></trkpt>
      <trkpt lat="26.702380" lon="128.249490"></trkpt>
      <trkpt lat="26.702450" lon="128.249430"></trkpt>
      <trkpt lat="26.702660" lon="128.249170"></trkpt>
      <trkpt lat="26.702730" lon="128.249030"></trkpt>
      <trkpt lat="26.702810" lon="128.248790"></trkpt>
      <trkpt lat="26.702830" lon="128.248680"></trkpt>
      <trkpt lat="26.702850" lon="128.248620"></trkpt>
      <trkpt lat="26.703190" lon="128.246550"></trkpt>
      <trkpt lat="26.703230" lon="128.246360"></trkpt>
      <trkpt lat="26.703680" lon="128.243570"></trkpt>
      <trkpt lat="26.703680" lon="128.243480"></trkpt>
      <trkpt lat="26.703690" lon="128.243360"></trkpt>
      <trkpt lat="26.703680" lon="128.243210"></trkpt>
      <trkpt lat="26.703660" lon="128.243060"></trkpt>
      <trkpt lat="26.703630" lon="128.242950"></trkpt>
      <trkpt lat="26.703540" lon="128.242760"></trkpt>
      <trkpt lat="26.703480" lon="128.242670"></trkpt>
      <trkpt lat="26.703370" lon="128.242540"></trkpt>
      <trkpt lat="26.703310" lon="128.242490"></trkpt>
      <trkpt lat="26.703220" lon="128.242430"></trkpt>
      <trkpt lat="26.703130" lon="128.242380"></trkpt>
      <trkpt lat="26.702950" lon="128.242320"></trkpt>
      <trkpt lat="26.702800" lon="128.242300"></trkpt>
      <trkpt lat="26.702340" lon="128.242310"></trkpt>
      <trkpt lat="26.701630" lon="128.242370"></trkpt>
      <trkpt lat="26.701060" lon="128.242370"></trkpt>
      <trkpt lat="26.700770" lon="128.242340"></trkpt>
      <trkpt lat="26.700360" lon="128.242240"></trkpt>
      <trkpt lat="26.699720" lon="128.242010"></trkpt>
      <trkpt lat="26.699390" lon="128.241840"></trkpt>
      <trkpt lat="26.699240" lon="128.241750"></trkpt>
      <trkpt lat="26.699110" lon="128.241690"></trkpt>
      <trkpt lat="26.698910" lon="128.241580"></trkpt>
      <trkpt lat="26.698610" lon="128.241460"></trkpt>
      <trkpt lat="26.698220" lon="128.241370"></trkpt>
      <trkpt lat="26.697950" lon="128.241350"></trkpt>
      <trkpt lat="26.696610" lon="128.241410"></trkpt>
      <trkpt lat="26.696300" lon="128.241370"></trkpt>
      <trkpt lat="26.696210" lon="128.241330"></trkpt>
      <trkpt lat="26.696080" lon="128.241290"></trkpt>
      <trkpt lat="26.695960" lon="128.241240"></trkpt>
      <trkpt lat="26.695660" lon="128.241060"></trkpt>
      <trkpt lat="26.695470" lon="128.240930"></trkpt>
      <trkpt lat="26.694800" lon="128.240370"></trkpt>
      <trkpt lat="26.694790" lon="128.240350"></trkpt>
      <trkpt lat="26.694740" lon="128.240310"></trkpt>
      <trkpt lat="26.694530" lon="128.240110"></trkpt>
      <trkpt lat="26.694460" lon="128.240030"></trkpt>
      <trkpt lat="26.694370" lon="128.239950"></trkpt>
      <trkpt lat="26.694360" lon="128.239930"></trkpt>
      <trkpt lat="26.694010" lon="128.239590"></trkpt>
      <trkpt lat="26.693790" lon="128.239430"></trkpt>
      <trkpt lat="26.693770" lon="128.239420"></trkpt>
      <trkpt lat="26.693730" lon="128.239390"></trkpt>
      <trkpt lat="26.693700" lon="128.239380"></trkpt>
      <trkpt lat="26.693670" lon="128.239360"></trkpt>
      <trkpt lat="26.693600" lon="128.239340"></trkpt>
      <trkpt lat="26.693560" lon="128.239320"></trkpt>
      <trkpt lat="26.693450" lon="128.239290"></trkpt>
      <trkpt lat="26.693340" lon="128.239270"></trkpt>
      <trkpt lat="26.693270" lon="128.239270"></trkpt>
      <trkpt lat="26.693190" lon="128.239260"></trkpt>
      <trkpt lat="26.692880" lon="128.239260"></trkpt>
      <trkpt lat="26.692670" lon="128.239280"></trkpt>
      <trkpt lat="26.692530" lon="128.239280"></trkpt>
      <trkpt lat="26.692510" lon="128.239270"></trkpt>
      <trkpt lat="26.692470" lon="128.239270"></trkpt>
      <trkpt lat="26.692370" lon="128.239240"></trkpt>
      <trkpt lat="26.692350" lon="128.239240"></trkpt>
      <trkpt lat="26.692280" lon="128.239200"></trkpt>
      <trkpt lat="26.692210" lon="128.239150"></trkpt>
      <trkpt lat="26.692130" lon="128.239070"></trkpt>
      <trkpt lat="26.692050" lon="128.238940"></trkpt>
      <trkpt lat="26.692040" lon="128.238900"></trkpt>
      <trkpt lat="26.692020" lon="128.238850"></trkpt>
      <trkpt lat="26.692000" lon="128.238770"></trkpt>
      <trkpt lat="26.691990" lon="128.238680"></trkpt>
      <trkpt lat="26.691990" lon="128.238640"></trkpt>
      <trkpt lat="26.691950" lon="128.238250"></trkpt>
      <trkpt lat="26.691950" lon="128.238140"></trkpt>
      <trkpt lat="26.691930" lon="128.237920"></trkpt>
      <trkpt lat="26.691930" lon="128.237840"></trkpt>
      <trkpt lat="26.691920" lon="128.237820"></trkpt>
      <trkpt lat="26.691920" lon="128.237770"></trkpt>
      <trkpt lat="26.691910" lon="128.237690"></trkpt>
      <trkpt lat="26.691910" lon="128.237620"></trkpt>
      <trkpt lat="26.691900" lon="128.237560"></trkpt>
      <trkpt lat="26.691880" lon="128.237280"></trkpt>
      <trkpt lat="26.691830" lon="128.237040"></trkpt>
      <trkpt lat="26.691750" lon="128.236830"></trkpt>
      <trkpt lat="26.691700" lon="128.236730"></trkpt>
      <trkpt lat="26.691580" lon="128.236540"></trkpt>
      <trkpt lat="26.691520" lon="128.236470"></trkpt>
      <trkpt lat="26.691510" lon="128.236440"></trkpt>
      <trkpt lat="26.691360" lon="128.236220"></trkpt>
      <trkpt lat="26.691310" lon="128.236160"></trkpt>
      <trkpt lat="26.691190" lon="128.235990"></trkpt>
      <trkpt lat="26.691180" lon="128.235960"></trkpt>
      <trkpt lat="26.691070" lon="128.235830"></trkpt>
      <trkpt lat="26.691050" lon="128.235790"></trkpt>
      <trkpt lat="26.691020" lon="128.235760"></trkpt>
      <trkpt lat="26.690980" lon="128.235730"></trkpt>
      <trkpt lat="26.690940" lon="128.235690"></trkpt>
      <trkpt lat="26.690850" lon="128.235630"></trkpt>
      <trkpt lat="26.690810" lon="128.235620"></trkpt>
      <trkpt lat="26.690770" lon="128.235600"></trkpt>
      <trkpt lat="26.690690" lon="128.235580"></trkpt>
      <trkpt lat="26.690650" lon="128.235580"></trkpt>
      <trkpt lat="26.690580" lon="128.235570"></trkpt>
      <trkpt lat="26.690570" lon="128.235580"></trkpt>
      <trkpt lat="26.690510" lon="128.235580"></trkpt>
      <trkpt lat="26.690420" lon="128.235590"></trkpt>
      <trkpt lat="26.690200" lon="128.235640"></trkpt>
      <trkpt lat="26.690100" lon="128.235650"></trkpt>
      <trkpt lat="26.689710" lon="128.235730"></trkpt>
      <trkpt lat="26.689530" lon="128.235730"></trkpt>
      <trkpt lat="26.689430" lon="128.235710"></trkpt>
      <trkpt lat="26.689230" lon="128.235630"></trkpt>
      <trkpt lat="26.689200" lon="128.235610"></trkpt>
      <trkpt lat="26.689070" lon="128.235500"></trkpt>
      <trkpt lat="26.689010" lon="128.235430"></trkpt>
      <trkpt lat="26.688900" lon="128.235260"></trkpt>
      <trkpt lat="26.688800" lon="128.235030"></trkpt>
      <trkpt lat="26.688780" lon="128.234950"></trkpt>
      <trkpt lat="26.688740" lon="128.234840"></trkpt>
      <trkpt lat="26.688700" lon="128.234760"></trkpt>
      <trkpt lat="26.688680" lon="128.234690"></trkpt>
      <trkpt lat="26.688670" lon="128.234680"></trkpt>
      <trkpt lat="26.688650" lon="128.234630"></trkpt>
      <trkpt lat="26.688520" lon="128.234380"></trkpt>
      <trkpt lat="26.688390" lon="128.234210"></trkpt>
      <trkpt lat="26.688320" lon="128.234140"></trkpt>
      <trkpt lat="26.688270" lon="128.234080"></trkpt>
      <trkpt lat="26.688080" lon="128.233890"></trkpt>
      <trkpt lat="26.688030" lon="128.233830"></trkpt>
      <trkpt lat="26.687850" lon="128.233650"></trkpt>
      <trkpt lat="26.687810" lon="128.233620"></trkpt>
      <trkpt lat="26.687770" lon="128.233580"></trkpt>
      <trkpt lat="26.687700" lon="128.233530"></trkpt>
      <trkpt lat="26.687640" lon="128.233500"></trkpt>
      <trkpt lat="26.687630" lon="128.233500"></trkpt>
      <trkpt lat="26.687580" lon="128.233480"></trkpt>
      <trkpt lat="26.687510" lon="128.233460"></trkpt>
      <trkpt lat="26.687340" lon="128.233460"></trkpt>
      <trkpt lat="26.687220" lon="128.233480"></trkpt>
      <trkpt lat="26.687130" lon="128.233510"></trkpt>
      <trkpt lat="26.686930" lon="128.233540"></trkpt>
      <trkpt lat="26.686860" lon="128.233540"></trkpt>
      <trkpt lat="26.686800" lon="128.233530"></trkpt>
      <trkpt lat="26.686740" lon="128.233530"></trkpt>
      <trkpt lat="26.686720" lon="128.233520"></trkpt>
      <trkpt lat="26.686570" lon="128.233480"></trkpt>
      <trkpt lat="26.686540" lon="128.233460"></trkpt>
      <trkpt lat="26.685810" lon="128.233140"></trkpt>
      <trkpt lat="26.685390" lon="128.232990"></trkpt>
      <trkpt lat="26.685280" lon="128.232960"></trkpt>
      <trkpt lat="26.685070" lon="128.232930"></trkpt>
      <trkpt lat="26.684970" lon="128.232950"></trkpt>
      <trkpt lat="26.684860" lon="128.232990"></trkpt>
      <trkpt lat="26.684740" lon="128.233070"></trkpt>
      <trkpt lat="26.684630" lon="128.233200"></trkpt>
      <trkpt lat="26.684450" lon="128.233530"></trkpt>
      <trkpt lat="26.684070" lon="128.234380"></trkpt>
      <trkpt lat="26.683940" lon="128.234710"></trkpt>
      <trkpt lat="26.683770" lon="128.235090"></trkpt>
      <trkpt lat="26.683760" lon="128.235130"></trkpt>
      <trkpt lat="26.683730" lon="128.235200"></trkpt>
      <trkpt lat="26.683690" lon="128.235270"></trkpt>
      <trkpt lat="26.683640" lon="128.235340"></trkpt>
      <trkpt lat="26.683570" lon="128.235420"></trkpt>
      <trkpt lat="26.683470" lon="128.235560"></trkpt>
      <trkpt lat="26.683460" lon="128.235580"></trkpt>
      <trkpt lat="26.683290" lon="128.235810"></trkpt>
      <trkpt lat="26.683240" lon="128.235890"></trkpt>
      <trkpt lat="26.683080" lon="128.236240"></trkpt>
      <trkpt lat="26.683070" lon="128.236250"></trkpt>
      <trkpt lat="26.683000" lon="128.236420"></trkpt>
      <trkpt lat="26.682990" lon="128.236430"></trkpt>
      <trkpt lat="26.682850" lon="128.236790"></trkpt>
      <trkpt lat="26.682800" lon="128.236980"></trkpt>
      <trkpt lat="26.682790" lon="128.237080"></trkpt>
      <trkpt lat="26.682790" lon="128.237230"></trkpt>
      <trkpt lat="26.682840" lon="128.237670"></trkpt>
      <trkpt lat="26.682850" lon="128.237710"></trkpt>
      <trkpt lat="26.682850" lon="128.237780"></trkpt>
      <trkpt lat="26.682830" lon="128.237960"></trkpt>
      <trkpt lat="26.682810" lon="128.238040"></trkpt>
      <trkpt lat="26.682720" lon="128.238240"></trkpt>
      <trkpt lat="26.682650" lon="128.238330"></trkpt>
      <trkpt lat="26.682560" lon="128.238420"></trkpt>
      <trkpt lat="26.682470" lon="128.238490"></trkpt>
      <trkpt lat="26.682410" lon="128.238520"></trkpt>
      <trkpt lat="26.682220" lon="128.238590"></trkpt>
      <trkpt lat="26.681750" lon="128.238730"></trkpt>
      <trkpt lat="26.681740" lon="128.238730"></trkpt>
      <trkpt lat="26.681230" lon="128.238890"></trkpt>
      <trkpt lat="26.681010" lon="128.238940"></trkpt>
      <trkpt lat="26.680770" lon="128.238960"></trkpt>
      <trkpt lat="26.680650" lon="128.238960"></trkpt>
      <trkpt lat="26.680520" lon="128.238940"></trkpt>
      <trkpt lat="26.680310" lon="128.238880"></trkpt>
      <trkpt lat="26.680170" lon="128.238850"></trkpt>
      <trkpt lat="26.680170" lon="128.238840"></trkpt>
      <trkpt lat="26.680000" lon="128.238810"></trkpt>
      <trkpt lat="26.679800" lon="128.238790"></trkpt>
      <trkpt lat="26.679630" lon="128.238810"></trkpt>
      <trkpt lat="26.679440" lon="128.238860"></trkpt>
      <trkpt lat="26.679200" lon="128.238970"></trkpt>
      <trkpt lat="26.679110" lon="128.239030"></trkpt>
      <trkpt lat="26.678810" lon="128.239200"></trkpt>
      <trkpt lat="26.678640" lon="128.239250"></trkpt>
      <trkpt lat="26.678630" lon="128.239250"></trkpt>
      <trkpt lat="26.678580" lon="128.239270"></trkpt>
      <trkpt lat="26.678500" lon="128.239280"></trkpt>
      <trkpt lat="26.678240" lon="128.239280"></trkpt>
      <trkpt lat="26.677860" lon="128.239230"></trkpt>
      <trkpt lat="26.677770" lon="128.239210"></trkpt>
      <trkpt lat="26.677690" lon="128.239210"></trkpt>
      <trkpt lat="26.677610" lon="128.239200"></trkpt>
      <trkpt lat="26.677350" lon="128.239200"></trkpt>
      <trkpt lat="26.677090" lon="128.239240"></trkpt>
      <trkpt lat="26.676720" lon="128.239330"></trkpt>
      <trkpt lat="26.676650" lon="128.239340"></trkpt>
      <trkpt lat="26.676570" lon="128.239360"></trkpt>
      <trkpt lat="26.676430" lon="128.239380"></trkpt>
      <trkpt lat="26.676350" lon="128.239380"></trkpt>
      <trkpt lat="26.676300" lon="128.239390"></trkpt>
      <trkpt lat="26.676210" lon="128.239390"></trkpt>
      <trkpt lat="26.676150" lon="128.239380"></trkpt>
      <trkpt lat="26.676100" lon="128.239380"></trkpt>
      <trkpt lat="26.675850" lon="128.239340"></trkpt>
      <trkpt lat="26.675830" lon="128.239340"></trkpt>
      <trkpt lat="26.675810" lon="128.239330"></trkpt>
      <trkpt lat="26.675280" lon="128.239220"></trkpt>
      <trkpt lat="26.674890" lon="128.239110"></trkpt>
      <trkpt lat="26.674670" lon="128.238990"></trkpt>
      <trkpt lat="26.674530" lon="128.238890"></trkpt>
      <trkpt lat="26.674380" lon="128.238760"></trkpt>
      <trkpt lat="26.674330" lon="128.238700"></trkpt>
      <trkpt lat="26.674260" lon="128.238630"></trkpt>
      <trkpt lat="26.674210" lon="128.238590"></trkpt>
      <trkpt lat="26.674110" lon="128.238480"></trkpt>
      <trkpt lat="26.673880" lon="128.238310"></trkpt>
      <trkpt lat="26.673790" lon="128.238270"></trkpt>
      <trkpt lat="26.673740" lon="128.238260"></trkpt>
      <trkpt lat="26.673720" lon="128.238250"></trkpt>
      <trkpt lat="26.673620" lon="128.238220"></trkpt>
      <trkpt lat="26.673560" lon="128.238210"></trkpt>
      <trkpt lat="26.673430" lon="128.238210"></trkpt>
      <trkpt lat="26.673300" lon="128.238230"></trkpt>
      <trkpt lat="26.673170" lon="128.238270"></trkpt>
      <trkpt lat="26.672980" lon="128.238360"></trkpt>
      <trkpt lat="26.672940" lon="128.238390"></trkpt>
      <trkpt lat="26.672750" lon="128.238500"></trkpt>
      <trkpt lat="26.672680" lon="128.238550"></trkpt>
      <trkpt lat="26.672640" lon="128.238570"></trkpt>
      <trkpt lat="26.672600" lon="128.238600"></trkpt>
      <trkpt lat="26.672570" lon="128.238610"></trkpt>
      <trkpt lat="26.672540" lon="128.238630"></trkpt>
      <trkpt lat="26.672410" lon="128.238690"></trkpt>
      <trkpt lat="26.672300" lon="128.238720"></trkpt>
      <trkpt lat="26.672250" lon="128.238740"></trkpt>
      <trkpt lat="26.672220" lon="128.238740"></trkpt>
      <trkpt lat="26.672180" lon="128.238750"></trkpt>
      <trkpt lat="26.672040" lon="128.238750"></trkpt>
      <trkpt lat="26.671880" lon="128.238720"></trkpt>
      <trkpt lat="26.671760" lon="128.238680"></trkpt>
      <trkpt lat="26.671660" lon="128.238630"></trkpt>
      <trkpt lat="26.671620" lon="128.238600"></trkpt>
      <trkpt lat="26.671580" lon="128.238580"></trkpt>
      <trkpt lat="26.671380" lon="128.238420"></trkpt>
      <trkpt lat="26.671240" lon="128.238280"></trkpt>
      <trkpt lat="26.671000" lon="128.238070"></trkpt>
      <trkpt lat="26.670760" lon="128.237830"></trkpt>
      <trkpt lat="26.670680" lon="128.237730"></trkpt>
      <trkpt lat="26.670670" lon="128.237710"></trkpt>
      <trkpt lat="26.670640" lon="128.237680"></trkpt>
      <trkpt lat="26.670510" lon="128.237480"></trkpt>
      <trkpt lat="26.670370" lon="128.237210"></trkpt>
      <trkpt lat="26.670340" lon="128.237130"></trkpt>
      <trkpt lat="26.670310" lon="128.237080"></trkpt>
      <trkpt lat="26.670220" lon="128.236890"></trkpt>
      <trkpt lat="26.670210" lon="128.236860"></trkpt>
      <trkpt lat="26.670190" lon="128.236840"></trkpt>
      <trkpt lat="26.670180" lon="128.236810"></trkpt>
      <trkpt lat="26.670100" lon="128.236670"></trkpt>
      <trkpt lat="26.669980" lon="128.236510"></trkpt>
      <trkpt lat="26.669900" lon="128.236430"></trkpt>
      <trkpt lat="26.669900" lon="128.236420"></trkpt>
      <trkpt lat="26.669760" lon="128.236320"></trkpt>
      <trkpt lat="26.669750" lon="128.236310"></trkpt>
      <trkpt lat="26.669600" lon="128.236240"></trkpt>
      <trkpt lat="26.669580" lon="128.236240"></trkpt>
      <trkpt lat="26.669550" lon="128.236220"></trkpt>
      <trkpt lat="26.669510" lon="128.236210"></trkpt>
      <trkpt lat="26.669470" lon="128.236210"></trkpt>
      <trkpt lat="26.669430" lon="128.236200"></trkpt>
      <trkpt lat="26.669410" lon="128.236200"></trkpt>
      <trkpt lat="26.669380" lon="128.236190"></trkpt>
      <trkpt lat="26.669300" lon="128.236190"></trkpt>
      <trkpt lat="26.669230" lon="128.236200"></trkpt>
      <trkpt lat="26.669210" lon="128.236200"></trkpt>
      <trkpt lat="26.669130" lon="128.236220"></trkpt>
      <trkpt lat="26.669110" lon="128.236230"></trkpt>
      <trkpt lat="26.669080" lon="128.236230"></trkpt>
      <trkpt lat="26.668970" lon="128.236270"></trkpt>
      <trkpt lat="26.668750" lon="128.236390"></trkpt>
      <trkpt lat="26.668380" lon="128.236660"></trkpt>
      <trkpt lat="26.668220" lon="128.236760"></trkpt>
      <trkpt lat="26.668120" lon="128.236810"></trkpt>
      <trkpt lat="26.668060" lon="128.236830"></trkpt>
      <trkpt lat="26.668000" lon="128.236840"></trkpt>
      <trkpt lat="26.667990" lon="128.236850"></trkpt>
      <trkpt lat="26.667850" lon="128.236870"></trkpt>
      <trkpt lat="26.667810" lon="128.236860"></trkpt>
      <trkpt lat="26.667770" lon="128.236860"></trkpt>
      <trkpt lat="26.667620" lon="128.236840"></trkpt>
      <trkpt lat="26.667380" lon="128.236760"></trkpt>
      <trkpt lat="26.667300" lon="128.236720"></trkpt>
      <trkpt lat="26.667010" lon="128.236610"></trkpt>
      <trkpt lat="26.666960" lon="128.236600"></trkpt>
      <trkpt lat="26.666950" lon="128.236590"></trkpt>
      <trkpt lat="26.666920" lon="128.236580"></trkpt>
      <trkpt lat="26.666770" lon="128.236550"></trkpt>
      <trkpt lat="26.666760" lon="128.236540"></trkpt>
      <trkpt lat="26.666630" lon="128.236520"></trkpt>
      <trkpt lat="26.666570" lon="128.236520"></trkpt>
      <trkpt lat="26.666510" lon="128.236510"></trkpt>
      <trkpt lat="26.666420" lon="128.236510"></trkpt>
      <trkpt lat="26.666330" lon="128.236500"></trkpt>
      <trkpt lat="26.665890" lon="128.236500"></trkpt>
      <trkpt lat="26.665870" lon="128.236510"></trkpt>
      <trkpt lat="26.665820" lon="128.236510"></trkpt>
      <trkpt lat="26.665740" lon="128.236530"></trkpt>
      <trkpt lat="26.665710" lon="128.236530"></trkpt>
      <trkpt lat="26.665700" lon="128.236540"></trkpt>
      <trkpt lat="26.665690" lon="128.236540"></trkpt>
      <trkpt lat="26.665580" lon="128.236570"></trkpt>
      <trkpt lat="26.665520" lon="128.236600"></trkpt>
      <trkpt lat="26.665510" lon="128.236600"></trkpt>
      <trkpt lat="26.665400" lon="128.236660"></trkpt>
      <trkpt lat="26.665280" lon="128.236750"></trkpt>
      <trkpt lat="26.665110" lon="128.236940"></trkpt>
      <trkpt lat="26.665040" lon="128.237050"></trkpt>
      <trkpt lat="26.664900" lon="128.237310"></trkpt>
      <trkpt lat="26.664870" lon="128.237390"></trkpt>
      <trkpt lat="26.664840" lon="128.237440"></trkpt>
      <trkpt lat="26.664820" lon="128.237500"></trkpt>
      <trkpt lat="26.664780" lon="128.237580"></trkpt>
      <trkpt lat="26.664770" lon="128.237620"></trkpt>
      <trkpt lat="26.664740" lon="128.237680"></trkpt>
      <trkpt lat="26.664680" lon="128.237910"></trkpt>
      <trkpt lat="26.664680" lon="128.237940"></trkpt>
      <trkpt lat="26.664670" lon="128.237970"></trkpt>
      <trkpt lat="26.664670" lon="128.238060"></trkpt>
      <trkpt lat="26.664660" lon="128.238100"></trkpt>
      <trkpt lat="26.664670" lon="128.238180"></trkpt>
      <trkpt lat="26.664670" lon="128.238270"></trkpt>
      <trkpt lat="26.664690" lon="128.238440"></trkpt>
      <trkpt lat="26.664700" lon="128.238470"></trkpt>
      <trkpt lat="26.664780" lon="128.238860"></trkpt>
      <trkpt lat="26.664820" lon="128.239010"></trkpt>
      <trkpt lat="26.664830" lon="128.239070"></trkpt>
      <trkpt lat="26.664850" lon="128.239110"></trkpt>
      <trkpt lat="26.664880" lon="128.239250"></trkpt>
      <trkpt lat="26.665000" lon="128.239580"></trkpt>
      <trkpt lat="26.665020" lon="128.239610"></trkpt>
      <trkpt lat="26.665030" lon="128.239640"></trkpt>
      <trkpt lat="26.665050" lon="128.239660"></trkpt>
      <trkpt lat="26.665060" lon="128.239690"></trkpt>
      <trkpt lat="26.665080" lon="128.239730"></trkpt>
      <trkpt lat="26.665150" lon="128.239820"></trkpt>
      <trkpt lat="26.665220" lon="128.239940"></trkpt>
      <trkpt lat="26.665300" lon="128.240050"></trkpt>
      <trkpt lat="26.665350" lon="128.240100"></trkpt>
      <trkpt lat="26.665520" lon="128.240330"></trkpt>
      <trkpt lat="26.665540" lon="128.240370"></trkpt>
      <trkpt lat="26.665550" lon="128.240380"></trkpt>
      <trkpt lat="26.665650" lon="128.240570"></trkpt>
      <trkpt lat="26.665650" lon="128.240590"></trkpt>
      <trkpt lat="26.665660" lon="128.240610"></trkpt>
      <trkpt lat="26.665720" lon="128.240830"></trkpt>
      <trkpt lat="26.665720" lon="128.240900"></trkpt>
      <trkpt lat="26.665730" lon="128.240940"></trkpt>
      <trkpt lat="26.665730" lon="128.241030"></trkpt>
      <trkpt lat="26.665720" lon="128.241070"></trkpt>
      <trkpt lat="26.665720" lon="128.241140"></trkpt>
      <trkpt lat="26.665690" lon="128.241300"></trkpt>
      <trkpt lat="26.665670" lon="128.241340"></trkpt>
      <trkpt lat="26.665660" lon="128.241400"></trkpt>
      <trkpt lat="26.665310" lon="128.242360"></trkpt>
      <trkpt lat="26.665260" lon="128.242560"></trkpt>
      <trkpt lat="26.665260" lon="128.242600"></trkpt>
      <trkpt lat="26.665240" lon="128.242680"></trkpt>
      <trkpt lat="26.665240" lon="128.243010"></trkpt>
      <trkpt lat="26.665250" lon="128.243070"></trkpt>
      <trkpt lat="26.665250" lon="128.243110"></trkpt>
      <trkpt lat="26.665270" lon="128.243190"></trkpt>
      <trkpt lat="26.665270" lon="128.243240"></trkpt>
      <trkpt lat="26.665280" lon="128.243270"></trkpt>
      <trkpt lat="26.665340" lon="128.243600"></trkpt>
      <trkpt lat="26.665360" lon="128.243790"></trkpt>
      <trkpt lat="26.665360" lon="128.243960"></trkpt>
      <trkpt lat="26.665350" lon="128.244000"></trkpt>
      <trkpt lat="26.665350" lon="128.244040"></trkpt>
      <trkpt lat="26.665300" lon="128.244260"></trkpt>
      <trkpt lat="26.665280" lon="128.244300"></trkpt>
      <trkpt lat="26.665280" lon="128.244310"></trkpt>
      <trkpt lat="26.665190" lon="128.244470"></trkpt>
      <trkpt lat="26.665180" lon="128.244480"></trkpt>
      <trkpt lat="26.665160" lon="128.244520"></trkpt>
      <trkpt lat="26.665110" lon="128.244590"></trkpt>
      <trkpt lat="26.665080" lon="128.244610"></trkpt>
      <trkpt lat="26.665050" lon="128.244650"></trkpt>
      <trkpt lat="26.664960" lon="128.244740"></trkpt>
      <trkpt lat="26.664940" lon="128.244750"></trkpt>
      <trkpt lat="26.664920" lon="128.244770"></trkpt>
      <trkpt lat="26.664520" lon="128.245050"></trkpt>
      <trkpt lat="26.664310" lon="128.245220"></trkpt>
      <trkpt lat="26.664270" lon="128.245270"></trkpt>
      <trkpt lat="26.664160" lon="128.245380"></trkpt>
      <trkpt lat="26.663380" lon="128.246340"></trkpt>
      <trkpt lat="26.663370" lon="128.246360"></trkpt>
      <trkpt lat="26.663330" lon="128.246400"></trkpt>
      <trkpt lat="26.663260" lon="128.246490"></trkpt>
      <trkpt lat="26.663250" lon="128.246510"></trkpt>
      <trkpt lat="26.663130" lon="128.246650"></trkpt>
      <trkpt lat="26.663120" lon="128.246670"></trkpt>
      <trkpt lat="26.663070" lon="128.246740"></trkpt>
      <trkpt lat="26.663050" lon="128.246780"></trkpt>
      <trkpt lat="26.663040" lon="128.246790"></trkpt>
      <trkpt lat="26.663020" lon="128.246830"></trkpt>
      <trkpt lat="26.663010" lon="128.246840"></trkpt>
      <trkpt lat="26.663000" lon="128.246860"></trkpt>
      <trkpt lat="26.662980" lon="128.246920"></trkpt>
      <trkpt lat="26.662960" lon="128.246950"></trkpt>
      <trkpt lat="26.662900" lon="128.247140"></trkpt>
      <trkpt lat="26.662900" lon="128.247170"></trkpt>
      <trkpt lat="26.662890" lon="128.247200"></trkpt>
      <trkpt lat="26.662890" lon="128.247220"></trkpt>
      <trkpt lat="26.662880" lon="128.247250"></trkpt>
      <trkpt lat="26.662880" lon="128.247360"></trkpt>
      <trkpt lat="26.662870" lon="128.247420"></trkpt>
      <trkpt lat="26.662880" lon="128.247470"></trkpt>
      <trkpt lat="26.662880" lon="128.247510"></trkpt>
      <trkpt lat="26.662920" lon="128.247730"></trkpt>
      <trkpt lat="26.662950" lon="128.247850"></trkpt>
      <trkpt lat="26.662980" lon="128.247920"></trkpt>
      <trkpt lat="26.663000" lon="128.247990"></trkpt>
      <trkpt lat="26.663020" lon="128.248040"></trkpt>
      <trkpt lat="26.663040" lon="128.248110"></trkpt>
      <trkpt lat="26.663170" lon="128.248420"></trkpt>
      <trkpt lat="26.663350" lon="128.248920"></trkpt>
      <trkpt lat="26.663360" lon="128.248990"></trkpt>
      <trkpt lat="26.663390" lon="128.249110"></trkpt>
      <trkpt lat="26.663400" lon="128.249200"></trkpt>
      <trkpt lat="26.663390" lon="128.249230"></trkpt>
      <trkpt lat="26.663380" lon="128.249310"></trkpt>
      <trkpt lat="26.663380" lon="128.249350"></trkpt>
      <trkpt lat="26.663370" lon="128.249390"></trkpt>
      <trkpt lat="26.663360" lon="128.249410"></trkpt>
      <trkpt lat="26.663350" lon="128.249450"></trkpt>
      <trkpt lat="26.663330" lon="128.249490"></trkpt>
      <trkpt lat="26.663310" lon="128.249550"></trkpt>
      <trkpt lat="26.663290" lon="128.249570"></trkpt>
      <trkpt lat="26.663260" lon="128.249610"></trkpt>
      <trkpt lat="26.663240" lon="128.249630"></trkpt>
      <trkpt lat="26.663230" lon="128.249650"></trkpt>
      <trkpt lat="26.663160" lon="128.249720"></trkpt>
      <trkpt lat="26.663130" lon="128.249740"></trkpt>
      <trkpt lat="26.663120" lon="128.249740"></trkpt>
      <trkpt lat="26.663090" lon="128.249770"></trkpt>
      <trkpt lat="26.663020" lon="128.249810"></trkpt>
      <trkpt lat="26.662860" lon="128.249870"></trkpt>
      <trkpt lat="26.662800" lon="128.249880"></trkpt>
      <trkpt lat="26.662740" lon="128.249900"></trkpt>
      <trkpt lat="26.662390" lon="128.249960"></trkpt>
      <trkpt lat="26.662330" lon="128.249980"></trkpt>
      <trkpt lat="26.662130" lon="128.250020"></trkpt>
      <trkpt lat="26.661960" lon="128.250070"></trkpt>
      <trkpt lat="26.661910" lon="128.250090"></trkpt>
      <trkpt lat="26.661890" lon="128.250090"></trkpt>
      <trkpt lat="26.661890" lon="128.250100"></trkpt>
      <trkpt lat="26.661870" lon="128.250100"></trkpt>
      <trkpt lat="26.661730" lon="128.250160"></trkpt>
      <trkpt lat="26.661700" lon="128.250180"></trkpt>
      <trkpt lat="26.661690" lon="128.250180"></trkpt>
      <trkpt lat="26.661220" lon="128.250430"></trkpt>
      <trkpt lat="26.661180" lon="128.250460"></trkpt>
      <trkpt lat="26.661110" lon="128.250490"></trkpt>
      <trkpt lat="26.661100" lon="128.250500"></trkpt>
      <trkpt lat="26.661050" lon="128.250530"></trkpt>
      <trkpt lat="26.660850" lon="128.250620"></trkpt>
      <trkpt lat="26.660840" lon="128.250620"></trkpt>
      <trkpt lat="26.660660" lon="128.250660"></trkpt>
      <trkpt lat="26.660510" lon="128.250660"></trkpt>
      <trkpt lat="26.660460" lon="128.250650"></trkpt>
      <trkpt lat="26.660420" lon="128.250630"></trkpt>
      <trkpt lat="26.660380" lon="128.250620"></trkpt>
      <trkpt lat="26.660350" lon="128.250600"></trkpt>
      <trkpt lat="26.660320" lon="128.250590"></trkpt>
      <trkpt lat="26.660230" lon="128.250530"></trkpt>
      <trkpt lat="26.660200" lon="128.250490"></trkpt>
      <trkpt lat="26.660160" lon="128.250460"></trkpt>
      <trkpt lat="26.660080" lon="128.250350"></trkpt>
      <trkpt lat="26.660070" lon="128.250320"></trkpt>
      <trkpt lat="26.660040" lon="128.250270"></trkpt>
      <trkpt lat="26.660020" lon="128.250220"></trkpt>
      <trkpt lat="26.660020" lon="128.250210"></trkpt>
      <trkpt lat="26.660010" lon="128.250200"></trkpt>
      <trkpt lat="26.660000" lon="128.250150"></trkpt>
      <trkpt lat="26.659960" lon="128.250020"></trkpt>
      <trkpt lat="26.659880" lon="128.249540"></trkpt>
      <trkpt lat="26.659880" lon="128.249480"></trkpt>
      <trkpt lat="26.659860" lon="128.249420"></trkpt>
      <trkpt lat="26.659810" lon="128.249200"></trkpt>
      <trkpt lat="26.659760" lon="128.249050"></trkpt>
      <trkpt lat="26.659650" lon="128.248800"></trkpt>
      <trkpt lat="26.659590" lon="128.248690"></trkpt>
      <trkpt lat="26.659440" lon="128.248460"></trkpt>
      <trkpt lat="26.659370" lon="128.248370"></trkpt>
      <trkpt lat="26.658610" lon="128.247210"></trkpt>
      <trkpt lat="26.658600" lon="128.247200"></trkpt>
      <trkpt lat="26.658590" lon="128.247170"></trkpt>
      <trkpt lat="26.658530" lon="128.247080"></trkpt>
      <trkpt lat="26.658500" lon="128.247050"></trkpt>
      <trkpt lat="26.658480" lon="128.247010"></trkpt>
      <trkpt lat="26.658320" lon="128.246760"></trkpt>
      <trkpt lat="26.658280" lon="128.246710"></trkpt>
      <trkpt lat="26.658220" lon="128.246610"></trkpt>
      <trkpt lat="26.658120" lon="128.246480"></trkpt>
      <trkpt lat="26.658040" lon="128.246360"></trkpt>
      <trkpt lat="26.657980" lon="128.246300"></trkpt>
      <trkpt lat="26.657950" lon="128.246260"></trkpt>
      <trkpt lat="26.657870" lon="128.246180"></trkpt>
      <trkpt lat="26.657850" lon="128.246170"></trkpt>
      <trkpt lat="26.657830" lon="128.246150"></trkpt>
      <trkpt lat="26.657810" lon="128.246140"></trkpt>
      <trkpt lat="26.657800" lon="128.246130"></trkpt>
      <trkpt lat="26.657780" lon="128.246120"></trkpt>
      <trkpt lat="26.657770" lon="128.246110"></trkpt>
      <trkpt lat="26.657710" lon="128.246090"></trkpt>
      <trkpt lat="26.657670" lon="128.246070"></trkpt>
      <trkpt lat="26.657570" lon="128.246040"></trkpt>
      <trkpt lat="26.657530" lon="128.246040"></trkpt>
      <trkpt lat="26.657500" lon="128.246030"></trkpt>
      <trkpt lat="26.657460" lon="128.246030"></trkpt>
      <trkpt lat="26.657420" lon="128.246040"></trkpt>
      <trkpt lat="26.657380" lon="128.246040"></trkpt>
      <trkpt lat="26.657230" lon="128.246090"></trkpt>
      <trkpt lat="26.657140" lon="128.246150"></trkpt>
      <trkpt lat="26.657120" lon="128.246170"></trkpt>
      <trkpt lat="26.657100" lon="128.246180"></trkpt>
      <trkpt lat="26.657060" lon="128.246220"></trkpt>
      <trkpt lat="26.656970" lon="128.246330"></trkpt>
      <trkpt lat="26.656930" lon="128.246400"></trkpt>
      <trkpt lat="26.656870" lon="128.246550"></trkpt>
      <trkpt lat="26.656840" lon="128.246660"></trkpt>
      <trkpt lat="26.656780" lon="128.246960"></trkpt>
      <trkpt lat="26.656780" lon="128.247020"></trkpt>
      <trkpt lat="26.656760" lon="128.247110"></trkpt>
      <trkpt lat="26.656750" lon="128.247220"></trkpt>
      <trkpt lat="26.656710" lon="128.247380"></trkpt>
      <trkpt lat="26.656710" lon="128.247410"></trkpt>
      <trkpt lat="26.656700" lon="128.247420"></trkpt>
      <trkpt lat="26.656700" lon="128.247450"></trkpt>
      <trkpt lat="26.656680" lon="128.247500"></trkpt>
      <trkpt lat="26.656670" lon="128.247550"></trkpt>
      <trkpt lat="26.656650" lon="128.247590"></trkpt>
      <trkpt lat="26.656650" lon="128.247610"></trkpt>
      <trkpt lat="26.656640" lon="128.247620"></trkpt>
      <trkpt lat="26.656620" lon="128.247660"></trkpt>
      <trkpt lat="26.656570" lon="128.247790"></trkpt>
      <trkpt lat="26.656530" lon="128.247840"></trkpt>
      <trkpt lat="26.656450" lon="128.247980"></trkpt>
      <trkpt lat="26.656430" lon="128.248000"></trkpt>
      <trkpt lat="26.656330" lon="128.248130"></trkpt>
      <trkpt lat="26.656180" lon="128.248300"></trkpt>
      <trkpt lat="26.656160" lon="128.248310"></trkpt>
      <trkpt lat="26.656030" lon="128.248450"></trkpt>
      <trkpt lat="26.656010" lon="128.248480"></trkpt>
      <trkpt lat="26.655850" lon="128.248640"></trkpt>
      <trkpt lat="26.655630" lon="128.248810"></trkpt>
      <trkpt lat="26.655590" lon="128.248830"></trkpt>
      <trkpt lat="26.655550" lon="128.248860"></trkpt>
      <trkpt lat="26.655500" lon="128.248880"></trkpt>
      <trkpt lat="26.655390" lon="128.248940"></trkpt>
      <trkpt lat="26.655250" lon="128.248990"></trkpt>
      <trkpt lat="26.655210" lon="128.249000"></trkpt>
      <trkpt lat="26.655180" lon="128.249000"></trkpt>
      <trkpt lat="26.655160" lon="128.249010"></trkpt>
      <trkpt lat="26.655120" lon="128.249020"></trkpt>
      <trkpt lat="26.655060" lon="128.249020"></trkpt>
      <trkpt lat="26.655020" lon="128.249030"></trkpt>
      <trkpt lat="26.654980" lon="128.249030"></trkpt>
      <trkpt lat="26.654970" lon="128.249040"></trkpt>
      <trkpt lat="26.654800" lon="128.249040"></trkpt>
      <trkpt lat="26.654740" lon="128.249050"></trkpt>
      <trkpt lat="26.654590" lon="128.249050"></trkpt>
      <trkpt lat="26.654520" lon="128.249040"></trkpt>
      <trkpt lat="26.654380" lon="128.249040"></trkpt>
      <trkpt lat="26.654310" lon="128.249030"></trkpt>
      <trkpt lat="26.654060" lon="128.249020"></trkpt>
      <trkpt lat="26.653960" lon="128.249000"></trkpt>
      <trkpt lat="26.653920" lon="128.249000"></trkpt>
      <trkpt lat="26.653710" lon="128.248950"></trkpt>
      <trkpt lat="26.653680" lon="128.248930"></trkpt>
      <trkpt lat="26.653610" lon="128.248910"></trkpt>
      <trkpt lat="26.653430" lon="128.248810"></trkpt>
      <trkpt lat="26.653390" lon="128.248780"></trkpt>
      <trkpt lat="26.653360" lon="128.248750"></trkpt>
      <trkpt lat="26.653320" lon="128.248720"></trkpt>
      <trkpt lat="26.653280" lon="128.248680"></trkpt>
      <trkpt lat="26.653250" lon="128.248660"></trkpt>
      <trkpt lat="26.653120" lon="128.248520"></trkpt>
      <trkpt lat="26.653080" lon="128.248460"></trkpt>
      <trkpt lat="26.653060" lon="128.248440"></trkpt>
      <trkpt lat="26.652640" lon="128.247860"></trkpt>
      <trkpt lat="26.652620" lon="128.247820"></trkpt>
      <trkpt lat="26.652400" lon="128.247520"></trkpt>
      <trkpt lat="26.652340" lon="128.247410"></trkpt>
      <trkpt lat="26.652220" lon="128.247150"></trkpt>
      <trkpt lat="26.652150" lon="128.246920"></trkpt>
      <trkpt lat="26.652150" lon="128.246910"></trkpt>
      <trkpt lat="26.652140" lon="128.246890"></trkpt>
      <trkpt lat="26.652140" lon="128.246870"></trkpt>
      <trkpt lat="26.652130" lon="128.246840"></trkpt>
      <trkpt lat="26.652130" lon="128.246820"></trkpt>
      <trkpt lat="26.652120" lon="128.246810"></trkpt>
      <trkpt lat="26.652070" lon="128.246600"></trkpt>
      <trkpt lat="26.652070" lon="128.246570"></trkpt>
      <trkpt lat="26.652050" lon="128.246510"></trkpt>
      <trkpt lat="26.652050" lon="128.246480"></trkpt>
      <trkpt lat="26.652040" lon="128.246440"></trkpt>
      <trkpt lat="26.652040" lon="128.246430"></trkpt>
      <trkpt lat="26.652020" lon="128.246350"></trkpt>
      <trkpt lat="26.652020" lon="128.246320"></trkpt>
      <trkpt lat="26.652010" lon="128.246280"></trkpt>
      <trkpt lat="26.652010" lon="128.246260"></trkpt>
      <trkpt lat="26.652000" lon="128.246230"></trkpt>
      <trkpt lat="26.652000" lon="128.246140"></trkpt>
      <trkpt lat="26.651990" lon="128.246090"></trkpt>
      <trkpt lat="26.651990" lon="128.245710"></trkpt>
      <trkpt lat="26.652000" lon="128.245630"></trkpt>
      <trkpt lat="26.652000" lon="128.245530"></trkpt>
      <trkpt lat="26.652010" lon="128.245470"></trkpt>
      <trkpt lat="26.652010" lon="128.245280"></trkpt>
      <trkpt lat="26.652000" lon="128.245240"></trkpt>
      <trkpt lat="26.652000" lon="128.245150"></trkpt>
      <trkpt lat="26.651990" lon="128.245130"></trkpt>
      <trkpt lat="26.651990" lon="128.245090"></trkpt>
      <trkpt lat="26.651970" lon="128.245000"></trkpt>
      <trkpt lat="26.651960" lon="128.244990"></trkpt>
      <trkpt lat="26.651950" lon="128.244940"></trkpt>
      <trkpt lat="26.651910" lon="128.244850"></trkpt>
      <trkpt lat="26.651860" lon="128.244760"></trkpt>
      <trkpt lat="26.651810" lon="128.244690"></trkpt>
      <trkpt lat="26.651770" lon="128.244650"></trkpt>
      <trkpt lat="26.651750" lon="128.244620"></trkpt>
      <trkpt lat="26.651730" lon="128.244610"></trkpt>
      <trkpt lat="26.651680" lon="128.244560"></trkpt>
      <trkpt lat="26.651590" lon="128.244490"></trkpt>
      <trkpt lat="26.651470" lon="128.244410"></trkpt>
      <trkpt lat="26.651300" lon="128.244320"></trkpt>
      <trkpt lat="26.651280" lon="128.244300"></trkpt>
      <trkpt lat="26.651250" lon="128.244280"></trkpt>
      <trkpt lat="26.651200" lon="128.244260"></trkpt>
      <trkpt lat="26.650740" lon="128.243990"></trkpt>
      <trkpt lat="26.650630" lon="128.243940"></trkpt>
      <trkpt lat="26.650550" lon="128.243890"></trkpt>
      <trkpt lat="26.650490" lon="128.243860"></trkpt>
      <trkpt lat="26.650460" lon="128.243830"></trkpt>
      <trkpt lat="26.650420" lon="128.243810"></trkpt>
      <trkpt lat="26.650300" lon="128.243710"></trkpt>
      <trkpt lat="26.650260" lon="128.243670"></trkpt>
      <trkpt lat="26.650200" lon="128.243590"></trkpt>
      <trkpt lat="26.650170" lon="128.243560"></trkpt>
      <trkpt lat="26.650130" lon="128.243500"></trkpt>
      <trkpt lat="26.650050" lon="128.243350"></trkpt>
      <trkpt lat="26.649930" lon="128.243010"></trkpt>
      <trkpt lat="26.649930" lon="128.243000"></trkpt>
      <trkpt lat="26.649880" lon="128.242870"></trkpt>
      <trkpt lat="26.649880" lon="128.242860"></trkpt>
      <trkpt lat="26.649860" lon="128.242830"></trkpt>
      <trkpt lat="26.649840" lon="128.242780"></trkpt>
      <trkpt lat="26.649840" lon="128.242770"></trkpt>
      <trkpt lat="26.649760" lon="128.242610"></trkpt>
      <trkpt lat="26.649660" lon="128.242490"></trkpt>
      <trkpt lat="26.649610" lon="128.242450"></trkpt>
      <trkpt lat="26.649570" lon="128.242410"></trkpt>
      <trkpt lat="26.649420" lon="128.242320"></trkpt>
      <trkpt lat="26.649350" lon="128.242290"></trkpt>
      <trkpt lat="26.649280" lon="128.242250"></trkpt>
      <trkpt lat="26.649230" lon="128.242230"></trkpt>
      <trkpt lat="26.649220" lon="128.242230"></trkpt>
      <trkpt lat="26.649160" lon="128.242210"></trkpt>
      <trkpt lat="26.648400" lon="128.241890"></trkpt>
      <trkpt lat="26.648310" lon="128.241860"></trkpt>
      <trkpt lat="26.648230" lon="128.241820"></trkpt>
      <trkpt lat="26.647890" lon="128.241680"></trkpt>
      <trkpt lat="26.647800" lon="128.241650"></trkpt>
      <trkpt lat="26.647720" lon="128.241610"></trkpt>
      <trkpt lat="26.647650" lon="128.241590"></trkpt>
      <trkpt lat="26.647550" lon="128.241540"></trkpt>
      <trkpt lat="26.647510" lon="128.241530"></trkpt>
      <trkpt lat="26.647350" lon="128.241450"></trkpt>
      <trkpt lat="26.647310" lon="128.241420"></trkpt>
      <trkpt lat="26.647240" lon="128.241390"></trkpt>
      <trkpt lat="26.646970" lon="128.241190"></trkpt>
      <trkpt lat="26.646910" lon="128.241130"></trkpt>
      <trkpt lat="26.646810" lon="128.241050"></trkpt>
      <trkpt lat="26.646770" lon="128.241010"></trkpt>
      <trkpt lat="26.646650" lon="128.240910"></trkpt>
      <trkpt lat="26.646630" lon="128.240900"></trkpt>
      <trkpt lat="26.646620" lon="128.240890"></trkpt>
      <trkpt lat="26.646530" lon="128.240830"></trkpt>
      <trkpt lat="26.646490" lon="128.240820"></trkpt>
      <trkpt lat="26.646450" lon="128.240800"></trkpt>
      <trkpt lat="26.646420" lon="128.240790"></trkpt>
      <trkpt lat="26.646380" lon="128.240770"></trkpt>
      <trkpt lat="26.646290" lon="128.240750"></trkpt>
      <trkpt lat="26.646240" lon="128.240750"></trkpt>
      <trkpt lat="26.646210" lon="128.240740"></trkpt>
      <trkpt lat="26.646130" lon="128.240740"></trkpt>
      <trkpt lat="26.646090" lon="128.240750"></trkpt>
      <trkpt lat="26.645920" lon="128.240770"></trkpt>
      <trkpt lat="26.645590" lon="128.240860"></trkpt>
      <trkpt lat="26.645580" lon="128.240860"></trkpt>
      <trkpt lat="26.645440" lon="128.240890"></trkpt>
      <trkpt lat="26.645420" lon="128.240900"></trkpt>
      <trkpt lat="26.645380" lon="128.240900"></trkpt>
      <trkpt lat="26.645300" lon="128.240910"></trkpt>
      <trkpt lat="26.645130" lon="128.240910"></trkpt>
      <trkpt lat="26.644990" lon="128.240880"></trkpt>
      <trkpt lat="26.644920" lon="128.240850"></trkpt>
      <trkpt lat="26.644900" lon="128.240850"></trkpt>
      <trkpt lat="26.644870" lon="128.240840"></trkpt>
      <trkpt lat="26.644750" lon="128.240770"></trkpt>
      <trkpt lat="26.644550" lon="128.240630"></trkpt>
      <trkpt lat="26.644350" lon="128.240470"></trkpt>
      <trkpt lat="26.644340" lon="128.240470"></trkpt>
      <trkpt lat="26.644130" lon="128.240300"></trkpt>
      <trkpt lat="26.644040" lon="128.240240"></trkpt>
      <trkpt lat="26.643850" lon="128.240140"></trkpt>
      <trkpt lat="26.643740" lon="128.240110"></trkpt>
      <trkpt lat="26.643730" lon="128.240100"></trkpt>
      <trkpt lat="26.643610" lon="128.240080"></trkpt>
      <trkpt lat="26.643580" lon="128.240080"></trkpt>
      <trkpt lat="26.643560" lon="128.240070"></trkpt>
      <trkpt lat="26.643410" lon="128.240070"></trkpt>
      <trkpt lat="26.643380" lon="128.240080"></trkpt>
      <trkpt lat="26.643320" lon="128.240080"></trkpt>
      <trkpt lat="26.642510" lon="128.240210"></trkpt>
      <trkpt lat="26.642480" lon="128.240210"></trkpt>
      <trkpt lat="26.642060" lon="128.240280"></trkpt>
      <trkpt lat="26.642020" lon="128.240280"></trkpt>
      <trkpt lat="26.641910" lon="128.240300"></trkpt>
      <trkpt lat="26.641800" lon="128.240310"></trkpt>
      <trkpt lat="26.641540" lon="128.240360"></trkpt>
      <trkpt lat="26.641480" lon="128.240360"></trkpt>
      <trkpt lat="26.641410" lon="128.240380"></trkpt>
      <trkpt lat="26.641320" lon="128.240390"></trkpt>
      <trkpt lat="26.641270" lon="128.240390"></trkpt>
      <trkpt lat="26.641240" lon="128.240400"></trkpt>
      <trkpt lat="26.641170" lon="128.240410"></trkpt>
      <trkpt lat="26.641010" lon="128.240410"></trkpt>
      <trkpt lat="26.640970" lon="128.240400"></trkpt>
      <trkpt lat="26.640950" lon="128.240400"></trkpt>
      <trkpt lat="26.640880" lon="128.240380"></trkpt>
      <trkpt lat="26.640810" lon="128.240340"></trkpt>
      <trkpt lat="26.640780" lon="128.240330"></trkpt>
      <trkpt lat="26.640750" lon="128.240310"></trkpt>
      <trkpt lat="26.640690" lon="128.240250"></trkpt>
      <trkpt lat="26.640650" lon="128.240220"></trkpt>
      <trkpt lat="26.640530" lon="128.240070"></trkpt>
      <trkpt lat="26.640500" lon="128.240020"></trkpt>
      <trkpt lat="26.640460" lon="128.239970"></trkpt>
      <trkpt lat="26.640410" lon="128.239890"></trkpt>
      <trkpt lat="26.640310" lon="128.239770"></trkpt>
      <trkpt lat="26.640220" lon="128.239700"></trkpt>
      <trkpt lat="26.640180" lon="128.239680"></trkpt>
      <trkpt lat="26.640140" lon="128.239650"></trkpt>
      <trkpt lat="26.640080" lon="128.239620"></trkpt>
      <trkpt lat="26.640070" lon="128.239620"></trkpt>
      <trkpt lat="26.639980" lon="128.239600"></trkpt>
      <trkpt lat="26.639820" lon="128.239600"></trkpt>
      <trkpt lat="26.639800" lon="128.239610"></trkpt>
      <trkpt lat="26.639750" lon="128.239620"></trkpt>
      <trkpt lat="26.639670" lon="128.239650"></trkpt>
      <trkpt lat="26.639580" lon="128.239700"></trkpt>
      <trkpt lat="26.639540" lon="128.239730"></trkpt>
      <trkpt lat="26.639510" lon="128.239740"></trkpt>
      <trkpt lat="26.639460" lon="128.239780"></trkpt>
      <trkpt lat="26.639380" lon="128.239830"></trkpt>
      <trkpt lat="26.639270" lon="128.239920"></trkpt>
      <trkpt lat="26.639190" lon="128.239970"></trkpt>
      <trkpt lat="26.639140" lon="128.240010"></trkpt>
      <trkpt lat="26.639130" lon="128.240010"></trkpt>
      <trkpt lat="26.639090" lon="128.240040"></trkpt>
      <trkpt lat="26.639060" lon="128.240070"></trkpt>
      <trkpt lat="26.638970" lon="128.240130"></trkpt>
      <trkpt lat="26.638920" lon="128.240150"></trkpt>
      <trkpt lat="26.638820" lon="128.240210"></trkpt>
      <trkpt lat="26.638810" lon="128.240210"></trkpt>
      <trkpt lat="26.638770" lon="128.240230"></trkpt>
      <trkpt lat="26.638710" lon="128.240250"></trkpt>
      <trkpt lat="26.638640" lon="128.240260"></trkpt>
      <trkpt lat="26.638600" lon="128.240260"></trkpt>
      <trkpt lat="26.638560" lon="128.240270"></trkpt>
      <trkpt lat="26.638380" lon="128.240240"></trkpt>
      <trkpt lat="26.638350" lon="128.240230"></trkpt>
      <trkpt lat="26.638310" lon="128.240210"></trkpt>
      <trkpt lat="26.638280" lon="128.240200"></trkpt>
      <trkpt lat="26.638220" lon="128.240170"></trkpt>
      <trkpt lat="26.638210" lon="128.240160"></trkpt>
      <trkpt lat="26.638140" lon="128.240110"></trkpt>
      <trkpt lat="26.638070" lon="128.240040"></trkpt>
      <trkpt lat="26.638060" lon="128.240020"></trkpt>
      <trkpt lat="26.638040" lon="128.240000"></trkpt>
      <trkpt lat="26.638000" lon="128.239930"></trkpt>
      <trkpt lat="26.637990" lon="128.239900"></trkpt>
      <trkpt lat="26.637970" lon="128.239880"></trkpt>
      <trkpt lat="26.637970" lon="128.239860"></trkpt>
      <trkpt lat="26.637950" lon="128.239830"></trkpt>
      <trkpt lat="26.637950" lon="128.239800"></trkpt>
      <trkpt lat="26.637930" lon="128.239760"></trkpt>
      <trkpt lat="26.637910" lon="128.239700"></trkpt>
      <trkpt lat="26.637910" lon="128.239690"></trkpt>
      <trkpt lat="26.637840" lon="128.239370"></trkpt>
      <trkpt lat="26.637840" lon="128.239340"></trkpt>
      <trkpt lat="26.637810" lon="128.239240"></trkpt>
      <trkpt lat="26.637800" lon="128.239230"></trkpt>
      <trkpt lat="26.637790" lon="128.239190"></trkpt>
      <trkpt lat="26.637770" lon="128.239150"></trkpt>
      <trkpt lat="26.637730" lon="128.239040"></trkpt>
      <trkpt lat="26.637710" lon="128.239020"></trkpt>
      <trkpt lat="26.637710" lon="128.239010"></trkpt>
      <trkpt lat="26.637620" lon="128.238890"></trkpt>
      <trkpt lat="26.637550" lon="128.238820"></trkpt>
      <trkpt lat="26.637480" lon="128.238770"></trkpt>
      <trkpt lat="26.637450" lon="128.238740"></trkpt>
      <trkpt lat="26.637320" lon="128.238650"></trkpt>
      <trkpt lat="26.637310" lon="128.238640"></trkpt>
      <trkpt lat="26.637080" lon="128.238480"></trkpt>
      <trkpt lat="26.636650" lon="128.238140"></trkpt>
      <trkpt lat="26.636550" lon="128.238070"></trkpt>
      <trkpt lat="26.636360" lon="128.237870"></trkpt>
      <trkpt lat="26.636320" lon="128.237810"></trkpt>
      <trkpt lat="26.636300" lon="128.237760"></trkpt>
      <trkpt lat="26.636280" lon="128.237730"></trkpt>
      <trkpt lat="26.636260" lon="128.237680"></trkpt>
      <trkpt lat="26.636240" lon="128.237600"></trkpt>
      <trkpt lat="26.636240" lon="128.237560"></trkpt>
      <trkpt lat="26.636230" lon="128.237520"></trkpt>
      <trkpt lat="26.636230" lon="128.237400"></trkpt>
      <trkpt lat="26.636240" lon="128.237370"></trkpt>
      <trkpt lat="26.636240" lon="128.237330"></trkpt>
      <trkpt lat="26.636250" lon="128.237290"></trkpt>
      <trkpt lat="26.636270" lon="128.237250"></trkpt>
      <trkpt lat="26.636280" lon="128.237200"></trkpt>
      <trkpt lat="26.636310" lon="128.237140"></trkpt>
      <trkpt lat="26.636330" lon="128.237120"></trkpt>
      <trkpt lat="26.636360" lon="128.237060"></trkpt>
      <trkpt lat="26.636420" lon="128.237000"></trkpt>
      <trkpt lat="26.636510" lon="128.236870"></trkpt>
      <trkpt lat="26.636590" lon="128.236780"></trkpt>
      <trkpt lat="26.636730" lon="128.236580"></trkpt>
      <trkpt lat="26.636800" lon="128.236430"></trkpt>
      <trkpt lat="26.636820" lon="128.236400"></trkpt>
      <trkpt lat="26.636840" lon="128.236330"></trkpt>
      <trkpt lat="26.636860" lon="128.236280"></trkpt>
      <trkpt lat="26.636880" lon="128.236180"></trkpt>
      <trkpt lat="26.636880" lon="128.235910"></trkpt>
      <trkpt lat="26.636850" lon="128.235780"></trkpt>
      <trkpt lat="26.636840" lon="128.235760"></trkpt>
      <trkpt lat="26.636810" lon="128.235660"></trkpt>
      <trkpt lat="26.636780" lon="128.235590"></trkpt>
      <trkpt lat="26.636770" lon="128.235590"></trkpt>
      <trkpt lat="26.636760" lon="128.235560"></trkpt>
      <trkpt lat="26.636640" lon="128.235340"></trkpt>
      <trkpt lat="26.636570" lon="128.235250"></trkpt>
      <trkpt lat="26.636520" lon="128.235160"></trkpt>
      <trkpt lat="26.636520" lon="128.235150"></trkpt>
      <trkpt lat="26.636470" lon="128.235080"></trkpt>
      <trkpt lat="26.636400" lon="128.234950"></trkpt>
      <trkpt lat="26.636360" lon="128.234800"></trkpt>
      <trkpt lat="26.636340" lon="128.234750"></trkpt>
      <trkpt lat="26.636330" lon="128.234640"></trkpt>
      <trkpt lat="26.636330" lon="128.234410"></trkpt>
      <trkpt lat="26.636340" lon="128.234330"></trkpt>
      <trkpt lat="26.636350" lon="128.234300"></trkpt>
      <trkpt lat="26.636360" lon="128.234240"></trkpt>
      <trkpt lat="26.636400" lon="128.234110"></trkpt>
      <trkpt lat="26.636420" lon="128.233990"></trkpt>
      <trkpt lat="26.636430" lon="128.233980"></trkpt>
      <trkpt lat="26.636550" lon="128.233550"></trkpt>
      <trkpt lat="26.636710" lon="128.232660"></trkpt>
      <trkpt lat="26.636740" lon="128.232370"></trkpt>
      <trkpt lat="26.636740" lon="128.232140"></trkpt>
      <trkpt lat="26.636730" lon="128.232050"></trkpt>
      <trkpt lat="26.636730" lon="128.232000"></trkpt>
      <trkpt lat="26.636720" lon="128.231950"></trkpt>
      <trkpt lat="26.636660" lon="128.231770"></trkpt>
      <trkpt lat="26.636640" lon="128.231730"></trkpt>
      <trkpt lat="26.636630" lon="128.231720"></trkpt>
      <trkpt lat="26.636580" lon="128.231630"></trkpt>
      <trkpt lat="26.636520" lon="128.231550"></trkpt>
      <trkpt lat="26.636400" lon="128.231430"></trkpt>
      <trkpt lat="26.636110" lon="128.231200"></trkpt>
      <trkpt lat="26.635920" lon="128.231030"></trkpt>
      <trkpt lat="26.635890" lon="128.230990"></trkpt>
      <trkpt lat="26.635840" lon="128.230940"></trkpt>
      <trkpt lat="26.635710" lon="128.230760"></trkpt>
      <trkpt lat="26.635640" lon="128.230620"></trkpt>
      <trkpt lat="26.635620" lon="128.230560"></trkpt>
      <trkpt lat="26.635610" lon="128.230550"></trkpt>
      <trkpt lat="26.635590" lon="128.230500"></trkpt>
      <trkpt lat="26.635580" lon="128.230450"></trkpt>
      <trkpt lat="26.635540" lon="128.230340"></trkpt>
      <trkpt lat="26.635510" lon="128.230180"></trkpt>
      <trkpt lat="26.635510" lon="128.230150"></trkpt>
      <trkpt lat="26.635390" lon="128.229200"></trkpt>
      <trkpt lat="26.635390" lon="128.229170"></trkpt>
      <trkpt lat="26.635380" lon="128.229100"></trkpt>
      <trkpt lat="26.635360" lon="128.229040"></trkpt>
      <trkpt lat="26.635350" lon="128.228990"></trkpt>
      <trkpt lat="26.635290" lon="128.228820"></trkpt>
      <trkpt lat="26.635230" lon="128.228720"></trkpt>
      <trkpt lat="26.635220" lon="128.228690"></trkpt>
      <trkpt lat="26.635070" lon="128.228490"></trkpt>
      <trkpt lat="26.634950" lon="128.228370"></trkpt>
      <trkpt lat="26.634390" lon="128.227960"></trkpt>
      <trkpt lat="26.634240" lon="128.227870"></trkpt>
      <trkpt lat="26.634100" lon="128.227800"></trkpt>
      <trkpt lat="26.634070" lon="128.227780"></trkpt>
      <trkpt lat="26.634000" lon="128.227760"></trkpt>
      <trkpt lat="26.633900" lon="128.227720"></trkpt>
      <trkpt lat="26.633850" lon="128.227710"></trkpt>
      <trkpt lat="26.633730" lon="128.227670"></trkpt>
      <trkpt lat="26.633240" lon="128.227560"></trkpt>
      <trkpt lat="26.633080" lon="128.227510"></trkpt>
      <trkpt lat="26.632940" lon="128.227450"></trkpt>
      <trkpt lat="26.632800" lon="128.227350"></trkpt>
      <trkpt lat="26.632730" lon="128.227290"></trkpt>
      <trkpt lat="26.632640" lon="128.227190"></trkpt>
      <trkpt lat="26.632520" lon="128.226980"></trkpt>
      <trkpt lat="26.632460" lon="128.226790"></trkpt>
      <trkpt lat="26.632450" lon="128.226700"></trkpt>
      <trkpt lat="26.632440" lon="128.226660"></trkpt>
      <trkpt lat="26.632440" lon="128.226440"></trkpt>
      <trkpt lat="26.632450" lon="128.226400"></trkpt>
      <trkpt lat="26.632450" lon="128.226370"></trkpt>
      <trkpt lat="26.632470" lon="128.226300"></trkpt>
      <trkpt lat="26.632480" lon="128.226240"></trkpt>
      <trkpt lat="26.632540" lon="128.226090"></trkpt>
      <trkpt lat="26.632620" lon="128.225930"></trkpt>
      <trkpt lat="26.632920" lon="128.225500"></trkpt>
      <trkpt lat="26.633000" lon="128.225400"></trkpt>
      <trkpt lat="26.633220" lon="128.225080"></trkpt>
      <trkpt lat="26.633250" lon="128.225010"></trkpt>
      <trkpt lat="26.633250" lon="128.225000"></trkpt>
      <trkpt lat="26.633280" lon="128.224940"></trkpt>
      <trkpt lat="26.633370" lon="128.224690"></trkpt>
      <trkpt lat="26.633380" lon="128.224640"></trkpt>
      <trkpt lat="26.633390" lon="128.224620"></trkpt>
      <trkpt lat="26.633570" lon="128.223700"></trkpt>
      <trkpt lat="26.633600" lon="128.223490"></trkpt>
      <trkpt lat="26.633950" lon="128.221680"></trkpt>
      <trkpt lat="26.633960" lon="128.221650"></trkpt>
      <trkpt lat="26.634010" lon="128.221360"></trkpt>
      <trkpt lat="26.634070" lon="128.221090"></trkpt>
      <trkpt lat="26.634100" lon="128.220840"></trkpt>
      <trkpt lat="26.634100" lon="128.220600"></trkpt>
      <trkpt lat="26.634090" lon="128.220430"></trkpt>
      <trkpt lat="26.634040" lon="128.220200"></trkpt>
      <trkpt lat="26.633940" lon="128.219890"></trkpt>
      <trkpt lat="26.633060" lon="128.217880"></trkpt>
      <trkpt lat="26.632770" lon="128.217430"></trkpt>
      <trkpt lat="26.632580" lon="128.217180"></trkpt>
      <trkpt lat="26.632270" lon="128.216880"></trkpt>
      <trkpt lat="26.631620" lon="128.216390"></trkpt>
      <trkpt lat="26.631280" lon="128.216170"></trkpt>
      <trkpt lat="26.630900" lon="128.215890"></trkpt>
      <trkpt lat="26.630740" lon="128.215720"></trkpt>
      <trkpt lat="26.630680" lon="128.215620"></trkpt>
      <trkpt lat="26.630630" lon="128.215460"></trkpt>
      <trkpt lat="26.630620" lon="128.215390"></trkpt>
      <trkpt lat="26.630620" lon="128.215300"></trkpt>
      <trkpt lat="26.630630" lon="128.215190"></trkpt>
      <trkpt lat="26.630680" lon="128.215000"></trkpt>
      <trkpt lat="26.630990" lon="128.214280"></trkpt>
      <trkpt lat="26.631030" lon="128.214160"></trkpt>
      <trkpt lat="26.631080" lon="128.213970"></trkpt>
      <trkpt lat="26.631080" lon="128.213930"></trkpt>
      <trkpt lat="26.631120" lon="128.213730"></trkpt>
      <trkpt lat="26.631150" lon="128.213110"></trkpt>
      <trkpt lat="26.631150" lon="128.212930"></trkpt>
      <trkpt lat="26.631160" lon="128.212880"></trkpt>
      <trkpt lat="26.631190" lon="128.212060"></trkpt>
      <trkpt lat="26.631190" lon="128.211700"></trkpt>
      <trkpt lat="26.631180" lon="128.211530"></trkpt>
      <trkpt lat="26.631150" lon="128.211440"></trkpt>
      <trkpt lat="26.631130" lon="128.211350"></trkpt>
      <trkpt lat="26.631050" lon="128.211170"></trkpt>
      <trkpt lat="26.631000" lon="128.211080"></trkpt>
      <trkpt lat="26.630860" lon="128.210910"></trkpt>
      <trkpt lat="26.630310" lon="128.210310"></trkpt>
      <trkpt lat="26.630130" lon="128.210180"></trkpt>
      <trkpt lat="26.630080" lon="128.210150"></trkpt>
      <trkpt lat="26.630070" lon="128.210150"></trkpt>
      <trkpt lat="26.630010" lon="128.210110"></trkpt>
      <trkpt lat="26.629770" lon="128.210040"></trkpt>
      <trkpt lat="26.629670" lon="128.210020"></trkpt>
      <trkpt lat="26.629590" lon="128.209990"></trkpt>
      <trkpt lat="26.629490" lon="128.209940"></trkpt>
      <trkpt lat="26.629450" lon="128.209900"></trkpt>
      <trkpt lat="26.629400" lon="128.209870"></trkpt>
      <trkpt lat="26.629360" lon="128.209830"></trkpt>
      <trkpt lat="26.629240" lon="128.209660"></trkpt>
      <trkpt lat="26.629160" lon="128.209520"></trkpt>
      <trkpt lat="26.628890" lon="128.208960"></trkpt>
      <trkpt lat="26.628870" lon="128.208900"></trkpt>
      <trkpt lat="26.628860" lon="128.208840"></trkpt>
      <trkpt lat="26.628840" lon="128.208780"></trkpt>
      <trkpt lat="26.628830" lon="128.208690"></trkpt>
      <trkpt lat="26.628830" lon="128.208610"></trkpt>
      <trkpt lat="26.628840" lon="128.208490"></trkpt>
      <trkpt lat="26.629110" lon="128.207430"></trkpt>
      <trkpt lat="26.629110" lon="128.207420"></trkpt>
      <trkpt lat="26.629750" lon="128.205030"></trkpt>
      <trkpt lat="26.629840" lon="128.204810"></trkpt>
      <trkpt lat="26.630330" lon="128.203810"></trkpt>
      <trkpt lat="26.630340" lon="128.203780"></trkpt>
      <trkpt lat="26.630510" lon="128.203420"></trkpt>
      <trkpt lat="26.630600" lon="128.203140"></trkpt>
      <trkpt lat="26.630610" lon="128.203060"></trkpt>
      <trkpt lat="26.630610" lon="128.203020"></trkpt>
      <trkpt lat="26.630620" lon="128.202980"></trkpt>
      <trkpt lat="26.630620" lon="128.202840"></trkpt>
      <trkpt lat="26.630600" lon="128.202610"></trkpt>
      <trkpt lat="26.630100" lon="128.200350"></trkpt>
      <trkpt lat="26.630090" lon="128.200280"></trkpt>
      <trkpt lat="26.630000" lon="128.199910"></trkpt>
      <trkpt lat="26.629990" lon="128.199830"></trkpt>
      <trkpt lat="26.629960" lon="128.199720"></trkpt>
      <trkpt lat="26.629900" lon="128.199560"></trkpt>
      <trkpt lat="26.629780" lon="128.199300"></trkpt>
      <trkpt lat="26.629180" lon="128.198440"></trkpt>
      <trkpt lat="26.628640" lon="128.197610"></trkpt>
      <trkpt lat="26.628580" lon="128.197500"></trkpt>
      <trkpt lat="26.628520" lon="128.197350"></trkpt>
      <trkpt lat="26.628460" lon="128.197160"></trkpt>
      <trkpt lat="26.628420" lon="128.196940"></trkpt>
      <trkpt lat="26.628420" lon="128.196580"></trkpt>
      <trkpt lat="26.628500" lon="128.196210"></trkpt>
      <trkpt lat="26.628870" lon="128.195230"></trkpt>
      <trkpt lat="26.628950" lon="128.194980"></trkpt>
      <trkpt lat="26.629070" lon="128.194500"></trkpt>
      <trkpt lat="26.629090" lon="128.194360"></trkpt>
      <trkpt lat="26.629110" lon="128.194030"></trkpt>
      <trkpt lat="26.629110" lon="128.193830"></trkpt>
      <trkpt lat="26.629070" lon="128.193420"></trkpt>
      <trkpt lat="26.629050" lon="128.193350"></trkpt>
      <trkpt lat="26.629050" lon="128.193300"></trkpt>
      <trkpt lat="26.628940" lon="128.192850"></trkpt>
      <trkpt lat="26.628070" lon="128.190090"></trkpt>
      <trkpt lat="26.628060" lon="128.190030"></trkpt>
      <trkpt lat="26.628040" lon="128.189960"></trkpt>
      <trkpt lat="26.628030" lon="128.189880"></trkpt>
      <trkpt lat="26.628030" lon="128.189770"></trkpt>
      <trkpt lat="26.628020" lon="128.189700"></trkpt>
      <trkpt lat="26.628020" lon="128.189610"></trkpt>
      <trkpt lat="26.628060" lon="128.189140"></trkpt>
      <trkpt lat="26.628060" lon="128.188920"></trkpt>
      <trkpt lat="26.628050" lon="128.188900"></trkpt>
      <trkpt lat="26.628050" lon="128.188860"></trkpt>
      <trkpt lat="26.628000" lon="128.188620"></trkpt>
      <trkpt lat="26.627410" lon="128.187280"></trkpt>
      <trkpt lat="26.627390" lon="128.187220"></trkpt>
      <trkpt lat="26.627250" lon="128.186980"></trkpt>
      <trkpt lat="26.627180" lon="128.186890"></trkpt>
      <trkpt lat="26.627150" lon="128.186860"></trkpt>
      <trkpt lat="26.627130" lon="128.186830"></trkpt>
      <trkpt lat="26.627080" lon="128.186780"></trkpt>
      <trkpt lat="26.627020" lon="128.186700"></trkpt>
      <trkpt lat="26.626580" lon="128.186220"></trkpt>
      <trkpt lat="26.626400" lon="128.185970"></trkpt>
      <trkpt lat="26.626320" lon="128.185840"></trkpt>
      <trkpt lat="26.625740" lon="128.184700"></trkpt>
      <trkpt lat="26.625720" lon="128.184650"></trkpt>
      <trkpt lat="26.625380" lon="128.183970"></trkpt>
      <trkpt lat="26.625360" lon="128.183910"></trkpt>
      <trkpt lat="26.625300" lon="128.183790"></trkpt>
      <trkpt lat="26.625260" lon="128.183660"></trkpt>
      <trkpt lat="26.625260" lon="128.183650"></trkpt>
      <trkpt lat="26.625240" lon="128.183590"></trkpt>
      <trkpt lat="26.625210" lon="128.183430"></trkpt>
      <trkpt lat="26.625210" lon="128.183220"></trkpt>
      <trkpt lat="26.625230" lon="128.183080"></trkpt>
      <trkpt lat="26.625250" lon="128.183020"></trkpt>
      <trkpt lat="26.625260" lon="128.182970"></trkpt>
      <trkpt lat="26.625280" lon="128.182930"></trkpt>
      <trkpt lat="26.625280" lon="128.182920"></trkpt>
      <trkpt lat="26.625300" lon="128.182870"></trkpt>
      <trkpt lat="26.625340" lon="128.182800"></trkpt>
      <trkpt lat="26.625400" lon="128.182670"></trkpt>
      <trkpt lat="26.626540" lon="128.180770"></trkpt>
      <trkpt lat="26.626660" lon="128.180550"></trkpt>
      <trkpt lat="26.626760" lon="128.180280"></trkpt>
      <trkpt lat="26.626760" lon="128.180240"></trkpt>
      <trkpt lat="26.626800" lon="128.180020"></trkpt>
      <trkpt lat="26.626810" lon="128.179920"></trkpt>
      <trkpt lat="26.626810" lon="128.179850"></trkpt>
      <trkpt lat="26.626780" lon="128.179530"></trkpt>
      <trkpt lat="26.626750" lon="128.179360"></trkpt>
      <trkpt lat="26.626720" lon="128.179060"></trkpt>
      <trkpt lat="26.626700" lon="128.178950"></trkpt>
      <trkpt lat="26.626430" lon="128.176530"></trkpt>
      <trkpt lat="26.626430" lon="128.176440"></trkpt>
      <trkpt lat="26.626440" lon="128.176330"></trkpt>
      <trkpt lat="26.626440" lon="128.176240"></trkpt>
      <trkpt lat="26.626450" lon="128.176220"></trkpt>
      <trkpt lat="26.626460" lon="128.176120"></trkpt>
      <trkpt lat="26.626540" lon="128.175830"></trkpt>
      <trkpt lat="26.626630" lon="128.175630"></trkpt>
      <trkpt lat="26.626730" lon="128.175440"></trkpt>
      <trkpt lat="26.626940" lon="128.175150"></trkpt>
      <trkpt lat="26.627100" lon="128.174900"></trkpt>
      <trkpt lat="26.627200" lon="128.174770"></trkpt>
      <trkpt lat="26.627640" lon="128.174100"></trkpt>
      <trkpt lat="26.627850" lon="128.173660"></trkpt>
      <trkpt lat="26.627940" lon="128.173380"></trkpt>
      <trkpt lat="26.627990" lon="128.173180"></trkpt>
      <trkpt lat="26.628030" lon="128.172970"></trkpt>
      <trkpt lat="26.628160" lon="128.172000"></trkpt>
      <trkpt lat="26.628170" lon="128.171850"></trkpt>
      <trkpt lat="26.628240" lon="128.171490"></trkpt>
      <trkpt lat="26.628330" lon="128.171250"></trkpt>
      <trkpt lat="26.628530" lon="128.170900"></trkpt>
      <trkpt lat="26.628550" lon="128.170850"></trkpt>
      <trkpt lat="26.628570" lon="128.170820"></trkpt>
      <trkpt lat="26.628670" lon="128.170600"></trkpt>
      <trkpt lat="26.628700" lon="128.170500"></trkpt>
      <trkpt lat="26.628700" lon="128.170490"></trkpt>
      <trkpt lat="26.628720" lon="128.170440"></trkpt>
      <trkpt lat="26.628730" lon="128.170360"></trkpt>
      <trkpt lat="26.628760" lon="128.170250"></trkpt>
      <trkpt lat="26.628940" lon="128.168560"></trkpt>
      <trkpt lat="26.628970" lon="128.167590"></trkpt>
      <trkpt lat="26.628940" lon="128.166170"></trkpt>
      <trkpt lat="26.628810" lon="128.164300"></trkpt>
      <trkpt lat="26.628800" lon="128.164260"></trkpt>
      <trkpt lat="26.628800" lon="128.164030"></trkpt>
      <trkpt lat="26.628810" lon="128.163940"></trkpt>
      <trkpt lat="26.628810" lon="128.163860"></trkpt>
      <trkpt lat="26.628820" lon="128.163830"></trkpt>
      <trkpt lat="26.628830" lon="128.163740"></trkpt>
      <trkpt lat="26.628870" lon="128.163580"></trkpt>
      <trkpt lat="26.628890" lon="128.163540"></trkpt>
      <trkpt lat="26.628890" lon="128.163530"></trkpt>
      <trkpt lat="26.628910" lon="128.163460"></trkpt>
      <trkpt lat="26.628990" lon="128.163280"></trkpt>
      <trkpt lat="26.629050" lon="128.163190"></trkpt>
      <trkpt lat="26.629080" lon="128.163130"></trkpt>
      <trkpt lat="26.629150" lon="128.163030"></trkpt>
      <trkpt lat="26.629170" lon="128.163010"></trkpt>
      <trkpt lat="26.629210" lon="128.162950"></trkpt>
      <trkpt lat="26.629870" lon="128.162180"></trkpt>
      <trkpt lat="26.630000" lon="128.161990"></trkpt>
      <trkpt lat="26.630020" lon="128.161980"></trkpt>
      <trkpt lat="26.630120" lon="128.161820"></trkpt>
      <trkpt lat="26.630450" lon="128.161350"></trkpt>
      <trkpt lat="26.630450" lon="128.161340"></trkpt>
      <trkpt lat="26.630550" lon="128.161200"></trkpt>
      <trkpt lat="26.630560" lon="128.161180"></trkpt>
      <trkpt lat="26.631020" lon="128.160510"></trkpt>
      <trkpt lat="26.631210" lon="128.160210"></trkpt>
      <trkpt lat="26.631220" lon="128.160200"></trkpt>
      <trkpt lat="26.631310" lon="128.160050"></trkpt>
      <trkpt lat="26.631320" lon="128.160040"></trkpt>
      <trkpt lat="26.631370" lon="128.159950"></trkpt>
      <trkpt lat="26.631430" lon="128.159810"></trkpt>
      <trkpt lat="26.631500" lon="128.159680"></trkpt>
      <trkpt lat="26.631610" lon="128.159370"></trkpt>
      <trkpt lat="26.631670" lon="128.159120"></trkpt>
      <trkpt lat="26.631740" lon="128.158690"></trkpt>
      <trkpt lat="26.631740" lon="128.158580"></trkpt>
      <trkpt lat="26.631770" lon="128.158190"></trkpt>
      <trkpt lat="26.631770" lon="128.158110"></trkpt>
      <trkpt lat="26.631780" lon="128.158060"></trkpt>
      <trkpt lat="26.631870" lon="128.155610"></trkpt>
      <trkpt lat="26.631860" lon="128.155390"></trkpt>
      <trkpt lat="26.631850" lon="128.155320"></trkpt>
      <trkpt lat="26.631840" lon="128.155150"></trkpt>
      <trkpt lat="26.631810" lon="128.154930"></trkpt>
      <trkpt lat="26.631730" lon="128.154590"></trkpt>
      <trkpt lat="26.631680" lon="128.154470"></trkpt>
      <trkpt lat="26.631640" lon="128.154340"></trkpt>
      <trkpt lat="26.631570" lon="128.154170"></trkpt>
      <trkpt lat="26.631400" lon="128.153820"></trkpt>
      <trkpt lat="26.631040" lon="128.153190"></trkpt>
      <trkpt lat="26.630800" lon="128.152670"></trkpt>
      <trkpt lat="26.630700" lon="128.152340"></trkpt>
      <trkpt lat="26.630680" lon="128.152240"></trkpt>
      <trkpt lat="26.630650" lon="128.152160"></trkpt>
      <trkpt lat="26.630530" lon="128.151630"></trkpt>
      <trkpt lat="26.630010" lon="128.148990"></trkpt>
      <trkpt lat="26.629920" lon="128.148660"></trkpt>
      <trkpt lat="26.629890" lon="128.148600"></trkpt>
      <trkpt lat="26.629870" lon="128.148540"></trkpt>
      <trkpt lat="26.629830" lon="128.148450"></trkpt>
      <trkpt lat="26.629750" lon="128.148320"></trkpt>
      <trkpt lat="26.629720" lon="128.148260"></trkpt>
      <trkpt lat="26.629590" lon="128.148100"></trkpt>
      <trkpt lat="26.629500" lon="128.148010"></trkpt>
      <trkpt lat="26.629460" lon="128.147980"></trkpt>
      <trkpt lat="26.629410" lon="128.147930"></trkpt>
      <trkpt lat="26.629300" lon="128.147860"></trkpt>
      <trkpt lat="26.629100" lon="128.147750"></trkpt>
      <trkpt lat="26.628980" lon="128.147710"></trkpt>
      <trkpt lat="26.628910" lon="128.147700"></trkpt>
      <trkpt lat="26.628540" lon="128.147590"></trkpt>
      <trkpt lat="26.628450" lon="128.147570"></trkpt>
      <trkpt lat="26.628320" lon="128.147520"></trkpt>
      <trkpt lat="26.628250" lon="128.147500"></trkpt>
      <trkpt lat="26.628050" lon="128.147400"></trkpt>
      <trkpt lat="26.627950" lon="128.147340"></trkpt>
      <trkpt lat="26.627920" lon="128.147330"></trkpt>
      <trkpt lat="26.627750" lon="128.147210"></trkpt>
      <trkpt lat="26.627590" lon="128.147060"></trkpt>
      <trkpt lat="26.627410" lon="128.146850"></trkpt>
      <trkpt lat="26.627390" lon="128.146840"></trkpt>
      <trkpt lat="26.627290" lon="128.146710"></trkpt>
      <trkpt lat="26.627270" lon="128.146690"></trkpt>
      <trkpt lat="26.627210" lon="128.146600"></trkpt>
      <trkpt lat="26.626950" lon="128.146300"></trkpt>
      <trkpt lat="26.626800" lon="128.146150"></trkpt>
      <trkpt lat="26.626720" lon="128.146080"></trkpt>
      <trkpt lat="26.626620" lon="128.146010"></trkpt>
      <trkpt lat="26.626390" lon="128.145880"></trkpt>
      <trkpt lat="26.626020" lon="128.145740"></trkpt>
      <trkpt lat="26.625890" lon="128.145710"></trkpt>
      <trkpt lat="26.625730" lon="128.145650"></trkpt>
      <trkpt lat="26.625590" lon="128.145620"></trkpt>
      <trkpt lat="26.625550" lon="128.145600"></trkpt>
      <trkpt lat="26.625390" lon="128.145570"></trkpt>
      <trkpt lat="26.624880" lon="128.145520"></trkpt>
      <trkpt lat="26.624630" lon="128.145520"></trkpt>
      <trkpt lat="26.623980" lon="128.145470"></trkpt>
      <trkpt lat="26.623860" lon="128.145470"></trkpt>
      <trkpt lat="26.623800" lon="128.145460"></trkpt>
      <trkpt lat="26.623530" lon="128.145440"></trkpt>
      <trkpt lat="26.623130" lon="128.145390"></trkpt>
      <trkpt lat="26.623080" lon="128.145390"></trkpt>
      <trkpt lat="26.622610" lon="128.145330"></trkpt>
      <trkpt lat="26.622380" lon="128.145330"></trkpt>
      <trkpt lat="26.622290" lon="128.145350"></trkpt>
      <trkpt lat="26.622210" lon="128.145380"></trkpt>
      <trkpt lat="26.622190" lon="128.145380"></trkpt>
      <trkpt lat="26.622140" lon="128.145410"></trkpt>
      <trkpt lat="26.622010" lon="128.145470"></trkpt>
      <trkpt lat="26.621970" lon="128.145500"></trkpt>
      <trkpt lat="26.621870" lon="128.145600"></trkpt>
      <trkpt lat="26.621720" lon="128.145800"></trkpt>
      <trkpt lat="26.621660" lon="128.145900"></trkpt>
      <trkpt lat="26.621650" lon="128.145900"></trkpt>
      <trkpt lat="26.621530" lon="128.146100"></trkpt>
      <trkpt lat="26.621490" lon="128.146180"></trkpt>
      <trkpt lat="26.621330" lon="128.146410"></trkpt>
      <trkpt lat="26.621250" lon="128.146490"></trkpt>
      <trkpt lat="26.621220" lon="128.146530"></trkpt>
      <trkpt lat="26.621180" lon="128.146550"></trkpt>
      <trkpt lat="26.621090" lon="128.146620"></trkpt>
      <trkpt lat="26.620920" lon="128.146720"></trkpt>
      <trkpt lat="26.620820" lon="128.146770"></trkpt>
      <trkpt lat="26.620800" lon="128.146770"></trkpt>
      <trkpt lat="26.620480" lon="128.146890"></trkpt>
      <trkpt lat="26.619780" lon="128.147120"></trkpt>
      <trkpt lat="26.619520" lon="128.147230"></trkpt>
      <trkpt lat="26.619370" lon="128.147310"></trkpt>
      <trkpt lat="26.619010" lon="128.147540"></trkpt>
      <trkpt lat="26.618860" lon="128.147680"></trkpt>
      <trkpt lat="26.617940" lon="128.148650"></trkpt>
      <trkpt lat="26.617720" lon="128.148810"></trkpt>
      <trkpt lat="26.617570" lon="128.148870"></trkpt>
      <trkpt lat="26.617380" lon="128.148900"></trkpt>
      <trkpt lat="26.617110" lon="128.148870"></trkpt>
      <trkpt lat="26.616980" lon="128.148830"></trkpt>
      <trkpt lat="26.616790" lon="128.148740"></trkpt>
      <trkpt lat="26.616400" lon="128.148530"></trkpt>
      <trkpt lat="26.616330" lon="128.148510"></trkpt>
      <trkpt lat="26.616260" lon="128.148480"></trkpt>
      <trkpt lat="26.616060" lon="128.148430"></trkpt>
      <trkpt lat="26.615880" lon="128.148430"></trkpt>
      <trkpt lat="26.615680" lon="128.148460"></trkpt>
      <trkpt lat="26.615610" lon="128.148480"></trkpt>
      <trkpt lat="26.615420" lon="128.148560"></trkpt>
      <trkpt lat="26.615130" lon="128.148720"></trkpt>
      <trkpt lat="26.614440" lon="128.149140"></trkpt>
      <trkpt lat="26.614290" lon="128.149250"></trkpt>
      <trkpt lat="26.614090" lon="128.149430"></trkpt>
      <trkpt lat="26.613940" lon="128.149550"></trkpt>
      <trkpt lat="26.613880" lon="128.149610"></trkpt>
      <trkpt lat="26.613630" lon="128.149780"></trkpt>
      <trkpt lat="26.613590" lon="128.149790"></trkpt>
      <trkpt lat="26.613540" lon="128.149820"></trkpt>
      <trkpt lat="26.613520" lon="128.149820"></trkpt>
      <trkpt lat="26.613470" lon="128.149840"></trkpt>
      <trkpt lat="26.613330" lon="128.149870"></trkpt>
      <trkpt lat="26.613280" lon="128.149870"></trkpt>
      <trkpt lat="26.613240" lon="128.149880"></trkpt>
      <trkpt lat="26.613180" lon="128.149870"></trkpt>
      <trkpt lat="26.613090" lon="128.149870"></trkpt>
      <trkpt lat="26.613030" lon="128.149860"></trkpt>
      <trkpt lat="26.613000" lon="128.149850"></trkpt>
      <trkpt lat="26.612990" lon="128.149850"></trkpt>
      <trkpt lat="26.612940" lon="128.149840"></trkpt>
      <trkpt lat="26.612870" lon="128.149810"></trkpt>
      <trkpt lat="26.612820" lon="128.149780"></trkpt>
      <trkpt lat="26.612770" lon="128.149760"></trkpt>
      <trkpt lat="26.612590" lon="128.149640"></trkpt>
      <trkpt lat="26.612430" lon="128.149480"></trkpt>
      <trkpt lat="26.612400" lon="128.149440"></trkpt>
      <trkpt lat="26.612330" lon="128.149380"></trkpt>
      <trkpt lat="26.612060" lon="128.149030"></trkpt>
      <trkpt lat="26.611380" lon="128.148040"></trkpt>
      <trkpt lat="26.611220" lon="128.147680"></trkpt>
      <trkpt lat="26.611180" lon="128.147560"></trkpt>
      <trkpt lat="26.611130" lon="128.147370"></trkpt>
      <trkpt lat="26.611100" lon="128.147290"></trkpt>
      <trkpt lat="26.610960" lon="128.146730"></trkpt>
      <trkpt lat="26.610950" lon="128.146710"></trkpt>
      <trkpt lat="26.610500" lon="128.144990"></trkpt>
      <trkpt lat="26.610450" lon="128.144850"></trkpt>
      <trkpt lat="26.610440" lon="128.144810"></trkpt>
      <trkpt lat="26.610360" lon="128.144640"></trkpt>
      <trkpt lat="26.610350" lon="128.144630"></trkpt>
      <trkpt lat="26.610310" lon="128.144560"></trkpt>
      <trkpt lat="26.610240" lon="128.144470"></trkpt>
      <trkpt lat="26.610160" lon="128.144400"></trkpt>
      <trkpt lat="26.610160" lon="128.144390"></trkpt>
      <trkpt lat="26.610130" lon="128.144370"></trkpt>
      <trkpt lat="26.610090" lon="128.144330"></trkpt>
      <trkpt lat="26.610030" lon="128.144290"></trkpt>
      <trkpt lat="26.609740" lon="128.144170"></trkpt>
      <trkpt lat="26.609560" lon="128.144130"></trkpt>
      <trkpt lat="26.609030" lon="128.144040"></trkpt>
      <trkpt lat="26.608820" lon="128.143950"></trkpt>
      <trkpt lat="26.608670" lon="128.143860"></trkpt>
      <trkpt lat="26.608600" lon="128.143810"></trkpt>
      <trkpt lat="26.608440" lon="128.143660"></trkpt>
      <trkpt lat="26.608080" lon="128.143260"></trkpt>
      <trkpt lat="26.607980" lon="128.143170"></trkpt>
      <trkpt lat="26.607880" lon="128.143100"></trkpt>
      <trkpt lat="26.607850" lon="128.143090"></trkpt>
      <trkpt lat="26.607720" lon="128.143030"></trkpt>
      <trkpt lat="26.607710" lon="128.143020"></trkpt>
      <trkpt lat="26.607590" lon="128.142990"></trkpt>
      <trkpt lat="26.607450" lon="128.142990"></trkpt>
      <trkpt lat="26.607330" lon="128.143010"></trkpt>
      <trkpt lat="26.607150" lon="128.143070"></trkpt>
      <trkpt lat="26.607100" lon="128.143110"></trkpt>
      <trkpt lat="26.607040" lon="128.143140"></trkpt>
      <trkpt lat="26.607020" lon="128.143160"></trkpt>
      <trkpt lat="26.606990" lon="128.143180"></trkpt>
      <trkpt lat="26.606950" lon="128.143220"></trkpt>
      <trkpt lat="26.606900" lon="128.143260"></trkpt>
      <trkpt lat="26.606890" lon="128.143280"></trkpt>
      <trkpt lat="26.606830" lon="128.143340"></trkpt>
      <trkpt lat="26.606460" lon="128.143840"></trkpt>
      <trkpt lat="26.606330" lon="128.144040"></trkpt>
      <trkpt lat="26.606310" lon="128.144060"></trkpt>
      <trkpt lat="26.606090" lon="128.144370"></trkpt>
      <trkpt lat="26.606070" lon="128.144390"></trkpt>
      <trkpt lat="26.605480" lon="128.145200"></trkpt>
      <trkpt lat="26.605430" lon="128.145240"></trkpt>
      <trkpt lat="26.605390" lon="128.145290"></trkpt>
      <trkpt lat="26.605330" lon="128.145350"></trkpt>
      <trkpt lat="26.605140" lon="128.145470"></trkpt>
      <trkpt lat="26.605020" lon="128.145520"></trkpt>
      <trkpt lat="26.604850" lon="128.145560"></trkpt>
      <trkpt lat="26.604680" lon="128.145560"></trkpt>
      <trkpt lat="26.604510" lon="128.145520"></trkpt>
      <trkpt lat="26.604460" lon="128.145500"></trkpt>
      <trkpt lat="26.604310" lon="128.145420"></trkpt>
      <trkpt lat="26.604130" lon="128.145280"></trkpt>
      <trkpt lat="26.604100" lon="128.145240"></trkpt>
      <trkpt lat="26.604040" lon="128.145180"></trkpt>
      <trkpt lat="26.604000" lon="128.145130"></trkpt>
      <trkpt lat="26.603930" lon="128.145020"></trkpt>
      <trkpt lat="26.603750" lon="128.144680"></trkpt>
      <trkpt lat="26.603610" lon="128.144150"></trkpt>
      <trkpt lat="26.603510" lon="128.143660"></trkpt>
      <trkpt lat="26.603460" lon="128.143470"></trkpt>
      <trkpt lat="26.603420" lon="128.143270"></trkpt>
      <trkpt lat="26.603410" lon="128.143240"></trkpt>
      <trkpt lat="26.603380" lon="128.143080"></trkpt>
      <trkpt lat="26.603280" lon="128.142690"></trkpt>
      <trkpt lat="26.603190" lon="128.142270"></trkpt>
      <trkpt lat="26.603170" lon="128.142220"></trkpt>
      <trkpt lat="26.603160" lon="128.142140"></trkpt>
      <trkpt lat="26.603070" lon="128.141750"></trkpt>
      <trkpt lat="26.603070" lon="128.141740"></trkpt>
      <trkpt lat="26.603020" lon="128.141550"></trkpt>
      <trkpt lat="26.603010" lon="128.141530"></trkpt>
      <trkpt lat="26.602970" lon="128.141410"></trkpt>
      <trkpt lat="26.602960" lon="128.141360"></trkpt>
      <trkpt lat="26.602930" lon="128.141280"></trkpt>
      <trkpt lat="26.602620" lon="128.140600"></trkpt>
      <trkpt lat="26.602500" lon="128.140270"></trkpt>
      <trkpt lat="26.602460" lon="128.139970"></trkpt>
      <trkpt lat="26.602460" lon="128.139870"></trkpt>
      <trkpt lat="26.602500" lon="128.139610"></trkpt>
      <trkpt lat="26.602600" lon="128.139340"></trkpt>
      <trkpt lat="26.602770" lon="128.139040"></trkpt>
      <trkpt lat="26.603020" lon="128.138670"></trkpt>
      <trkpt lat="26.603100" lon="128.138530"></trkpt>
      <trkpt lat="26.603230" lon="128.138250"></trkpt>
      <trkpt lat="26.603310" lon="128.138020"></trkpt>
      <trkpt lat="26.603360" lon="128.137830"></trkpt>
      <trkpt lat="26.603520" lon="128.137050"></trkpt>
      <trkpt lat="26.603600" lon="128.136810"></trkpt>
      <trkpt lat="26.603680" lon="128.136610"></trkpt>
      <trkpt lat="26.603750" lon="128.136500"></trkpt>
      <trkpt lat="26.603810" lon="128.136380"></trkpt>
      <trkpt lat="26.603850" lon="128.136340"></trkpt>
      <trkpt lat="26.603960" lon="128.136180"></trkpt>
      <trkpt lat="26.604340" lon="128.135780"></trkpt>
      <trkpt lat="26.604350" lon="128.135760"></trkpt>
      <trkpt lat="26.604860" lon="128.135250"></trkpt>
      <trkpt lat="26.605160" lon="128.134980"></trkpt>
      <trkpt lat="26.605870" lon="128.134520"></trkpt>
      <trkpt lat="26.606930" lon="128.133890"></trkpt>
      <trkpt lat="26.607100" lon="128.133770"></trkpt>
      <trkpt lat="26.607350" lon="128.133530"></trkpt>
      <trkpt lat="26.607480" lon="128.133360"></trkpt>
      <trkpt lat="26.607560" lon="128.133240"></trkpt>
      <trkpt lat="26.607650" lon="128.133070"></trkpt>
      <trkpt lat="26.607760" lon="128.132800"></trkpt>
      <trkpt lat="26.607810" lon="128.132630"></trkpt>
      <trkpt lat="26.607840" lon="128.132480"></trkpt>
      <trkpt lat="26.607870" lon="128.132140"></trkpt>
      <trkpt lat="26.607850" lon="128.131930"></trkpt>
      <trkpt lat="26.607850" lon="128.131850"></trkpt>
      <trkpt lat="26.607690" lon="128.130900"></trkpt>
      <trkpt lat="26.607680" lon="128.130890"></trkpt>
      <trkpt lat="26.607610" lon="128.130460"></trkpt>
      <trkpt lat="26.607550" lon="128.130270"></trkpt>
      <trkpt lat="26.607520" lon="128.130200"></trkpt>
      <trkpt lat="26.607500" lon="128.130130"></trkpt>
      <trkpt lat="26.607400" lon="128.129950"></trkpt>
      <trkpt lat="26.607400" lon="128.129940"></trkpt>
      <trkpt lat="26.607310" lon="128.129820"></trkpt>
      <trkpt lat="26.607210" lon="128.129720"></trkpt>
      <trkpt lat="26.606900" lon="128.129480"></trkpt>
      <trkpt lat="26.605890" lon="128.128860"></trkpt>
      <trkpt lat="26.605690" lon="128.128720"></trkpt>
      <trkpt lat="26.605560" lon="128.128610"></trkpt>
      <trkpt lat="26.605490" lon="128.128540"></trkpt>
      <trkpt lat="26.605380" lon="128.128380"></trkpt>
      <trkpt lat="26.605310" lon="128.128250"></trkpt>
      <trkpt lat="26.605250" lon="128.128060"></trkpt>
      <trkpt lat="26.605210" lon="128.127860"></trkpt>
      <trkpt lat="26.605100" lon="128.126660"></trkpt>
      <trkpt lat="26.605120" lon="128.126440"></trkpt>
      <trkpt lat="26.605120" lon="128.126390"></trkpt>
      <trkpt lat="26.605140" lon="128.126290"></trkpt>
      <trkpt lat="26.605210" lon="128.126080"></trkpt>
      <trkpt lat="26.605260" lon="128.125970"></trkpt>
      <trkpt lat="26.605400" lon="128.125750"></trkpt>
      <trkpt lat="26.605820" lon="128.125220"></trkpt>
      <trkpt lat="26.605930" lon="128.125030"></trkpt>
      <trkpt lat="26.605990" lon="128.124900"></trkpt>
      <trkpt lat="26.606030" lon="128.124740"></trkpt>
      <trkpt lat="26.606040" lon="128.124630"></trkpt>
      <trkpt lat="26.606030" lon="128.124460"></trkpt>
      <trkpt lat="26.606000" lon="128.124280"></trkpt>
      <trkpt lat="26.605940" lon="128.124130"></trkpt>
      <trkpt lat="26.605870" lon="128.124010"></trkpt>
      <trkpt lat="26.605740" lon="128.123820"></trkpt>
      <trkpt lat="26.605610" lon="128.123710"></trkpt>
      <trkpt lat="26.605540" lon="128.123670"></trkpt>
      <trkpt lat="26.605520" lon="128.123650"></trkpt>
      <trkpt lat="26.605150" lon="128.123510"></trkpt>
      <trkpt lat="26.605030" lon="128.123480"></trkpt>
      <trkpt lat="26.604850" lon="128.123420"></trkpt>
      <trkpt lat="26.604830" lon="128.123420"></trkpt>
      <trkpt lat="26.604500" lon="128.123330"></trkpt>
      <trkpt lat="26.604330" lon="128.123300"></trkpt>
      <trkpt lat="26.604300" lon="128.123290"></trkpt>
      <trkpt lat="26.604070" lon="128.123260"></trkpt>
      <trkpt lat="26.603830" lon="128.123260"></trkpt>
      <trkpt lat="26.603410" lon="128.123300"></trkpt>
      <trkpt lat="26.602970" lon="128.123410"></trkpt>
      <trkpt lat="26.602550" lon="128.123590"></trkpt>
      <trkpt lat="26.600780" lon="128.124640"></trkpt>
      <trkpt lat="26.600730" lon="128.124660"></trkpt>
      <trkpt lat="26.599890" lon="128.125080"></trkpt>
      <trkpt lat="26.599250" lon="128.125330"></trkpt>
      <trkpt lat="26.599240" lon="128.125330"></trkpt>
      <trkpt lat="26.598620" lon="128.125590"></trkpt>
      <trkpt lat="26.598450" lon="128.125690"></trkpt>
      <trkpt lat="26.598330" lon="128.125750"></trkpt>
      <trkpt lat="26.597860" lon="128.126060"></trkpt>
      <trkpt lat="26.597800" lon="128.126120"></trkpt>
      <trkpt lat="26.597720" lon="128.126180"></trkpt>
      <trkpt lat="26.597330" lon="128.126540"></trkpt>
      <trkpt lat="26.597030" lon="128.126860"></trkpt>
      <trkpt lat="26.596800" lon="128.127050"></trkpt>
      <trkpt lat="26.596530" lon="128.127200"></trkpt>
      <trkpt lat="26.596340" lon="128.127260"></trkpt>
      <trkpt lat="26.596230" lon="128.127280"></trkpt>
      <trkpt lat="26.596030" lon="128.127300"></trkpt>
      <trkpt lat="26.595500" lon="128.127300"></trkpt>
      <trkpt lat="26.595430" lon="128.127310"></trkpt>
      <trkpt lat="26.595380" lon="128.127310"></trkpt>
      <trkpt lat="26.595320" lon="128.127320"></trkpt>
      <trkpt lat="26.595270" lon="128.127340"></trkpt>
      <trkpt lat="26.595210" lon="128.127350"></trkpt>
      <trkpt lat="26.595160" lon="128.127370"></trkpt>
      <trkpt lat="26.595090" lon="128.127390"></trkpt>
      <trkpt lat="26.594970" lon="128.127440"></trkpt>
      <trkpt lat="26.594960" lon="128.127450"></trkpt>
      <trkpt lat="26.594910" lon="128.127470"></trkpt>
      <trkpt lat="26.594720" lon="128.127600"></trkpt>
      <trkpt lat="26.594690" lon="128.127610"></trkpt>
      <trkpt lat="26.594370" lon="128.127830"></trkpt>
      <trkpt lat="26.594250" lon="128.127900"></trkpt>
      <trkpt lat="26.594130" lon="128.127950"></trkpt>
      <trkpt lat="26.594120" lon="128.127960"></trkpt>
      <trkpt lat="26.593010" lon="128.128340"></trkpt>
      <trkpt lat="26.592930" lon="128.128380"></trkpt>
      <trkpt lat="26.592830" lon="128.128420"></trkpt>
      <trkpt lat="26.592670" lon="128.128500"></trkpt>
      <trkpt lat="26.592510" lon="128.128610"></trkpt>
      <trkpt lat="26.592450" lon="128.128640"></trkpt>
      <trkpt lat="26.592310" lon="128.128740"></trkpt>
      <trkpt lat="26.592120" lon="128.128860"></trkpt>
      <trkpt lat="26.592050" lon="128.128920"></trkpt>
      <trkpt lat="26.591980" lon="128.128970"></trkpt>
      <trkpt lat="26.591960" lon="128.128980"></trkpt>
      <trkpt lat="26.590980" lon="128.129760"></trkpt>
      <trkpt lat="26.590940" lon="128.129800"></trkpt>
      <trkpt lat="26.590820" lon="128.129880"></trkpt>
      <trkpt lat="26.590760" lon="128.129900"></trkpt>
      <trkpt lat="26.590720" lon="128.129920"></trkpt>
      <trkpt lat="26.590670" lon="128.129930"></trkpt>
      <trkpt lat="26.590540" lon="128.129930"></trkpt>
      <trkpt lat="26.590470" lon="128.129920"></trkpt>
      <trkpt lat="26.590420" lon="128.129920"></trkpt>
      <trkpt lat="26.590150" lon="128.129870"></trkpt>
      <trkpt lat="26.590120" lon="128.129870"></trkpt>
      <trkpt lat="26.590080" lon="128.129860"></trkpt>
      <trkpt lat="26.590060" lon="128.129850"></trkpt>
      <trkpt lat="26.590010" lon="128.129840"></trkpt>
      <trkpt lat="26.589970" lon="128.129820"></trkpt>
      <trkpt lat="26.589850" lon="128.129740"></trkpt>
      <trkpt lat="26.589820" lon="128.129710"></trkpt>
      <trkpt lat="26.589760" lon="128.129620"></trkpt>
      <trkpt lat="26.589740" lon="128.129580"></trkpt>
      <trkpt lat="26.589730" lon="128.129550"></trkpt>
      <trkpt lat="26.589710" lon="128.129510"></trkpt>
      <trkpt lat="26.589700" lon="128.129470"></trkpt>
      <trkpt lat="26.589700" lon="128.129430"></trkpt>
      <trkpt lat="26.589680" lon="128.129290"></trkpt>
      <trkpt lat="26.589670" lon="128.128710"></trkpt>
      <trkpt lat="26.589660" lon="128.128670"></trkpt>
      <trkpt lat="26.589660" lon="128.128600"></trkpt>
      <trkpt lat="26.589640" lon="128.128530"></trkpt>
      <trkpt lat="26.589640" lon="128.128510"></trkpt>
      <trkpt lat="26.589630" lon="128.128490"></trkpt>
      <trkpt lat="26.589610" lon="128.128410"></trkpt>
      <trkpt lat="26.589590" lon="128.128380"></trkpt>
      <trkpt lat="26.589570" lon="128.128330"></trkpt>
      <trkpt lat="26.589520" lon="128.128270"></trkpt>
      <trkpt lat="26.589510" lon="128.128250"></trkpt>
      <trkpt lat="26.589330" lon="128.128060"></trkpt>
      <trkpt lat="26.589320" lon="128.128030"></trkpt>
      <trkpt lat="26.589300" lon="128.128020"></trkpt>
      <trkpt lat="26.589290" lon="128.127990"></trkpt>
      <trkpt lat="26.589260" lon="128.127940"></trkpt>
      <trkpt lat="26.589250" lon="128.127910"></trkpt>
      <trkpt lat="26.589230" lon="128.127870"></trkpt>
      <trkpt lat="26.589220" lon="128.127830"></trkpt>
      <trkpt lat="26.589210" lon="128.127810"></trkpt>
      <trkpt lat="26.589210" lon="128.127790"></trkpt>
      <trkpt lat="26.589190" lon="128.127710"></trkpt>
      <trkpt lat="26.589190" lon="128.127670"></trkpt>
      <trkpt lat="26.589180" lon="128.127650"></trkpt>
      <trkpt lat="26.589180" lon="128.127630"></trkpt>
      <trkpt lat="26.589130" lon="128.127510"></trkpt>
      <trkpt lat="26.589100" lon="128.127480"></trkpt>
      <trkpt lat="26.589090" lon="128.127460"></trkpt>
      <trkpt lat="26.589040" lon="128.127410"></trkpt>
      <trkpt lat="26.589020" lon="128.127400"></trkpt>
      <trkpt lat="26.589000" lon="128.127380"></trkpt>
      <trkpt lat="26.588920" lon="128.127340"></trkpt>
      <trkpt lat="26.588890" lon="128.127330"></trkpt>
      <trkpt lat="26.588850" lon="128.127330"></trkpt>
      <trkpt lat="26.588830" lon="128.127320"></trkpt>
      <trkpt lat="26.588030" lon="128.127300"></trkpt>
      <trkpt lat="26.588000" lon="128.127310"></trkpt>
      <trkpt lat="26.587980" lon="128.127310"></trkpt>
      <trkpt lat="26.587960" lon="128.127320"></trkpt>
      <trkpt lat="26.587940" lon="128.127320"></trkpt>
      <trkpt lat="26.587920" lon="128.127330"></trkpt>
      <trkpt lat="26.587910" lon="128.127340"></trkpt>
      <trkpt lat="26.587880" lon="128.127350"></trkpt>
      <trkpt lat="26.587870" lon="128.127360"></trkpt>
      <trkpt lat="26.587860" lon="128.127360"></trkpt>
      <trkpt lat="26.587840" lon="128.127380"></trkpt>
      <trkpt lat="26.587790" lon="128.127410"></trkpt>
      <trkpt lat="26.587780" lon="128.127430"></trkpt>
      <trkpt lat="26.587720" lon="128.127490"></trkpt>
      <trkpt lat="26.587700" lon="128.127540"></trkpt>
      <trkpt lat="26.587680" lon="128.127560"></trkpt>
      <trkpt lat="26.587670" lon="128.127580"></trkpt>
      <trkpt lat="26.587660" lon="128.127620"></trkpt>
      <trkpt lat="26.587640" lon="128.127650"></trkpt>
      <trkpt lat="26.587570" lon="128.127880"></trkpt>
      <trkpt lat="26.587550" lon="128.127930"></trkpt>
      <trkpt lat="26.587550" lon="128.127940"></trkpt>
      <trkpt lat="26.587510" lon="128.128010"></trkpt>
      <trkpt lat="26.587410" lon="128.128110"></trkpt>
      <trkpt lat="26.587390" lon="128.128120"></trkpt>
      <trkpt lat="26.587380" lon="128.128130"></trkpt>
      <trkpt lat="26.587360" lon="128.128130"></trkpt>
      <trkpt lat="26.587310" lon="128.128150"></trkpt>
      <trkpt lat="26.587280" lon="128.128150"></trkpt>
      <trkpt lat="26.587250" lon="128.128160"></trkpt>
      <trkpt lat="26.587150" lon="128.128160"></trkpt>
      <trkpt lat="26.587130" lon="128.128150"></trkpt>
      <trkpt lat="26.587110" lon="128.128150"></trkpt>
      <trkpt lat="26.586920" lon="128.128060"></trkpt>
      <trkpt lat="26.586840" lon="128.128040"></trkpt>
      <trkpt lat="26.586770" lon="128.128040"></trkpt>
      <trkpt lat="26.586740" lon="128.128050"></trkpt>
      <trkpt lat="26.586730" lon="128.128050"></trkpt>
      <trkpt lat="26.586710" lon="128.128060"></trkpt>
      <trkpt lat="26.586690" lon="128.128060"></trkpt>
      <trkpt lat="26.586630" lon="128.128090"></trkpt>
      <trkpt lat="26.586600" lon="128.128110"></trkpt>
      <trkpt lat="26.586570" lon="128.128140"></trkpt>
      <trkpt lat="26.586560" lon="128.128140"></trkpt>
      <trkpt lat="26.586280" lon="128.128490"></trkpt>
      <trkpt lat="26.586170" lon="128.128580"></trkpt>
      <trkpt lat="26.586140" lon="128.128610"></trkpt>
      <trkpt lat="26.586080" lon="128.128650"></trkpt>
      <trkpt lat="26.586050" lon="128.128660"></trkpt>
      <trkpt lat="26.586020" lon="128.128680"></trkpt>
      <trkpt lat="26.585970" lon="128.128690"></trkpt>
      <trkpt lat="26.585890" lon="128.128720"></trkpt>
      <trkpt lat="26.585780" lon="128.128750"></trkpt>
      <trkpt lat="26.585580" lon="128.128780"></trkpt>
      <trkpt lat="26.585540" lon="128.128790"></trkpt>
      <trkpt lat="26.585480" lon="128.128790"></trkpt>
      <trkpt lat="26.585460" lon="128.128780"></trkpt>
      <trkpt lat="26.585410" lon="128.128780"></trkpt>
      <trkpt lat="26.585270" lon="128.128730"></trkpt>
      <trkpt lat="26.585230" lon="128.128710"></trkpt>
      <trkpt lat="26.584980" lon="128.128540"></trkpt>
      <trkpt lat="26.584930" lon="128.128490"></trkpt>
      <trkpt lat="26.584850" lon="128.128440"></trkpt>
      <trkpt lat="26.584780" lon="128.128380"></trkpt>
      <trkpt lat="26.584750" lon="128.128360"></trkpt>
      <trkpt lat="26.584550" lon="128.128160"></trkpt>
      <trkpt lat="26.584270" lon="128.127840"></trkpt>
      <trkpt lat="26.584260" lon="128.127820"></trkpt>
      <trkpt lat="26.584160" lon="128.127690"></trkpt>
      <trkpt lat="26.584130" lon="128.127660"></trkpt>
      <trkpt lat="26.584120" lon="128.127630"></trkpt>
      <trkpt lat="26.584100" lon="128.127610"></trkpt>
      <trkpt lat="26.584080" lon="128.127570"></trkpt>
      <trkpt lat="26.584080" lon="128.127560"></trkpt>
      <trkpt lat="26.584070" lon="128.127530"></trkpt>
      <trkpt lat="26.584040" lon="128.127470"></trkpt>
      <trkpt lat="26.584020" lon="128.127390"></trkpt>
      <trkpt lat="26.584010" lon="128.127380"></trkpt>
      <trkpt lat="26.584000" lon="128.127330"></trkpt>
      <trkpt lat="26.584000" lon="128.127270"></trkpt>
      <trkpt lat="26.583990" lon="128.127240"></trkpt>
      <trkpt lat="26.583990" lon="128.127070"></trkpt>
      <trkpt lat="26.584020" lon="128.126910"></trkpt>
      <trkpt lat="26.584030" lon="128.126890"></trkpt>
      <trkpt lat="26.584040" lon="128.126850"></trkpt>
      <trkpt lat="26.584210" lon="128.126400"></trkpt>
      <trkpt lat="26.584230" lon="128.126360"></trkpt>
      <trkpt lat="26.584270" lon="128.126250"></trkpt>
      <trkpt lat="26.584290" lon="128.126220"></trkpt>
      <trkpt lat="26.584320" lon="128.126140"></trkpt>
      <trkpt lat="26.584380" lon="128.126050"></trkpt>
      <trkpt lat="26.584380" lon="128.126040"></trkpt>
      <trkpt lat="26.584600" lon="128.125730"></trkpt>
      <trkpt lat="26.584670" lon="128.125650"></trkpt>
      <trkpt lat="26.584730" lon="128.125550"></trkpt>
      <trkpt lat="26.584740" lon="128.125520"></trkpt>
      <trkpt lat="26.584760" lon="128.125480"></trkpt>
      <trkpt lat="26.584790" lon="128.125360"></trkpt>
      <trkpt lat="26.584790" lon="128.125310"></trkpt>
      <trkpt lat="26.584800" lon="128.125270"></trkpt>
      <trkpt lat="26.584790" lon="128.125210"></trkpt>
      <trkpt lat="26.584790" lon="128.125160"></trkpt>
      <trkpt lat="26.584750" lon="128.125010"></trkpt>
      <trkpt lat="26.584730" lon="128.124970"></trkpt>
      <trkpt lat="26.584730" lon="128.124960"></trkpt>
      <trkpt lat="26.584670" lon="128.124860"></trkpt>
      <trkpt lat="26.584660" lon="128.124850"></trkpt>
      <trkpt lat="26.584640" lon="128.124820"></trkpt>
      <trkpt lat="26.584620" lon="128.124810"></trkpt>
      <trkpt lat="26.584530" lon="128.124700"></trkpt>
      <trkpt lat="26.584420" lon="128.124590"></trkpt>
      <trkpt lat="26.584400" lon="128.124560"></trkpt>
      <trkpt lat="26.584340" lon="128.124500"></trkpt>
      <trkpt lat="26.583960" lon="128.124000"></trkpt>
      <trkpt lat="26.583920" lon="128.123960"></trkpt>
      <trkpt lat="26.583920" lon="128.123950"></trkpt>
      <trkpt lat="26.583890" lon="128.123900"></trkpt>
      <trkpt lat="26.583830" lon="128.123820"></trkpt>
      <trkpt lat="26.583640" lon="128.123480"></trkpt>
      <trkpt lat="26.583170" lon="128.122450"></trkpt>
      <trkpt lat="26.583140" lon="128.122410"></trkpt>
      <trkpt lat="26.583120" lon="128.122390"></trkpt>
      <trkpt lat="26.583100" lon="128.122360"></trkpt>
      <trkpt lat="26.583060" lon="128.122330"></trkpt>
      <trkpt lat="26.583030" lon="128.122300"></trkpt>
      <trkpt lat="26.582960" lon="128.122250"></trkpt>
      <trkpt lat="26.582920" lon="128.122240"></trkpt>
      <trkpt lat="26.582890" lon="128.122220"></trkpt>
      <trkpt lat="26.582860" lon="128.122210"></trkpt>
      <trkpt lat="26.582820" lon="128.122210"></trkpt>
      <trkpt lat="26.582790" lon="128.122200"></trkpt>
      <trkpt lat="26.582720" lon="128.122200"></trkpt>
      <trkpt lat="26.582610" lon="128.122190"></trkpt>
      <trkpt lat="26.582240" lon="128.122200"></trkpt>
      <trkpt lat="26.582220" lon="128.122190"></trkpt>
      <trkpt lat="26.582180" lon="128.122190"></trkpt>
      <trkpt lat="26.582020" lon="128.122150"></trkpt>
      <trkpt lat="26.581860" lon="128.122050"></trkpt>
      <trkpt lat="26.581850" lon="128.122040"></trkpt>
      <trkpt lat="26.581590" lon="128.121850"></trkpt>
      <trkpt lat="26.581590" lon="128.121840"></trkpt>
      <trkpt lat="26.580400" lon="128.120940"></trkpt>
      <trkpt lat="26.580240" lon="128.120830"></trkpt>
      <trkpt lat="26.580140" lon="128.120750"></trkpt>
      <trkpt lat="26.579950" lon="128.120650"></trkpt>
      <trkpt lat="26.579810" lon="128.120600"></trkpt>
      <trkpt lat="26.579680" lon="128.120580"></trkpt>
      <trkpt lat="26.579540" lon="128.120580"></trkpt>
      <trkpt lat="26.579410" lon="128.120600"></trkpt>
      <trkpt lat="26.579310" lon="128.120630"></trkpt>
      <trkpt lat="26.579140" lon="128.120720"></trkpt>
      <trkpt lat="26.579010" lon="128.120800"></trkpt>
      <trkpt lat="26.578490" lon="128.121180"></trkpt>
      <trkpt lat="26.578340" lon="128.121320"></trkpt>
      <trkpt lat="26.578270" lon="128.121400"></trkpt>
      <trkpt lat="26.578160" lon="128.121560"></trkpt>
      <trkpt lat="26.577690" lon="128.122380"></trkpt>
      <trkpt lat="26.577690" lon="128.122390"></trkpt>
      <trkpt lat="26.577490" lon="128.122670"></trkpt>
      <trkpt lat="26.576880" lon="128.123280"></trkpt>
      <trkpt lat="26.576810" lon="128.123340"></trkpt>
      <trkpt lat="26.576700" lon="128.123400"></trkpt>
      <trkpt lat="26.576650" lon="128.123420"></trkpt>
      <trkpt lat="26.576600" lon="128.123430"></trkpt>
      <trkpt lat="26.576540" lon="128.123450"></trkpt>
      <trkpt lat="26.576340" lon="128.123450"></trkpt>
      <trkpt lat="26.575780" lon="128.123420"></trkpt>
      <trkpt lat="26.575680" lon="128.123400"></trkpt>
      <trkpt lat="26.575480" lon="128.123330"></trkpt>
      <trkpt lat="26.575320" lon="128.123240"></trkpt>
      <trkpt lat="26.575250" lon="128.123190"></trkpt>
      <trkpt lat="26.575130" lon="128.123080"></trkpt>
      <trkpt lat="26.575030" lon="128.122950"></trkpt>
      <trkpt lat="26.574930" lon="128.122850"></trkpt>
      <trkpt lat="26.574820" lon="128.122760"></trkpt>
      <trkpt lat="26.574630" lon="128.122660"></trkpt>
      <trkpt lat="26.573570" lon="128.122300"></trkpt>
      <trkpt lat="26.573370" lon="128.122220"></trkpt>
      <trkpt lat="26.573220" lon="128.122140"></trkpt>
      <trkpt lat="26.573130" lon="128.122070"></trkpt>
      <trkpt lat="26.573030" lon="128.121930"></trkpt>
      <trkpt lat="26.572960" lon="128.121760"></trkpt>
      <trkpt lat="26.572940" lon="128.121580"></trkpt>
      <trkpt lat="26.572940" lon="128.121470"></trkpt>
      <trkpt lat="26.572990" lon="128.121280"></trkpt>
      <trkpt lat="26.573020" lon="128.121230"></trkpt>
      <trkpt lat="26.573050" lon="128.121140"></trkpt>
      <trkpt lat="26.573210" lon="128.120780"></trkpt>
      <trkpt lat="26.573300" lon="128.120540"></trkpt>
      <trkpt lat="26.573340" lon="128.120400"></trkpt>
      <trkpt lat="26.573390" lon="128.120150"></trkpt>
      <trkpt lat="26.573410" lon="128.120000"></trkpt>
      <trkpt lat="26.573410" lon="128.119580"></trkpt>
      <trkpt lat="26.573400" lon="128.119550"></trkpt>
      <trkpt lat="26.573390" lon="128.119410"></trkpt>
      <trkpt lat="26.573350" lon="128.119210"></trkpt>
      <trkpt lat="26.573300" lon="128.119030"></trkpt>
      <trkpt lat="26.573180" lon="128.118730"></trkpt>
      <trkpt lat="26.573150" lon="128.118670"></trkpt>
      <trkpt lat="26.573110" lon="128.118610"></trkpt>
      <trkpt lat="26.573090" lon="128.118570"></trkpt>
      <trkpt lat="26.572950" lon="128.118360"></trkpt>
      <trkpt lat="26.572800" lon="128.118190"></trkpt>
      <trkpt lat="26.572710" lon="128.118100"></trkpt>
      <trkpt lat="26.572480" lon="128.117910"></trkpt>
      <trkpt lat="26.572320" lon="128.117810"></trkpt>
      <trkpt lat="26.572310" lon="128.117810"></trkpt>
      <trkpt lat="26.572160" lon="128.117730"></trkpt>
      <trkpt lat="26.571850" lon="128.117630"></trkpt>
      <trkpt lat="26.571620" lon="128.117590"></trkpt>
      <trkpt lat="26.571520" lon="128.117590"></trkpt>
      <trkpt lat="26.571450" lon="128.117580"></trkpt>
      <trkpt lat="26.569860" lon="128.117540"></trkpt>
      <trkpt lat="26.569460" lon="128.117500"></trkpt>
      <trkpt lat="26.569110" lon="128.117480"></trkpt>
      <trkpt lat="26.569080" lon="128.117470"></trkpt>
      <trkpt lat="26.567740" lon="128.117360"></trkpt>
      <trkpt lat="26.567650" lon="128.117360"></trkpt>
      <trkpt lat="26.567650" lon="128.117350"></trkpt>
      <trkpt lat="26.567480" lon="128.117340"></trkpt>
      <trkpt lat="26.567290" lon="128.117310"></trkpt>
      <trkpt lat="26.567260" lon="128.117310"></trkpt>
      <trkpt lat="26.567130" lon="128.117280"></trkpt>
      <trkpt lat="26.566980" lon="128.117210"></trkpt>
      <trkpt lat="26.566950" lon="128.117190"></trkpt>
      <trkpt lat="26.566900" lon="128.117170"></trkpt>
      <trkpt lat="26.566870" lon="128.117140"></trkpt>
      <trkpt lat="26.566830" lon="128.117110"></trkpt>
      <trkpt lat="26.566710" lon="128.116990"></trkpt>
      <trkpt lat="26.566670" lon="128.116940"></trkpt>
      <trkpt lat="26.566540" lon="128.116710"></trkpt>
      <trkpt lat="26.566470" lon="128.116510"></trkpt>
      <trkpt lat="26.566230" lon="128.115940"></trkpt>
      <trkpt lat="26.566160" lon="128.115820"></trkpt>
      <trkpt lat="26.566080" lon="128.115740"></trkpt>
      <trkpt lat="26.565980" lon="128.115670"></trkpt>
      <trkpt lat="26.565930" lon="128.115650"></trkpt>
      <trkpt lat="26.565900" lon="128.115630"></trkpt>
      <trkpt lat="26.565780" lon="128.115600"></trkpt>
      <trkpt lat="26.565740" lon="128.115600"></trkpt>
      <trkpt lat="26.565700" lon="128.115590"></trkpt>
      <trkpt lat="26.565660" lon="128.115590"></trkpt>
      <trkpt lat="26.565570" lon="128.115610"></trkpt>
      <trkpt lat="26.565540" lon="128.115610"></trkpt>
      <trkpt lat="26.565500" lon="128.115630"></trkpt>
      <trkpt lat="26.565460" lon="128.115640"></trkpt>
      <trkpt lat="26.565420" lon="128.115660"></trkpt>
      <trkpt lat="26.565410" lon="128.115670"></trkpt>
      <trkpt lat="26.565290" lon="128.115730"></trkpt>
      <trkpt lat="26.565250" lon="128.115760"></trkpt>
      <trkpt lat="26.563510" lon="128.116750"></trkpt>
      <trkpt lat="26.563350" lon="128.116820"></trkpt>
      <trkpt lat="26.563180" lon="128.116860"></trkpt>
      <trkpt lat="26.563120" lon="128.116860"></trkpt>
      <trkpt lat="26.563090" lon="128.116870"></trkpt>
      <trkpt lat="26.563050" lon="128.116870"></trkpt>
      <trkpt lat="26.563010" lon="128.116860"></trkpt>
      <trkpt lat="26.562950" lon="128.116860"></trkpt>
      <trkpt lat="26.562790" lon="128.116820"></trkpt>
      <trkpt lat="26.562600" lon="128.116720"></trkpt>
      <trkpt lat="26.562480" lon="128.116640"></trkpt>
      <trkpt lat="26.561790" lon="128.116100"></trkpt>
      <trkpt lat="26.561770" lon="128.116080"></trkpt>
      <trkpt lat="26.561180" lon="128.115620"></trkpt>
      <trkpt lat="26.561150" lon="128.115590"></trkpt>
      <trkpt lat="26.560300" lon="128.114930"></trkpt>
      <trkpt lat="26.560300" lon="128.114920"></trkpt>
      <trkpt lat="26.560260" lon="128.114880"></trkpt>
      <trkpt lat="26.560120" lon="128.114710"></trkpt>
      <trkpt lat="26.560030" lon="128.114550"></trkpt>
      <trkpt lat="26.559990" lon="128.114450"></trkpt>
      <trkpt lat="26.559990" lon="128.114440"></trkpt>
      <trkpt lat="26.559920" lon="128.114270"></trkpt>
      <trkpt lat="26.559820" lon="128.113980"></trkpt>
      <trkpt lat="26.559800" lon="128.113950"></trkpt>
      <trkpt lat="26.559780" lon="128.113930"></trkpt>
      <trkpt lat="26.559760" lon="128.113890"></trkpt>
      <trkpt lat="26.559690" lon="128.113800"></trkpt>
      <trkpt lat="26.559640" lon="128.113770"></trkpt>
      <trkpt lat="26.559630" lon="128.113760"></trkpt>
      <trkpt lat="26.559540" lon="128.113700"></trkpt>
      <trkpt lat="26.559430" lon="128.113670"></trkpt>
      <trkpt lat="26.558860" lon="128.113650"></trkpt>
      <trkpt lat="26.558780" lon="128.113630"></trkpt>
      <trkpt lat="26.558760" lon="128.113630"></trkpt>
      <trkpt lat="26.558700" lon="128.113610"></trkpt>
      <trkpt lat="26.558680" lon="128.113600"></trkpt>
      <trkpt lat="26.558660" lon="128.113580"></trkpt>
      <trkpt lat="26.558630" lon="128.113560"></trkpt>
      <trkpt lat="26.558560" lon="128.113490"></trkpt>
      <trkpt lat="26.558540" lon="128.113460"></trkpt>
      <trkpt lat="26.558510" lon="128.113380"></trkpt>
      <trkpt lat="26.558510" lon="128.113370"></trkpt>
      <trkpt lat="26.558490" lon="128.113330"></trkpt>
      <trkpt lat="26.558480" lon="128.113280"></trkpt>
      <trkpt lat="26.558480" lon="128.113140"></trkpt>
      <trkpt lat="26.558500" lon="128.113030"></trkpt>
      <trkpt lat="26.558520" lon="128.113000"></trkpt>
      <trkpt lat="26.558530" lon="128.112960"></trkpt>
      <trkpt lat="26.558610" lon="128.112820"></trkpt>
      <trkpt lat="26.558610" lon="128.112810"></trkpt>
      <trkpt lat="26.558680" lon="128.112680"></trkpt>
      <trkpt lat="26.558710" lon="128.112600"></trkpt>
      <trkpt lat="26.558730" lon="128.112560"></trkpt>
      <trkpt lat="26.558750" lon="128.112500"></trkpt>
      <trkpt lat="26.558760" lon="128.112440"></trkpt>
      <trkpt lat="26.558760" lon="128.112320"></trkpt>
      <trkpt lat="26.558750" lon="128.112280"></trkpt>
      <trkpt lat="26.558750" lon="128.112240"></trkpt>
      <trkpt lat="26.558720" lon="128.112140"></trkpt>
      <trkpt lat="26.558620" lon="128.111990"></trkpt>
      <trkpt lat="26.558600" lon="128.111970"></trkpt>
      <trkpt lat="26.558490" lon="128.111900"></trkpt>
      <trkpt lat="26.558460" lon="128.111890"></trkpt>
      <trkpt lat="26.558400" lon="128.111880"></trkpt>
      <trkpt lat="26.558370" lon="128.111870"></trkpt>
      <trkpt lat="26.558330" lon="128.111870"></trkpt>
      <trkpt lat="26.558240" lon="128.111890"></trkpt>
      <trkpt lat="26.558220" lon="128.111890"></trkpt>
      <trkpt lat="26.558190" lon="128.111900"></trkpt>
      <trkpt lat="26.558160" lon="128.111920"></trkpt>
      <trkpt lat="26.558020" lon="128.111960"></trkpt>
      <trkpt lat="26.557980" lon="128.111960"></trkpt>
      <trkpt lat="26.557950" lon="128.111950"></trkpt>
      <trkpt lat="26.557890" lon="128.111940"></trkpt>
      <trkpt lat="26.557790" lon="128.111900"></trkpt>
      <trkpt lat="26.557760" lon="128.111880"></trkpt>
      <trkpt lat="26.557720" lon="128.111840"></trkpt>
      <trkpt lat="26.557690" lon="128.111820"></trkpt>
      <trkpt lat="26.557010" lon="128.111070"></trkpt>
      <trkpt lat="26.556780" lon="128.110850"></trkpt>
      <trkpt lat="26.556730" lon="128.110820"></trkpt>
      <trkpt lat="26.556490" lon="128.110610"></trkpt>
      <trkpt lat="26.555730" lon="128.110010"></trkpt>
      <trkpt lat="26.555720" lon="128.109990"></trkpt>
      <trkpt lat="26.555630" lon="128.109920"></trkpt>
      <trkpt lat="26.555610" lon="128.109910"></trkpt>
      <trkpt lat="26.555570" lon="128.109880"></trkpt>
      <trkpt lat="26.555500" lon="128.109840"></trkpt>
      <trkpt lat="26.555490" lon="128.109840"></trkpt>
      <trkpt lat="26.555420" lon="128.109800"></trkpt>
      <trkpt lat="26.555210" lon="128.109750"></trkpt>
      <trkpt lat="26.555070" lon="128.109750"></trkpt>
      <trkpt lat="26.554820" lon="128.109730"></trkpt>
      <trkpt lat="26.554670" lon="128.109730"></trkpt>
      <trkpt lat="26.554560" lon="128.109720"></trkpt>
      <trkpt lat="26.554380" lon="128.109690"></trkpt>
      <trkpt lat="26.554360" lon="128.109680"></trkpt>
      <trkpt lat="26.554220" lon="128.109650"></trkpt>
      <trkpt lat="26.554200" lon="128.109650"></trkpt>
      <trkpt lat="26.553260" lon="128.109340"></trkpt>
      <trkpt lat="26.552890" lon="128.109170"></trkpt>
      <trkpt lat="26.552390" lon="128.108910"></trkpt>
      <trkpt lat="26.552360" lon="128.108890"></trkpt>
      <trkpt lat="26.552030" lon="128.108720"></trkpt>
      <trkpt lat="26.552000" lon="128.108700"></trkpt>
      <trkpt lat="26.551250" lon="128.108300"></trkpt>
      <trkpt lat="26.550990" lon="128.108190"></trkpt>
      <trkpt lat="26.550790" lon="128.108130"></trkpt>
      <trkpt lat="26.550510" lon="128.108090"></trkpt>
      <trkpt lat="26.550400" lon="128.108060"></trkpt>
      <trkpt lat="26.550360" lon="128.108040"></trkpt>
      <trkpt lat="26.550300" lon="128.108020"></trkpt>
      <trkpt lat="26.550270" lon="128.108000"></trkpt>
      <trkpt lat="26.550220" lon="128.107980"></trkpt>
      <trkpt lat="26.550210" lon="128.107970"></trkpt>
      <trkpt lat="26.550160" lon="128.107940"></trkpt>
      <trkpt lat="26.550130" lon="128.107910"></trkpt>
      <trkpt lat="26.550020" lon="128.107820"></trkpt>
      <trkpt lat="26.549280" lon="128.106740"></trkpt>
      <trkpt lat="26.549240" lon="128.106700"></trkpt>
      <trkpt lat="26.549160" lon="128.106580"></trkpt>
      <trkpt lat="26.549080" lon="128.106410"></trkpt>
      <trkpt lat="26.548960" lon="128.106220"></trkpt>
      <trkpt lat="26.548640" lon="128.105600"></trkpt>
      <trkpt lat="26.548540" lon="128.105430"></trkpt>
      <trkpt lat="26.548450" lon="128.105320"></trkpt>
      <trkpt lat="26.548300" lon="128.105160"></trkpt>
      <trkpt lat="26.548200" lon="128.105080"></trkpt>
      <trkpt lat="26.547980" lon="128.104940"></trkpt>
      <trkpt lat="26.547790" lon="128.104790"></trkpt>
      <trkpt lat="26.547740" lon="128.104730"></trkpt>
      <trkpt lat="26.547660" lon="128.104650"></trkpt>
      <trkpt lat="26.547540" lon="128.104490"></trkpt>
      <trkpt lat="26.547080" lon="128.103690"></trkpt>
      <trkpt lat="26.546880" lon="128.103380"></trkpt>
      <trkpt lat="26.546840" lon="128.103340"></trkpt>
      <trkpt lat="26.546840" lon="128.103320"></trkpt>
      <trkpt lat="26.545710" lon="128.101780"></trkpt>
      <trkpt lat="26.545180" lon="128.100950"></trkpt>
      <trkpt lat="26.545030" lon="128.100750"></trkpt>
      <trkpt lat="26.544900" lon="128.100620"></trkpt>
      <trkpt lat="26.544280" lon="128.100180"></trkpt>
      <trkpt lat="26.544160" lon="128.100110"></trkpt>
      <trkpt lat="26.543940" lon="128.099960"></trkpt>
      <trkpt lat="26.543860" lon="128.099890"></trkpt>
      <trkpt lat="26.543750" lon="128.099750"></trkpt>
      <trkpt lat="26.543730" lon="128.099710"></trkpt>
      <trkpt lat="26.543700" lon="128.099670"></trkpt>
      <trkpt lat="26.543640" lon="128.099550"></trkpt>
      <trkpt lat="26.543610" lon="128.099460"></trkpt>
      <trkpt lat="26.543570" lon="128.099270"></trkpt>
      <trkpt lat="26.543550" lon="128.099040"></trkpt>
      <trkpt lat="26.543550" lon="128.098890"></trkpt>
      <trkpt lat="26.543580" lon="128.098690"></trkpt>
      <trkpt lat="26.543630" lon="128.098510"></trkpt>
      <trkpt lat="26.543650" lon="128.098350"></trkpt>
      <trkpt lat="26.543650" lon="128.098300"></trkpt>
      <trkpt lat="26.543630" lon="128.098080"></trkpt>
      <trkpt lat="26.543590" lon="128.097960"></trkpt>
      <trkpt lat="26.543530" lon="128.097830"></trkpt>
      <trkpt lat="26.543500" lon="128.097780"></trkpt>
      <trkpt lat="26.543490" lon="128.097750"></trkpt>
      <trkpt lat="26.543420" lon="128.097660"></trkpt>
      <trkpt lat="26.543360" lon="128.097600"></trkpt>
      <trkpt lat="26.543340" lon="128.097590"></trkpt>
      <trkpt lat="26.543150" lon="128.097460"></trkpt>
      <trkpt lat="26.543060" lon="128.097370"></trkpt>
      <trkpt lat="26.543010" lon="128.097340"></trkpt>
      <trkpt lat="26.542910" lon="128.097220"></trkpt>
      <trkpt lat="26.542820" lon="128.097050"></trkpt>
      <trkpt lat="26.542760" lon="128.096890"></trkpt>
      <trkpt lat="26.542760" lon="128.096880"></trkpt>
      <trkpt lat="26.542740" lon="128.096810"></trkpt>
      <trkpt lat="26.542710" lon="128.096590"></trkpt>
      <trkpt lat="26.542720" lon="128.096410"></trkpt>
      <trkpt lat="26.542740" lon="128.096340"></trkpt>
      <trkpt lat="26.542740" lon="128.096290"></trkpt>
      <trkpt lat="26.542770" lon="128.096140"></trkpt>
      <trkpt lat="26.542780" lon="128.095960"></trkpt>
      <trkpt lat="26.542760" lon="128.095750"></trkpt>
      <trkpt lat="26.542740" lon="128.095660"></trkpt>
      <trkpt lat="26.542670" lon="128.095440"></trkpt>
      <trkpt lat="26.542560" lon="128.095170"></trkpt>
      <trkpt lat="26.542370" lon="128.094830"></trkpt>
      <trkpt lat="26.542340" lon="128.094790"></trkpt>
      <trkpt lat="26.542310" lon="128.094760"></trkpt>
      <trkpt lat="26.542290" lon="128.094730"></trkpt>
      <trkpt lat="26.542220" lon="128.094660"></trkpt>
      <trkpt lat="26.542040" lon="128.094450"></trkpt>
      <trkpt lat="26.541990" lon="128.094400"></trkpt>
      <trkpt lat="26.541780" lon="128.094080"></trkpt>
      <trkpt lat="26.541210" lon="128.092780"></trkpt>
      <trkpt lat="26.541140" lon="128.092590"></trkpt>
      <trkpt lat="26.540910" lon="128.092070"></trkpt>
      <trkpt lat="26.540650" lon="128.091360"></trkpt>
      <trkpt lat="26.540650" lon="128.091340"></trkpt>
      <trkpt lat="26.540630" lon="128.091300"></trkpt>
      <trkpt lat="26.540620" lon="128.091270"></trkpt>
      <trkpt lat="26.540600" lon="128.091250"></trkpt>
      <trkpt lat="26.540580" lon="128.091210"></trkpt>
      <trkpt lat="26.540580" lon="128.091200"></trkpt>
      <trkpt lat="26.540560" lon="128.091170"></trkpt>
      <trkpt lat="26.540550" lon="128.091140"></trkpt>
      <trkpt lat="26.540460" lon="128.091010"></trkpt>
      <trkpt lat="26.540430" lon="128.090950"></trkpt>
      <trkpt lat="26.540080" lon="128.090560"></trkpt>
      <trkpt lat="26.540040" lon="128.090500"></trkpt>
      <trkpt lat="26.540020" lon="128.090480"></trkpt>
      <trkpt lat="26.540000" lon="128.090450"></trkpt>
      <trkpt lat="26.539980" lon="128.090430"></trkpt>
      <trkpt lat="26.539960" lon="128.090390"></trkpt>
      <trkpt lat="26.539940" lon="128.090370"></trkpt>
      <trkpt lat="26.539920" lon="128.090330"></trkpt>
      <trkpt lat="26.539890" lon="128.090250"></trkpt>
      <trkpt lat="26.539870" lon="128.090220"></trkpt>
      <trkpt lat="26.539870" lon="128.090200"></trkpt>
      <trkpt lat="26.539850" lon="128.090160"></trkpt>
      <trkpt lat="26.539840" lon="128.090120"></trkpt>
      <trkpt lat="26.539840" lon="128.090100"></trkpt>
      <trkpt lat="26.539820" lon="128.090020"></trkpt>
      <trkpt lat="26.539820" lon="128.089990"></trkpt>
      <trkpt lat="26.539810" lon="128.089960"></trkpt>
      <trkpt lat="26.539810" lon="128.089770"></trkpt>
      <trkpt lat="26.539840" lon="128.089650"></trkpt>
      <trkpt lat="26.539840" lon="128.089610"></trkpt>
      <trkpt lat="26.539850" lon="128.089580"></trkpt>
      <trkpt lat="26.539860" lon="128.089570"></trkpt>
      <trkpt lat="26.539890" lon="128.089420"></trkpt>
      <trkpt lat="26.540000" lon="128.089070"></trkpt>
      <trkpt lat="26.540020" lon="128.089040"></trkpt>
      <trkpt lat="26.540090" lon="128.088860"></trkpt>
      <trkpt lat="26.540150" lon="128.088730"></trkpt>
      <trkpt lat="26.540190" lon="128.088660"></trkpt>
      <trkpt lat="26.540200" lon="128.088630"></trkpt>
      <trkpt lat="26.540220" lon="128.088590"></trkpt>
      <trkpt lat="26.540250" lon="128.088500"></trkpt>
      <trkpt lat="26.540280" lon="128.088370"></trkpt>
      <trkpt lat="26.540300" lon="128.088210"></trkpt>
      <trkpt lat="26.540300" lon="128.087990"></trkpt>
      <trkpt lat="26.540290" lon="128.087980"></trkpt>
      <trkpt lat="26.540290" lon="128.087950"></trkpt>
      <trkpt lat="26.540140" lon="128.087250"></trkpt>
      <trkpt lat="26.540140" lon="128.087200"></trkpt>
      <trkpt lat="26.540130" lon="128.087160"></trkpt>
      <trkpt lat="26.540130" lon="128.086950"></trkpt>
      <trkpt lat="26.540160" lon="128.086790"></trkpt>
      <trkpt lat="26.540190" lon="128.086700"></trkpt>
      <trkpt lat="26.540250" lon="128.086560"></trkpt>
      <trkpt lat="26.540280" lon="128.086520"></trkpt>
      <trkpt lat="26.540320" lon="128.086450"></trkpt>
      <trkpt lat="26.540380" lon="128.086370"></trkpt>
      <trkpt lat="26.540520" lon="128.086230"></trkpt>
      <trkpt lat="26.540540" lon="128.086220"></trkpt>
      <trkpt lat="26.540950" lon="128.085940"></trkpt>
      <trkpt lat="26.541100" lon="128.085850"></trkpt>
      <trkpt lat="26.541170" lon="128.085800"></trkpt>
      <trkpt lat="26.541350" lon="128.085720"></trkpt>
      <trkpt lat="26.541480" lon="128.085690"></trkpt>
      <trkpt lat="26.541520" lon="128.085690"></trkpt>
      <trkpt lat="26.541580" lon="128.085680"></trkpt>
      <trkpt lat="26.541730" lon="128.085680"></trkpt>
      <trkpt lat="26.542730" lon="128.085800"></trkpt>
      <trkpt lat="26.542800" lon="128.085800"></trkpt>
      <trkpt lat="26.542860" lon="128.085790"></trkpt>
      <trkpt lat="26.542910" lon="128.085790"></trkpt>
      <trkpt lat="26.543070" lon="128.085760"></trkpt>
      <trkpt lat="26.543120" lon="128.085730"></trkpt>
      <trkpt lat="26.543250" lon="128.085670"></trkpt>
      <trkpt lat="26.543410" lon="128.085550"></trkpt>
      <trkpt lat="26.543880" lon="128.085130"></trkpt>
      <trkpt lat="26.543920" lon="128.085080"></trkpt>
      <trkpt lat="26.543960" lon="128.085050"></trkpt>
      <trkpt lat="26.544220" lon="128.084750"></trkpt>
      <trkpt lat="26.544270" lon="128.084670"></trkpt>
      <trkpt lat="26.544340" lon="128.084580"></trkpt>
      <trkpt lat="26.544360" lon="128.084530"></trkpt>
      <trkpt lat="26.544470" lon="128.084410"></trkpt>
      <trkpt lat="26.544480" lon="128.084390"></trkpt>
      <trkpt lat="26.544560" lon="128.084310"></trkpt>
      <trkpt lat="26.544700" lon="128.084220"></trkpt>
      <trkpt lat="26.544890" lon="128.084140"></trkpt>
      <trkpt lat="26.545000" lon="128.084120"></trkpt>
      <trkpt lat="26.545190" lon="128.084120"></trkpt>
      <trkpt lat="26.545260" lon="128.084130"></trkpt>
      <trkpt lat="26.545470" lon="128.084190"></trkpt>
      <trkpt lat="26.545690" lon="128.084190"></trkpt>
      <trkpt lat="26.545810" lon="128.084160"></trkpt>
      <trkpt lat="26.545840" lon="128.084160"></trkpt>
      <trkpt lat="26.545850" lon="128.084150"></trkpt>
      <trkpt lat="26.545870" lon="128.084150"></trkpt>
      <trkpt lat="26.545900" lon="128.084130"></trkpt>
      <trkpt lat="26.545930" lon="128.084120"></trkpt>
      <trkpt lat="26.546050" lon="128.084060"></trkpt>
      <trkpt lat="26.546810" lon="128.083580"></trkpt>
      <trkpt lat="26.547010" lon="128.083470"></trkpt>
      <trkpt lat="26.547500" lon="128.083240"></trkpt>
      <trkpt lat="26.547670" lon="128.083110"></trkpt>
      <trkpt lat="26.547800" lon="128.082980"></trkpt>
      <trkpt lat="26.547820" lon="128.082950"></trkpt>
      <trkpt lat="26.547840" lon="128.082930"></trkpt>
      <trkpt lat="26.547880" lon="128.082870"></trkpt>
      <trkpt lat="26.547930" lon="128.082810"></trkpt>
      <trkpt lat="26.547930" lon="128.082790"></trkpt>
      <trkpt lat="26.548050" lon="128.082620"></trkpt>
      <trkpt lat="26.548290" lon="128.082200"></trkpt>
      <trkpt lat="26.548300" lon="128.082170"></trkpt>
      <trkpt lat="26.548400" lon="128.081980"></trkpt>
      <trkpt lat="26.548410" lon="128.081950"></trkpt>
      <trkpt lat="26.548440" lon="128.081920"></trkpt>
      <trkpt lat="26.548440" lon="128.081910"></trkpt>
      <trkpt lat="26.548490" lon="128.081840"></trkpt>
      <trkpt lat="26.548530" lon="128.081800"></trkpt>
      <trkpt lat="26.548560" lon="128.081760"></trkpt>
      <trkpt lat="26.548650" lon="128.081680"></trkpt>
      <trkpt lat="26.548810" lon="128.081590"></trkpt>
      <trkpt lat="26.549030" lon="128.081520"></trkpt>
      <trkpt lat="26.549050" lon="128.081520"></trkpt>
      <trkpt lat="26.549100" lon="128.081510"></trkpt>
      <trkpt lat="26.549220" lon="128.081510"></trkpt>
      <trkpt lat="26.549260" lon="128.081520"></trkpt>
      <trkpt lat="26.549300" lon="128.081520"></trkpt>
      <trkpt lat="26.549370" lon="128.081540"></trkpt>
      <trkpt lat="26.549570" lon="128.081580"></trkpt>
      <trkpt lat="26.549620" lon="128.081600"></trkpt>
      <trkpt lat="26.549690" lon="128.081610"></trkpt>
      <trkpt lat="26.549740" lon="128.081630"></trkpt>
      <trkpt lat="26.550060" lon="128.081700"></trkpt>
      <trkpt lat="26.550130" lon="128.081710"></trkpt>
      <trkpt lat="26.550280" lon="128.081710"></trkpt>
      <trkpt lat="26.550330" lon="128.081700"></trkpt>
      <trkpt lat="26.550390" lon="128.081700"></trkpt>
      <trkpt lat="26.550480" lon="128.081670"></trkpt>
      <trkpt lat="26.550530" lon="128.081660"></trkpt>
      <trkpt lat="26.550730" lon="128.081570"></trkpt>
      <trkpt lat="26.550900" lon="128.081480"></trkpt>
      <trkpt lat="26.550930" lon="128.081470"></trkpt>
      <trkpt lat="26.551250" lon="128.081290"></trkpt>
      <trkpt lat="26.551260" lon="128.081290"></trkpt>
      <trkpt lat="26.551900" lon="128.080940"></trkpt>
      <trkpt lat="26.551990" lon="128.080870"></trkpt>
      <trkpt lat="26.552000" lon="128.080870"></trkpt>
      <trkpt lat="26.552290" lon="128.080640"></trkpt>
      <trkpt lat="26.552790" lon="128.080190"></trkpt>
      <trkpt lat="26.552900" lon="128.080120"></trkpt>
      <trkpt lat="26.553430" lon="128.079660"></trkpt>
      <trkpt lat="26.553460" lon="128.079640"></trkpt>
      <trkpt lat="26.554130" lon="128.079010"></trkpt>
      <trkpt lat="26.554530" lon="128.078700"></trkpt>
      <trkpt lat="26.554570" lon="128.078680"></trkpt>
      <trkpt lat="26.554690" lon="128.078600"></trkpt>
      <trkpt lat="26.555780" lon="128.077990"></trkpt>
      <trkpt lat="26.556010" lon="128.077890"></trkpt>
      <trkpt lat="26.556250" lon="128.077810"></trkpt>
      <trkpt lat="26.556340" lon="128.077790"></trkpt>
      <trkpt lat="26.556380" lon="128.077770"></trkpt>
      <trkpt lat="26.556510" lon="128.077740"></trkpt>
      <trkpt lat="26.556700" lon="128.077680"></trkpt>
      <trkpt lat="26.556930" lon="128.077550"></trkpt>
      <trkpt lat="26.557070" lon="128.077410"></trkpt>
      <trkpt lat="26.557140" lon="128.077320"></trkpt>
      <trkpt lat="26.557190" lon="128.077240"></trkpt>
      <trkpt lat="26.557410" lon="128.076810"></trkpt>
      <trkpt lat="26.557510" lon="128.076660"></trkpt>
      <trkpt lat="26.557530" lon="128.076620"></trkpt>
      <trkpt lat="26.557970" lon="128.075970"></trkpt>
      <trkpt lat="26.557990" lon="128.075930"></trkpt>
      <trkpt lat="26.558080" lon="128.075790"></trkpt>
      <trkpt lat="26.558180" lon="128.075520"></trkpt>
      <trkpt lat="26.558180" lon="128.075470"></trkpt>
      <trkpt lat="26.558190" lon="128.075420"></trkpt>
      <trkpt lat="26.558190" lon="128.075400"></trkpt>
      <trkpt lat="26.558200" lon="128.075370"></trkpt>
      <trkpt lat="26.558200" lon="128.075200"></trkpt>
      <trkpt lat="26.558170" lon="128.075010"></trkpt>
      <trkpt lat="26.558150" lon="128.074940"></trkpt>
      <trkpt lat="26.558040" lon="128.074690"></trkpt>
      <trkpt lat="26.557650" lon="128.073970"></trkpt>
      <trkpt lat="26.557590" lon="128.073880"></trkpt>
      <trkpt lat="26.557430" lon="128.073580"></trkpt>
      <trkpt lat="26.557330" lon="128.073290"></trkpt>
      <trkpt lat="26.557330" lon="128.073260"></trkpt>
      <trkpt lat="26.557320" lon="128.073220"></trkpt>
      <trkpt lat="26.557310" lon="128.073120"></trkpt>
      <trkpt lat="26.557310" lon="128.073040"></trkpt>
      <trkpt lat="26.557320" lon="128.072970"></trkpt>
      <trkpt lat="26.557320" lon="128.072900"></trkpt>
      <trkpt lat="26.557330" lon="128.072840"></trkpt>
      <trkpt lat="26.557340" lon="128.072820"></trkpt>
      <trkpt lat="26.557340" lon="128.072800"></trkpt>
      <trkpt lat="26.557360" lon="128.072760"></trkpt>
      <trkpt lat="26.557370" lon="128.072710"></trkpt>
      <trkpt lat="26.557390" lon="128.072670"></trkpt>
      <trkpt lat="26.557390" lon="128.072660"></trkpt>
      <trkpt lat="26.557520" lon="128.072400"></trkpt>
      <trkpt lat="26.557540" lon="128.072380"></trkpt>
      <trkpt lat="26.557570" lon="128.072320"></trkpt>
      <trkpt lat="26.557580" lon="128.072310"></trkpt>
      <trkpt lat="26.557740" lon="128.072040"></trkpt>
      <trkpt lat="26.557840" lon="128.071840"></trkpt>
      <trkpt lat="26.557870" lon="128.071760"></trkpt>
      <trkpt lat="26.557910" lon="128.071580"></trkpt>
      <trkpt lat="26.557910" lon="128.071550"></trkpt>
      <trkpt lat="26.557920" lon="128.071480"></trkpt>
      <trkpt lat="26.557920" lon="128.071310"></trkpt>
      <trkpt lat="26.557880" lon="128.071030"></trkpt>
      <trkpt lat="26.557870" lon="128.071000"></trkpt>
      <trkpt lat="26.557860" lon="128.070940"></trkpt>
      <trkpt lat="26.557510" lon="128.069970"></trkpt>
      <trkpt lat="26.557410" lon="128.069740"></trkpt>
      <trkpt lat="26.557330" lon="128.069520"></trkpt>
      <trkpt lat="26.557230" lon="128.069300"></trkpt>
      <trkpt lat="26.557090" lon="128.068910"></trkpt>
      <trkpt lat="26.557050" lon="128.068760"></trkpt>
      <trkpt lat="26.556650" lon="128.066240"></trkpt>
      <trkpt lat="26.556540" lon="128.065710"></trkpt>
      <trkpt lat="26.556500" lon="128.065600"></trkpt>
      <trkpt lat="26.556380" lon="128.065330"></trkpt>
      <trkpt lat="26.556310" lon="128.065240"></trkpt>
      <trkpt lat="26.556270" lon="128.065170"></trkpt>
      <trkpt lat="26.556080" lon="128.064970"></trkpt>
      <trkpt lat="26.555990" lon="128.064900"></trkpt>
      <trkpt lat="26.555730" lon="128.064750"></trkpt>
      <trkpt lat="26.555450" lon="128.064670"></trkpt>
      <trkpt lat="26.555380" lon="128.064660"></trkpt>
      <trkpt lat="26.555140" lon="128.064650"></trkpt>
      <trkpt lat="26.554600" lon="128.064700"></trkpt>
      <trkpt lat="26.554060" lon="128.064770"></trkpt>
      <trkpt lat="26.553900" lon="128.064780"></trkpt>
      <trkpt lat="26.553850" lon="128.064790"></trkpt>
      <trkpt lat="26.553500" lon="128.064820"></trkpt>
      <trkpt lat="26.553460" lon="128.064830"></trkpt>
      <trkpt lat="26.553150" lon="128.064830"></trkpt>
      <trkpt lat="26.553010" lon="128.064800"></trkpt>
      <trkpt lat="26.552870" lon="128.064740"></trkpt>
      <trkpt lat="26.552770" lon="128.064670"></trkpt>
      <trkpt lat="26.552660" lon="128.064570"></trkpt>
      <trkpt lat="26.552590" lon="128.064470"></trkpt>
      <trkpt lat="26.552580" lon="128.064460"></trkpt>
      <trkpt lat="26.552540" lon="128.064380"></trkpt>
      <trkpt lat="26.552520" lon="128.064350"></trkpt>
      <trkpt lat="26.552470" lon="128.064210"></trkpt>
      <trkpt lat="26.552440" lon="128.064080"></trkpt>
      <trkpt lat="26.552420" lon="128.064020"></trkpt>
      <trkpt lat="26.552020" lon="128.061620"></trkpt>
      <trkpt lat="26.551980" lon="128.061430"></trkpt>
      <trkpt lat="26.551970" lon="128.061350"></trkpt>
      <trkpt lat="26.551950" lon="128.061260"></trkpt>
      <trkpt lat="26.551890" lon="128.061060"></trkpt>
      <trkpt lat="26.551890" lon="128.061040"></trkpt>
      <trkpt lat="26.551700" lon="128.060480"></trkpt>
      <trkpt lat="26.551600" lon="128.060250"></trkpt>
      <trkpt lat="26.551580" lon="128.060190"></trkpt>
      <trkpt lat="26.551450" lon="128.059940"></trkpt>
      <trkpt lat="26.551430" lon="128.059890"></trkpt>
      <trkpt lat="26.551410" lon="128.059860"></trkpt>
      <trkpt lat="26.551340" lon="128.059720"></trkpt>
      <trkpt lat="26.551330" lon="128.059710"></trkpt>
      <trkpt lat="26.551020" lon="128.059160"></trkpt>
      <trkpt lat="26.550980" lon="128.059100"></trkpt>
      <trkpt lat="26.550970" lon="128.059070"></trkpt>
      <trkpt lat="26.550960" lon="128.059060"></trkpt>
      <trkpt lat="26.550900" lon="128.058940"></trkpt>
      <trkpt lat="26.550890" lon="128.058890"></trkpt>
      <trkpt lat="26.550870" lon="128.058840"></trkpt>
      <trkpt lat="26.550820" lon="128.058610"></trkpt>
      <trkpt lat="26.550820" lon="128.058370"></trkpt>
      <trkpt lat="26.550830" lon="128.058260"></trkpt>
      <trkpt lat="26.550840" lon="128.058210"></trkpt>
      <trkpt lat="26.550880" lon="128.058080"></trkpt>
      <trkpt lat="26.550890" lon="128.058030"></trkpt>
      <trkpt lat="26.550940" lon="128.057920"></trkpt>
      <trkpt lat="26.550960" lon="128.057890"></trkpt>
      <trkpt lat="26.551000" lon="128.057800"></trkpt>
      <trkpt lat="26.551270" lon="128.057300"></trkpt>
      <trkpt lat="26.551360" lon="128.057000"></trkpt>
      <trkpt lat="26.551380" lon="128.056870"></trkpt>
      <trkpt lat="26.551380" lon="128.056710"></trkpt>
      <trkpt lat="26.551350" lon="128.056520"></trkpt>
      <trkpt lat="26.551330" lon="128.056450"></trkpt>
      <trkpt lat="26.551310" lon="128.056400"></trkpt>
      <trkpt lat="26.551290" lon="128.056330"></trkpt>
      <trkpt lat="26.550540" lon="128.054360"></trkpt>
      <trkpt lat="26.550390" lon="128.054030"></trkpt>
      <trkpt lat="26.550290" lon="128.053870"></trkpt>
      <trkpt lat="26.550180" lon="128.053730"></trkpt>
      <trkpt lat="26.550000" lon="128.053540"></trkpt>
      <trkpt lat="26.549950" lon="128.053500"></trkpt>
      <trkpt lat="26.549170" lon="128.052730"></trkpt>
      <trkpt lat="26.549120" lon="128.052670"></trkpt>
      <trkpt lat="26.549080" lon="128.052610"></trkpt>
      <trkpt lat="26.549020" lon="128.052480"></trkpt>
      <trkpt lat="26.549010" lon="128.052430"></trkpt>
      <trkpt lat="26.548990" lon="128.052380"></trkpt>
      <trkpt lat="26.548960" lon="128.052240"></trkpt>
      <trkpt lat="26.548960" lon="128.052190"></trkpt>
      <trkpt lat="26.548950" lon="128.052130"></trkpt>
      <trkpt lat="26.548950" lon="128.052010"></trkpt>
      <trkpt lat="26.548970" lon="128.051870"></trkpt>
      <trkpt lat="26.549010" lon="128.051730"></trkpt>
      <trkpt lat="26.549270" lon="128.051010"></trkpt>
      <trkpt lat="26.549330" lon="128.050740"></trkpt>
      <trkpt lat="26.549340" lon="128.050660"></trkpt>
      <trkpt lat="26.549340" lon="128.050450"></trkpt>
      <trkpt lat="26.549260" lon="128.049720"></trkpt>
      <trkpt lat="26.548830" lon="128.046800"></trkpt>
      <trkpt lat="26.548760" lon="128.046450"></trkpt>
      <trkpt lat="26.548650" lon="128.046070"></trkpt>
      <trkpt lat="26.548370" lon="128.045330"></trkpt>
      <trkpt lat="26.548250" lon="128.044960"></trkpt>
      <trkpt lat="26.548250" lon="128.044940"></trkpt>
      <trkpt lat="26.548220" lon="128.044840"></trkpt>
      <trkpt lat="26.548200" lon="128.044680"></trkpt>
      <trkpt lat="26.548200" lon="128.044600"></trkpt>
      <trkpt lat="26.548220" lon="128.044420"></trkpt>
      <trkpt lat="26.548250" lon="128.044300"></trkpt>
      <trkpt lat="26.548290" lon="128.044180"></trkpt>
      <trkpt lat="26.548330" lon="128.044100"></trkpt>
      <trkpt lat="26.548340" lon="128.044090"></trkpt>
      <trkpt lat="26.548360" lon="128.044040"></trkpt>
      <trkpt lat="26.548510" lon="128.043840"></trkpt>
      <trkpt lat="26.549950" lon="128.042390"></trkpt>
      <trkpt lat="26.550260" lon="128.042100"></trkpt>
      <trkpt lat="26.550370" lon="128.042010"></trkpt>
      <trkpt lat="26.550490" lon="128.041930"></trkpt>
      <trkpt lat="26.550680" lon="128.041820"></trkpt>
      <trkpt lat="26.550790" lon="128.041780"></trkpt>
      <trkpt lat="26.550850" lon="128.041750"></trkpt>
      <trkpt lat="26.551110" lon="128.041690"></trkpt>
      <trkpt lat="26.551280" lon="128.041670"></trkpt>
      <trkpt lat="26.551420" lon="128.041670"></trkpt>
      <trkpt lat="26.551700" lon="128.041700"></trkpt>
      <trkpt lat="26.552000" lon="128.041780"></trkpt>
      <trkpt lat="26.552020" lon="128.041790"></trkpt>
      <trkpt lat="26.552310" lon="128.041880"></trkpt>
      <trkpt lat="26.553210" lon="128.042200"></trkpt>
      <trkpt lat="26.553490" lon="128.042270"></trkpt>
      <trkpt lat="26.553570" lon="128.042280"></trkpt>
      <trkpt lat="26.553770" lon="128.042280"></trkpt>
      <trkpt lat="26.553840" lon="128.042270"></trkpt>
      <trkpt lat="26.553860" lon="128.042260"></trkpt>
      <trkpt lat="26.553900" lon="128.042260"></trkpt>
      <trkpt lat="26.553970" lon="128.042230"></trkpt>
      <trkpt lat="26.554010" lon="128.042220"></trkpt>
      <trkpt lat="26.554160" lon="128.042130"></trkpt>
      <trkpt lat="26.554370" lon="128.041940"></trkpt>
      <trkpt lat="26.554410" lon="128.041880"></trkpt>
      <trkpt lat="26.554420" lon="128.041870"></trkpt>
      <trkpt lat="26.554510" lon="128.041710"></trkpt>
      <trkpt lat="26.554510" lon="128.041700"></trkpt>
      <trkpt lat="26.554530" lon="128.041650"></trkpt>
      <trkpt lat="26.554560" lon="128.041520"></trkpt>
      <trkpt lat="26.554560" lon="128.041510"></trkpt>
      <trkpt lat="26.554570" lon="128.041470"></trkpt>
      <trkpt lat="26.554580" lon="128.041390"></trkpt>
      <trkpt lat="26.554580" lon="128.041150"></trkpt>
      <trkpt lat="26.554570" lon="128.041090"></trkpt>
      <trkpt lat="26.554500" lon="128.040850"></trkpt>
      <trkpt lat="26.554460" lon="128.040770"></trkpt>
      <trkpt lat="26.554430" lon="128.040730"></trkpt>
      <trkpt lat="26.554410" lon="128.040690"></trkpt>
      <trkpt lat="26.554290" lon="128.040540"></trkpt>
      <trkpt lat="26.554210" lon="128.040460"></trkpt>
      <trkpt lat="26.554090" lon="128.040360"></trkpt>
      <trkpt lat="26.553140" lon="128.039690"></trkpt>
      <trkpt lat="26.553070" lon="128.039650"></trkpt>
      <trkpt lat="26.552750" lon="128.039430"></trkpt>
      <trkpt lat="26.552490" lon="128.039190"></trkpt>
      <trkpt lat="26.552420" lon="128.039100"></trkpt>
      <trkpt lat="26.552260" lon="128.038860"></trkpt>
      <trkpt lat="26.552180" lon="128.038710"></trkpt>
      <trkpt lat="26.552140" lon="128.038610"></trkpt>
      <trkpt lat="26.552110" lon="128.038500"></trkpt>
      <trkpt lat="26.552100" lon="128.038490"></trkpt>
      <trkpt lat="26.552020" lon="128.038160"></trkpt>
      <trkpt lat="26.551900" lon="128.036220"></trkpt>
      <trkpt lat="26.551900" lon="128.036080"></trkpt>
      <trkpt lat="26.551890" lon="128.035940"></trkpt>
      <trkpt lat="26.551890" lon="128.035830"></trkpt>
      <trkpt lat="26.551880" lon="128.035780"></trkpt>
      <trkpt lat="26.551880" lon="128.035680"></trkpt>
      <trkpt lat="26.551860" lon="128.035600"></trkpt>
      <trkpt lat="26.551860" lon="128.035560"></trkpt>
      <trkpt lat="26.551850" lon="128.035480"></trkpt>
      <trkpt lat="26.551830" lon="128.035400"></trkpt>
      <trkpt lat="26.551820" lon="128.035330"></trkpt>
      <trkpt lat="26.551730" lon="128.035060"></trkpt>
      <trkpt lat="26.551620" lon="128.034820"></trkpt>
      <trkpt lat="26.551580" lon="128.034750"></trkpt>
      <trkpt lat="26.551540" lon="128.034700"></trkpt>
      <trkpt lat="26.551510" lon="128.034650"></trkpt>
      <trkpt lat="26.551380" lon="128.034480"></trkpt>
      <trkpt lat="26.551190" lon="128.034290"></trkpt>
      <trkpt lat="26.551050" lon="128.034180"></trkpt>
      <trkpt lat="26.550980" lon="128.034140"></trkpt>
      <trkpt lat="26.550930" lon="128.034120"></trkpt>
      <trkpt lat="26.550890" lon="128.034070"></trkpt>
      <trkpt lat="26.550880" lon="128.034070"></trkpt>
      <trkpt lat="26.550570" lon="128.033830"></trkpt>
      <trkpt lat="26.549970" lon="128.033400"></trkpt>
      <trkpt lat="26.548180" lon="128.032210"></trkpt>
      <trkpt lat="26.548140" lon="128.032190"></trkpt>
      <trkpt lat="26.547080" lon="128.031430"></trkpt>
      <trkpt lat="26.546970" lon="128.031340"></trkpt>
      <trkpt lat="26.546950" lon="128.031330"></trkpt>
      <trkpt lat="26.546900" lon="128.031290"></trkpt>
      <trkpt lat="26.546850" lon="128.031260"></trkpt>
      <trkpt lat="26.546700" lon="128.031150"></trkpt>
      <trkpt lat="26.546110" lon="128.030770"></trkpt>
      <trkpt lat="26.546070" lon="128.030760"></trkpt>
      <trkpt lat="26.545730" lon="128.030620"></trkpt>
      <trkpt lat="26.545440" lon="128.030520"></trkpt>
      <trkpt lat="26.542880" lon="128.030010"></trkpt>
      <trkpt lat="26.542860" lon="128.030010"></trkpt>
      <trkpt lat="26.542280" lon="128.029900"></trkpt>
      <trkpt lat="26.542250" lon="128.029890"></trkpt>
      <trkpt lat="26.541780" lon="128.029790"></trkpt>
      <trkpt lat="26.541700" lon="128.029970"></trkpt>
      <trkpt lat="26.541630" lon="128.030160"></trkpt>
      <trkpt lat="26.541320" lon="128.030880"></trkpt>
      <trkpt lat="26.541290" lon="128.030930"></trkpt>
      <trkpt lat="26.540990" lon="128.031670"></trkpt>
      <trkpt lat="26.540880" lon="128.031880"></trkpt>
      <trkpt lat="26.540760" lon="128.032080"></trkpt>
      <trkpt lat="26.540710" lon="128.032130"></trkpt>
      <trkpt lat="26.540580" lon="128.032290"></trkpt>
      <trkpt lat="26.540460" lon="128.032410"></trkpt>
      <trkpt lat="26.539580" lon="128.033160"></trkpt>
      <trkpt lat="26.539430" lon="128.033300"></trkpt>
      <trkpt lat="26.539340" lon="128.033370"></trkpt>
      <trkpt lat="26.538480" lon="128.034130"></trkpt>
      <trkpt lat="26.538190" lon="128.034440"></trkpt>
      <trkpt lat="26.538150" lon="128.034500"></trkpt>
      <trkpt lat="26.538120" lon="128.034520"></trkpt>
      <trkpt lat="26.537920" lon="128.034810"></trkpt>
      <trkpt lat="26.537720" lon="128.035150"></trkpt>
      <trkpt lat="26.537710" lon="128.035180"></trkpt>
      <trkpt lat="26.537640" lon="128.035320"></trkpt>
      <trkpt lat="26.537630" lon="128.035350"></trkpt>
      <trkpt lat="26.537560" lon="128.035490"></trkpt>
      <trkpt lat="26.537260" lon="128.036230"></trkpt>
      <trkpt lat="26.537250" lon="128.036230"></trkpt>
      <trkpt lat="26.537180" lon="128.036400"></trkpt>
      <trkpt lat="26.537030" lon="128.036670"></trkpt>
      <trkpt lat="26.536860" lon="128.036900"></trkpt>
      <trkpt lat="26.536710" lon="128.037060"></trkpt>
      <trkpt lat="26.536660" lon="128.037100"></trkpt>
      <trkpt lat="26.536610" lon="128.037150"></trkpt>
      <trkpt lat="26.536590" lon="128.037160"></trkpt>
      <trkpt lat="26.536520" lon="128.037220"></trkpt>
      <trkpt lat="26.536460" lon="128.037260"></trkpt>
      <trkpt lat="26.536400" lon="128.037310"></trkpt>
      <trkpt lat="26.536330" lon="128.037340"></trkpt>
      <trkpt lat="26.536270" lon="128.037380"></trkpt>
      <trkpt lat="26.536120" lon="128.037450"></trkpt>
      <trkpt lat="26.535870" lon="128.037550"></trkpt>
      <trkpt lat="26.535790" lon="128.037570"></trkpt>
      <trkpt lat="26.534990" lon="128.037830"></trkpt>
      <trkpt lat="26.534770" lon="128.037920"></trkpt>
      <trkpt lat="26.534590" lon="128.038020"></trkpt>
      <trkpt lat="26.534520" lon="128.038050"></trkpt>
      <trkpt lat="26.534320" lon="128.038180"></trkpt>
      <trkpt lat="26.534270" lon="128.038220"></trkpt>
      <trkpt lat="26.534220" lon="128.038250"></trkpt>
      <trkpt lat="26.534180" lon="128.038290"></trkpt>
      <trkpt lat="26.534140" lon="128.038320"></trkpt>
      <trkpt lat="26.534120" lon="128.038340"></trkpt>
      <trkpt lat="26.534080" lon="128.038370"></trkpt>
      <trkpt lat="26.533890" lon="128.038540"></trkpt>
      <trkpt lat="26.533840" lon="128.038600"></trkpt>
      <trkpt lat="26.533770" lon="128.038670"></trkpt>
      <trkpt lat="26.533750" lon="128.038700"></trkpt>
      <trkpt lat="26.533670" lon="128.038780"></trkpt>
      <trkpt lat="26.533570" lon="128.038910"></trkpt>
      <trkpt lat="26.533420" lon="128.039130"></trkpt>
      <trkpt lat="26.533270" lon="128.039390"></trkpt>
      <trkpt lat="26.533240" lon="128.039460"></trkpt>
      <trkpt lat="26.533160" lon="128.039610"></trkpt>
      <trkpt lat="26.533070" lon="128.039840"></trkpt>
      <trkpt lat="26.532990" lon="128.040110"></trkpt>
      <trkpt lat="26.532890" lon="128.040520"></trkpt>
      <trkpt lat="26.532750" lon="128.041270"></trkpt>
      <trkpt lat="26.532640" lon="128.041730"></trkpt>
      <trkpt lat="26.532590" lon="128.041890"></trkpt>
      <trkpt lat="26.532400" lon="128.042340"></trkpt>
      <trkpt lat="26.532280" lon="128.042540"></trkpt>
      <trkpt lat="26.532240" lon="128.042590"></trkpt>
      <trkpt lat="26.532160" lon="128.042710"></trkpt>
      <trkpt lat="26.532040" lon="128.042840"></trkpt>
      <trkpt lat="26.532030" lon="128.042860"></trkpt>
      <trkpt lat="26.532010" lon="128.042870"></trkpt>
      <trkpt lat="26.531970" lon="128.042910"></trkpt>
      <trkpt lat="26.531930" lon="128.042940"></trkpt>
      <trkpt lat="26.531880" lon="128.042990"></trkpt>
      <trkpt lat="26.531770" lon="128.043070"></trkpt>
      <trkpt lat="26.531750" lon="128.043080"></trkpt>
      <trkpt lat="26.531670" lon="128.043140"></trkpt>
      <trkpt lat="26.531480" lon="128.043230"></trkpt>
      <trkpt lat="26.531430" lon="128.043260"></trkpt>
      <trkpt lat="26.531380" lon="128.043270"></trkpt>
      <trkpt lat="26.531330" lon="128.043290"></trkpt>
      <trkpt lat="26.531290" lon="128.043300"></trkpt>
      <trkpt lat="26.531210" lon="128.043330"></trkpt>
      <trkpt lat="26.531060" lon="128.043360"></trkpt>
      <trkpt lat="26.531000" lon="128.043360"></trkpt>
      <trkpt lat="26.530950" lon="128.043370"></trkpt>
      <trkpt lat="26.530700" lon="128.043370"></trkpt>
      <trkpt lat="26.530560" lon="128.043350"></trkpt>
      <trkpt lat="26.530520" lon="128.043340"></trkpt>
      <trkpt lat="26.530480" lon="128.043340"></trkpt>
      <trkpt lat="26.530400" lon="128.043320"></trkpt>
      <trkpt lat="26.530220" lon="128.043260"></trkpt>
      <trkpt lat="26.529980" lon="128.043160"></trkpt>
      <trkpt lat="26.529870" lon="128.043090"></trkpt>
      <trkpt lat="26.529830" lon="128.043050"></trkpt>
      <trkpt lat="26.529750" lon="128.043000"></trkpt>
      <trkpt lat="26.529690" lon="128.042950"></trkpt>
      <trkpt lat="26.529600" lon="128.042890"></trkpt>
      <trkpt lat="26.529570" lon="128.042850"></trkpt>
      <trkpt lat="26.529420" lon="128.042690"></trkpt>
      <trkpt lat="26.529350" lon="128.042590"></trkpt>
      <trkpt lat="26.529340" lon="128.042580"></trkpt>
      <trkpt lat="26.529210" lon="128.042390"></trkpt>
      <trkpt lat="26.529160" lon="128.042290"></trkpt>
      <trkpt lat="26.529130" lon="128.042250"></trkpt>
      <trkpt lat="26.528980" lon="128.041950"></trkpt>
      <trkpt lat="26.528980" lon="128.041940"></trkpt>
      <trkpt lat="26.528870" lon="128.041690"></trkpt>
      <trkpt lat="26.528320" lon="128.040300"></trkpt>
      <trkpt lat="26.528310" lon="128.040260"></trkpt>
      <trkpt lat="26.528240" lon="128.040070"></trkpt>
      <trkpt lat="26.528200" lon="128.039990"></trkpt>
      <trkpt lat="26.528170" lon="128.039890"></trkpt>
      <trkpt lat="26.527920" lon="128.039260"></trkpt>
      <trkpt lat="26.527890" lon="128.039160"></trkpt>
      <trkpt lat="26.527760" lon="128.038860"></trkpt>
      <trkpt lat="26.527540" lon="128.038250"></trkpt>
      <trkpt lat="26.527090" lon="128.037130"></trkpt>
      <trkpt lat="26.527060" lon="128.037070"></trkpt>
      <trkpt lat="26.526870" lon="128.036570"></trkpt>
      <trkpt lat="26.526660" lon="128.036120"></trkpt>
      <trkpt lat="26.526220" lon="128.035280"></trkpt>
      <trkpt lat="26.526210" lon="128.035280"></trkpt>
      <trkpt lat="26.525980" lon="128.034830"></trkpt>
      <trkpt lat="26.525910" lon="128.034710"></trkpt>
      <trkpt lat="26.525880" lon="128.034670"></trkpt>
      <trkpt lat="26.525760" lon="128.034430"></trkpt>
      <trkpt lat="26.525500" lon="128.033850"></trkpt>
      <trkpt lat="26.525450" lon="128.033670"></trkpt>
      <trkpt lat="26.525380" lon="128.033470"></trkpt>
      <trkpt lat="26.525270" lon="128.032970"></trkpt>
      <trkpt lat="26.525240" lon="128.032710"></trkpt>
      <trkpt lat="26.525210" lon="128.032540"></trkpt>
      <trkpt lat="26.525190" lon="128.032030"></trkpt>
      <trkpt lat="26.525220" lon="128.031500"></trkpt>
      <trkpt lat="26.525260" lon="128.029870"></trkpt>
      <trkpt lat="26.525250" lon="128.029040"></trkpt>
      <trkpt lat="26.525210" lon="128.028780"></trkpt>
      <trkpt lat="26.525190" lon="128.028580"></trkpt>
      <trkpt lat="26.525150" lon="128.028380"></trkpt>
      <trkpt lat="26.525150" lon="128.028360"></trkpt>
      <trkpt lat="26.525110" lon="128.028180"></trkpt>
      <trkpt lat="26.524970" lon="128.027690"></trkpt>
      <trkpt lat="26.524440" lon="128.026170"></trkpt>
      <trkpt lat="26.524290" lon="128.025620"></trkpt>
      <trkpt lat="26.524260" lon="128.025540"></trkpt>
      <trkpt lat="26.524150" lon="128.025080"></trkpt>
      <trkpt lat="26.523980" lon="128.024180"></trkpt>
      <trkpt lat="26.523960" lon="128.023970"></trkpt>
      <trkpt lat="26.523940" lon="128.023850"></trkpt>
      <trkpt lat="26.523890" lon="128.023390"></trkpt>
      <trkpt lat="26.523880" lon="128.023180"></trkpt>
      <trkpt lat="26.523830" lon="128.022700"></trkpt>
      <trkpt lat="26.523780" lon="128.022370"></trkpt>
      <trkpt lat="26.523770" lon="128.022340"></trkpt>
      <trkpt lat="26.523760" lon="128.022240"></trkpt>
      <trkpt lat="26.523690" lon="128.021980"></trkpt>
      <trkpt lat="26.523690" lon="128.021960"></trkpt>
      <trkpt lat="26.523670" lon="128.021870"></trkpt>
      <trkpt lat="26.523640" lon="128.021790"></trkpt>
      <trkpt lat="26.523620" lon="128.021710"></trkpt>
      <trkpt lat="26.523520" lon="128.021410"></trkpt>
      <trkpt lat="26.523310" lon="128.020930"></trkpt>
      <trkpt lat="26.523250" lon="128.020820"></trkpt>
      <trkpt lat="26.523240" lon="128.020790"></trkpt>
      <trkpt lat="26.522840" lon="128.020120"></trkpt>
      <trkpt lat="26.522810" lon="128.020080"></trkpt>
      <trkpt lat="26.521610" lon="128.018180"></trkpt>
      <trkpt lat="26.521600" lon="128.018150"></trkpt>
      <trkpt lat="26.521500" lon="128.017990"></trkpt>
      <trkpt lat="26.521500" lon="128.017970"></trkpt>
      <trkpt lat="26.521430" lon="128.017840"></trkpt>
      <trkpt lat="26.521410" lon="128.017780"></trkpt>
      <trkpt lat="26.521350" lon="128.017650"></trkpt>
      <trkpt lat="26.521240" lon="128.017320"></trkpt>
      <trkpt lat="26.521080" lon="128.016710"></trkpt>
      <trkpt lat="26.520950" lon="128.015940"></trkpt>
      <trkpt lat="26.520930" lon="128.015860"></trkpt>
      <trkpt lat="26.520310" lon="128.012120"></trkpt>
      <trkpt lat="26.520290" lon="128.012040"></trkpt>
      <trkpt lat="26.519850" lon="128.009390"></trkpt>
      <trkpt lat="26.519630" lon="128.008460"></trkpt>
      <trkpt lat="26.519540" lon="128.008160"></trkpt>
      <trkpt lat="26.519330" lon="128.007570"></trkpt>
      <trkpt lat="26.519320" lon="128.007530"></trkpt>
      <trkpt lat="26.519130" lon="128.007070"></trkpt>
      <trkpt lat="26.519000" lon="128.006810"></trkpt>
      <trkpt lat="26.519000" lon="128.006800"></trkpt>
      <trkpt lat="26.518950" lon="128.006720"></trkpt>
      <trkpt lat="26.518860" lon="128.006540"></trkpt>
      <trkpt lat="26.518700" lon="128.006260"></trkpt>
      <trkpt lat="26.518400" lon="128.005780"></trkpt>
      <trkpt lat="26.518130" lon="128.005410"></trkpt>
      <trkpt lat="26.518100" lon="128.005360"></trkpt>
      <trkpt lat="26.517900" lon="128.005090"></trkpt>
      <trkpt lat="26.517640" lon="128.004780"></trkpt>
      <trkpt lat="26.517460" lon="128.004600"></trkpt>
      <trkpt lat="26.517340" lon="128.004460"></trkpt>
      <trkpt lat="26.517330" lon="128.004460"></trkpt>
      <trkpt lat="26.517030" lon="128.004150"></trkpt>
      <trkpt lat="26.516930" lon="128.004060"></trkpt>
      <trkpt lat="26.516110" lon="128.003240"></trkpt>
      <trkpt lat="26.515930" lon="128.003040"></trkpt>
      <trkpt lat="26.514610" lon="128.001680"></trkpt>
      <trkpt lat="26.514600" lon="128.001680"></trkpt>
      <trkpt lat="26.514340" lon="128.001420"></trkpt>
      <trkpt lat="26.514110" lon="128.001140"></trkpt>
      <trkpt lat="26.513950" lon="128.000910"></trkpt>
      <trkpt lat="26.513830" lon="128.000700"></trkpt>
      <trkpt lat="26.513670" lon="128.000330"></trkpt>
      <trkpt lat="26.513640" lon="128.000240"></trkpt>
      <trkpt lat="26.513630" lon="128.000220"></trkpt>
      <trkpt lat="26.513540" lon="127.999910"></trkpt>
      <trkpt lat="26.513520" lon="127.999860"></trkpt>
      <trkpt lat="26.512700" lon="127.997000"></trkpt>
      <trkpt lat="26.512670" lon="127.996930"></trkpt>
      <trkpt lat="26.512590" lon="127.996640"></trkpt>
      <trkpt lat="26.512560" lon="127.996570"></trkpt>
      <trkpt lat="26.512520" lon="127.996450"></trkpt>
      <trkpt lat="26.512440" lon="127.996270"></trkpt>
      <trkpt lat="26.512440" lon="127.996260"></trkpt>
      <trkpt lat="26.512410" lon="127.996210"></trkpt>
      <trkpt lat="26.512370" lon="127.996120"></trkpt>
      <trkpt lat="26.512240" lon="127.995880"></trkpt>
      <trkpt lat="26.512200" lon="127.995840"></trkpt>
      <trkpt lat="26.512130" lon="127.995720"></trkpt>
      <trkpt lat="26.512100" lon="127.995690"></trkpt>
      <trkpt lat="26.512020" lon="127.995580"></trkpt>
      <trkpt lat="26.511940" lon="127.995500"></trkpt>
      <trkpt lat="26.511940" lon="127.995490"></trkpt>
      <trkpt lat="26.511790" lon="127.995350"></trkpt>
      <trkpt lat="26.511430" lon="127.995100"></trkpt>
      <trkpt lat="26.511400" lon="127.995070"></trkpt>
      <trkpt lat="26.511220" lon="127.994950"></trkpt>
      <trkpt lat="26.511150" lon="127.994920"></trkpt>
      <trkpt lat="26.511020" lon="127.994850"></trkpt>
      <trkpt lat="26.509140" lon="127.994120"></trkpt>
      <trkpt lat="26.509130" lon="127.994110"></trkpt>
      <trkpt lat="26.509050" lon="127.994080"></trkpt>
      <trkpt lat="26.508770" lon="127.993930"></trkpt>
      <trkpt lat="26.508470" lon="127.993710"></trkpt>
      <trkpt lat="26.507980" lon="127.993250"></trkpt>
      <trkpt lat="26.507710" lon="127.992970"></trkpt>
      <trkpt lat="26.507610" lon="127.992880"></trkpt>
      <trkpt lat="26.507580" lon="127.992840"></trkpt>
      <trkpt lat="26.507460" lon="127.992710"></trkpt>
      <trkpt lat="26.506880" lon="127.992170"></trkpt>
      <trkpt lat="26.506860" lon="127.992140"></trkpt>
      <trkpt lat="26.506810" lon="127.992110"></trkpt>
      <trkpt lat="26.506260" lon="127.991640"></trkpt>
      <trkpt lat="26.506210" lon="127.991610"></trkpt>
      <trkpt lat="26.506130" lon="127.991550"></trkpt>
      <trkpt lat="26.506070" lon="127.991520"></trkpt>
      <trkpt lat="26.506030" lon="127.991490"></trkpt>
      <trkpt lat="26.505850" lon="127.991380"></trkpt>
      <trkpt lat="26.505770" lon="127.991350"></trkpt>
      <trkpt lat="26.505730" lon="127.991330"></trkpt>
      <trkpt lat="26.505600" lon="127.991280"></trkpt>
      <trkpt lat="26.505530" lon="127.991260"></trkpt>
      <trkpt lat="26.505520" lon="127.991250"></trkpt>
      <trkpt lat="26.505460" lon="127.991240"></trkpt>
      <trkpt lat="26.505390" lon="127.991220"></trkpt>
      <trkpt lat="26.505230" lon="127.991190"></trkpt>
      <trkpt lat="26.505110" lon="127.991190"></trkpt>
      <trkpt lat="26.505030" lon="127.991200"></trkpt>
      <trkpt lat="26.504990" lon="127.991200"></trkpt>
      <trkpt lat="26.504910" lon="127.991220"></trkpt>
      <trkpt lat="26.504880" lon="127.991220"></trkpt>
      <trkpt lat="26.504820" lon="127.991240"></trkpt>
      <trkpt lat="26.504710" lon="127.991260"></trkpt>
      <trkpt lat="26.504670" lon="127.991280"></trkpt>
      <trkpt lat="26.504630" lon="127.991290"></trkpt>
      <trkpt lat="26.504550" lon="127.991320"></trkpt>
      <trkpt lat="26.504510" lon="127.991340"></trkpt>
      <trkpt lat="26.504500" lon="127.991350"></trkpt>
      <trkpt lat="26.504470" lon="127.991360"></trkpt>
      <trkpt lat="26.504430" lon="127.991380"></trkpt>
      <trkpt lat="26.504390" lon="127.991410"></trkpt>
      <trkpt lat="26.504320" lon="127.991450"></trkpt>
      <trkpt lat="26.503920" lon="127.991810"></trkpt>
      <trkpt lat="26.503770" lon="127.991990"></trkpt>
      <trkpt lat="26.503550" lon="127.992290"></trkpt>
      <trkpt lat="26.503490" lon="127.992400"></trkpt>
      <trkpt lat="26.503030" lon="127.993070"></trkpt>
      <trkpt lat="26.502990" lon="127.993110"></trkpt>
      <trkpt lat="26.502870" lon="127.993260"></trkpt>
      <trkpt lat="26.502800" lon="127.993330"></trkpt>
      <trkpt lat="26.502720" lon="127.993390"></trkpt>
      <trkpt lat="26.502600" lon="127.993500"></trkpt>
      <trkpt lat="26.502320" lon="127.993670"></trkpt>
      <trkpt lat="26.502090" lon="127.993770"></trkpt>
      <trkpt lat="26.501920" lon="127.993820"></trkpt>
      <trkpt lat="26.501710" lon="127.993860"></trkpt>
      <trkpt lat="26.501450" lon="127.993890"></trkpt>
      <trkpt lat="26.501180" lon="127.993890"></trkpt>
      <trkpt lat="26.501100" lon="127.993880"></trkpt>
      <trkpt lat="26.501010" lon="127.993880"></trkpt>
      <trkpt lat="26.500170" lon="127.993760"></trkpt>
      <trkpt lat="26.500100" lon="127.993740"></trkpt>
      <trkpt lat="26.499880" lon="127.993710"></trkpt>
      <trkpt lat="26.499810" lon="127.993690"></trkpt>
      <trkpt lat="26.499560" lon="127.993660"></trkpt>
      <trkpt lat="26.499390" lon="127.993630"></trkpt>
      <trkpt lat="26.497960" lon="127.993490"></trkpt>
      <trkpt lat="26.497650" lon="127.993430"></trkpt>
      <trkpt lat="26.497380" lon="127.993350"></trkpt>
      <trkpt lat="26.496900" lon="127.993160"></trkpt>
      <trkpt lat="26.496780" lon="127.993100"></trkpt>
      <trkpt lat="26.496480" lon="127.992980"></trkpt>
      <trkpt lat="26.496400" lon="127.992930"></trkpt>
      <trkpt lat="26.496110" lon="127.992790"></trkpt>
      <trkpt lat="26.495610" lon="127.992580"></trkpt>
      <trkpt lat="26.495210" lon="127.992450"></trkpt>
      <trkpt lat="26.495060" lon="127.992420"></trkpt>
      <trkpt lat="26.494190" lon="127.992330"></trkpt>
      <trkpt lat="26.494100" lon="127.992310"></trkpt>
      <trkpt lat="26.494010" lon="127.992280"></trkpt>
      <trkpt lat="26.493870" lon="127.992220"></trkpt>
      <trkpt lat="26.493730" lon="127.992140"></trkpt>
      <trkpt lat="26.493590" lon="127.992030"></trkpt>
      <trkpt lat="26.493350" lon="127.991780"></trkpt>
      <trkpt lat="26.493170" lon="127.991510"></trkpt>
      <trkpt lat="26.492880" lon="127.991160"></trkpt>
      <trkpt lat="26.492630" lon="127.990960"></trkpt>
      <trkpt lat="26.492280" lon="127.990770"></trkpt>
      <trkpt lat="26.492200" lon="127.990740"></trkpt>
      <trkpt lat="26.491800" lon="127.990520"></trkpt>
      <trkpt lat="26.491600" lon="127.990370"></trkpt>
      <trkpt lat="26.491480" lon="127.990250"></trkpt>
      <trkpt lat="26.491450" lon="127.990210"></trkpt>
      <trkpt lat="26.491420" lon="127.990150"></trkpt>
      <trkpt lat="26.491380" lon="127.990100"></trkpt>
      <trkpt lat="26.491080" lon="127.989500"></trkpt>
      <trkpt lat="26.490990" lon="127.989360"></trkpt>
      <trkpt lat="26.490940" lon="127.989260"></trkpt>
      <trkpt lat="26.490770" lon="127.988990"></trkpt>
      <trkpt lat="26.490730" lon="127.988940"></trkpt>
      <trkpt lat="26.490500" lon="127.988700"></trkpt>
      <trkpt lat="26.490170" lon="127.988420"></trkpt>
      <trkpt lat="26.490120" lon="127.988390"></trkpt>
      <trkpt lat="26.489850" lon="127.988130"></trkpt>
      <trkpt lat="26.489660" lon="127.987880"></trkpt>
      <trkpt lat="26.489570" lon="127.987720"></trkpt>
      <trkpt lat="26.489360" lon="127.987210"></trkpt>
      <trkpt lat="26.489220" lon="127.986910"></trkpt>
      <trkpt lat="26.489060" lon="127.986640"></trkpt>
      <trkpt lat="26.488780" lon="127.986260"></trkpt>
      <trkpt lat="26.488740" lon="127.986220"></trkpt>
      <trkpt lat="26.487910" lon="127.985230"></trkpt>
      <trkpt lat="26.487530" lon="127.984630"></trkpt>
      <trkpt lat="26.487000" lon="127.983590"></trkpt>
      <trkpt lat="26.486960" lon="127.983530"></trkpt>
      <trkpt lat="26.486910" lon="127.983420"></trkpt>
      <trkpt lat="26.485970" lon="127.981620"></trkpt>
      <trkpt lat="26.485940" lon="127.981550"></trkpt>
      <trkpt lat="26.485490" lon="127.980670"></trkpt>
      <trkpt lat="26.485440" lon="127.980590"></trkpt>
      <trkpt lat="26.485100" lon="127.979900"></trkpt>
      <trkpt lat="26.484960" lon="127.979560"></trkpt>
      <trkpt lat="26.484920" lon="127.979480"></trkpt>
      <trkpt lat="26.484840" lon="127.979120"></trkpt>
      <trkpt lat="26.484790" lon="127.978830"></trkpt>
      <trkpt lat="26.484790" lon="127.978730"></trkpt>
      <trkpt lat="26.484710" lon="127.977500"></trkpt>
      <trkpt lat="26.484650" lon="127.977100"></trkpt>
      <trkpt lat="26.484630" lon="127.977020"></trkpt>
      <trkpt lat="26.484490" lon="127.976070"></trkpt>
      <trkpt lat="26.484470" lon="127.975990"></trkpt>
      <trkpt lat="26.484410" lon="127.975550"></trkpt>
      <trkpt lat="26.484410" lon="127.975350"></trkpt>
      <trkpt lat="26.484420" lon="127.975220"></trkpt>
      <trkpt lat="26.484420" lon="127.975080"></trkpt>
      <trkpt lat="26.484530" lon="127.974660"></trkpt>
      <trkpt lat="26.484760" lon="127.973990"></trkpt>
      <trkpt lat="26.484830" lon="127.973700"></trkpt>
      <trkpt lat="26.484850" lon="127.973570"></trkpt>
      <trkpt lat="26.484870" lon="127.973280"></trkpt>
      <trkpt lat="26.484840" lon="127.972940"></trkpt>
      <trkpt lat="26.484820" lon="127.972810"></trkpt>
      <trkpt lat="26.484710" lon="127.972460"></trkpt>
      <trkpt lat="26.484530" lon="127.972050"></trkpt>
      <trkpt lat="26.484490" lon="127.971980"></trkpt>
      <trkpt lat="26.484390" lon="127.971760"></trkpt>
      <trkpt lat="26.484160" lon="127.971310"></trkpt>
      <trkpt lat="26.482570" lon="127.967900"></trkpt>
      <trkpt lat="26.482560" lon="127.967890"></trkpt>
      <trkpt lat="26.482530" lon="127.967820"></trkpt>
      <trkpt lat="26.482470" lon="127.967720"></trkpt>
      <trkpt lat="26.482470" lon="127.967710"></trkpt>
      <trkpt lat="26.482420" lon="127.967610"></trkpt>
      <trkpt lat="26.482270" lon="127.967390"></trkpt>
      <trkpt lat="26.482270" lon="127.967380"></trkpt>
      <trkpt lat="26.482180" lon="127.967230"></trkpt>
      <trkpt lat="26.482080" lon="127.967100"></trkpt>
      <trkpt lat="26.481770" lon="127.966810"></trkpt>
      <trkpt lat="26.481430" lon="127.966590"></trkpt>
      <trkpt lat="26.481320" lon="127.966530"></trkpt>
      <trkpt lat="26.481300" lon="127.966530"></trkpt>
      <trkpt lat="26.481240" lon="127.966500"></trkpt>
      <trkpt lat="26.480890" lon="127.966370"></trkpt>
      <trkpt lat="26.480760" lon="127.966340"></trkpt>
      <trkpt lat="26.480320" lon="127.966290"></trkpt>
      <trkpt lat="26.480160" lon="127.966290"></trkpt>
      <trkpt lat="26.478880" lon="127.966400"></trkpt>
      <trkpt lat="26.478770" lon="127.966390"></trkpt>
      <trkpt lat="26.478530" lon="127.966350"></trkpt>
      <trkpt lat="26.478170" lon="127.966250"></trkpt>
      <trkpt lat="26.477980" lon="127.966160"></trkpt>
      <trkpt lat="26.477730" lon="127.966000"></trkpt>
      <trkpt lat="26.477500" lon="127.965870"></trkpt>
      <trkpt lat="26.477400" lon="127.965800"></trkpt>
      <trkpt lat="26.477360" lon="127.965780"></trkpt>
      <trkpt lat="26.477140" lon="127.965590"></trkpt>
      <trkpt lat="26.477050" lon="127.965490"></trkpt>
      <trkpt lat="26.476950" lon="127.965350"></trkpt>
      <trkpt lat="26.476830" lon="127.965120"></trkpt>
      <trkpt lat="26.476750" lon="127.964860"></trkpt>
      <trkpt lat="26.476660" lon="127.964510"></trkpt>
      <trkpt lat="26.476620" lon="127.964300"></trkpt>
      <trkpt lat="26.476610" lon="127.964190"></trkpt>
      <trkpt lat="26.476510" lon="127.963800"></trkpt>
      <trkpt lat="26.476430" lon="127.963610"></trkpt>
      <trkpt lat="26.476300" lon="127.963360"></trkpt>
      <trkpt lat="26.476220" lon="127.963180"></trkpt>
      <trkpt lat="26.476210" lon="127.963170"></trkpt>
      <trkpt lat="26.475840" lon="127.962520"></trkpt>
      <trkpt lat="26.475820" lon="127.962470"></trkpt>
      <trkpt lat="26.475760" lon="127.962370"></trkpt>
      <trkpt lat="26.475640" lon="127.962090"></trkpt>
      <trkpt lat="26.475550" lon="127.961750"></trkpt>
      <trkpt lat="26.475540" lon="127.961680"></trkpt>
      <trkpt lat="26.475540" lon="127.961610"></trkpt>
      <trkpt lat="26.475530" lon="127.961520"></trkpt>
      <trkpt lat="26.475530" lon="127.961340"></trkpt>
      <trkpt lat="26.475690" lon="127.960290"></trkpt>
      <trkpt lat="26.475700" lon="127.960170"></trkpt>
      <trkpt lat="26.475710" lon="127.957970"></trkpt>
      <trkpt lat="26.475700" lon="127.957870"></trkpt>
      <trkpt lat="26.475690" lon="127.957330"></trkpt>
      <trkpt lat="26.475680" lon="127.957260"></trkpt>
      <trkpt lat="26.475650" lon="127.956560"></trkpt>
      <trkpt lat="26.475640" lon="127.956490"></trkpt>
      <trkpt lat="26.475640" lon="127.956400"></trkpt>
      <trkpt lat="26.475600" lon="127.956150"></trkpt>
      <trkpt lat="26.475560" lon="127.956010"></trkpt>
      <trkpt lat="26.475470" lon="127.955790"></trkpt>
      <trkpt lat="26.475390" lon="127.955650"></trkpt>
      <trkpt lat="26.474200" lon="127.953920"></trkpt>
      <trkpt lat="26.474190" lon="127.953900"></trkpt>
      <trkpt lat="26.474190" lon="127.953880"></trkpt>
      <trkpt lat="26.474180" lon="127.953870"></trkpt>
      <trkpt lat="26.473330" lon="127.952610"></trkpt>
      <trkpt lat="26.473180" lon="127.952330"></trkpt>
      <trkpt lat="26.472910" lon="127.951750"></trkpt>
      <trkpt lat="26.472670" lon="127.951080"></trkpt>
      <trkpt lat="26.472640" lon="127.950930"></trkpt>
      <trkpt lat="26.472430" lon="127.950220"></trkpt>
      <trkpt lat="26.472430" lon="127.950210"></trkpt>
      <trkpt lat="26.471950" lon="127.948670"></trkpt>
      <trkpt lat="26.471920" lon="127.948500"></trkpt>
      <trkpt lat="26.471890" lon="127.948210"></trkpt>
      <trkpt lat="26.471890" lon="127.947930"></trkpt>
      <trkpt lat="26.471900" lon="127.947890"></trkpt>
      <trkpt lat="26.471910" lon="127.947780"></trkpt>
      <trkpt lat="26.471950" lon="127.947560"></trkpt>
      <trkpt lat="26.472090" lon="127.947030"></trkpt>
      <trkpt lat="26.472150" lon="127.946710"></trkpt>
      <trkpt lat="26.472160" lon="127.946580"></trkpt>
      <trkpt lat="26.472160" lon="127.946300"></trkpt>
      <trkpt lat="26.472150" lon="127.946210"></trkpt>
      <trkpt lat="26.472130" lon="127.946150"></trkpt>
      <trkpt lat="26.472120" lon="127.946070"></trkpt>
      <trkpt lat="26.472100" lon="127.945980"></trkpt>
      <trkpt lat="26.472070" lon="127.945910"></trkpt>
      <trkpt lat="26.472050" lon="127.945840"></trkpt>
      <trkpt lat="26.472040" lon="127.945820"></trkpt>
      <trkpt lat="26.472020" lon="127.945760"></trkpt>
      <trkpt lat="26.471960" lon="127.945640"></trkpt>
      <trkpt lat="26.471950" lon="127.945640"></trkpt>
      <trkpt lat="26.471920" lon="127.945580"></trkpt>
      <trkpt lat="26.471850" lon="127.945470"></trkpt>
      <trkpt lat="26.471800" lon="127.945410"></trkpt>
      <trkpt lat="26.471800" lon="127.945400"></trkpt>
      <trkpt lat="26.471670" lon="127.945220"></trkpt>
      <trkpt lat="26.471160" lon="127.944670"></trkpt>
      <trkpt lat="26.471090" lon="127.944570"></trkpt>
      <trkpt lat="26.471050" lon="127.944540"></trkpt>
      <trkpt lat="26.469730" lon="127.942650"></trkpt>
      <trkpt lat="26.469560" lon="127.942360"></trkpt>
      <trkpt lat="26.469500" lon="127.942210"></trkpt>
      <trkpt lat="26.469450" lon="127.942110"></trkpt>
      <trkpt lat="26.469370" lon="127.941870"></trkpt>
      <trkpt lat="26.469330" lon="127.941680"></trkpt>
      <trkpt lat="26.469210" lon="127.941230"></trkpt>
      <trkpt lat="26.469190" lon="127.941110"></trkpt>
      <trkpt lat="26.468920" lon="127.939920"></trkpt>
      <trkpt lat="26.468880" lon="127.939810"></trkpt>
      <trkpt lat="26.468880" lon="127.939800"></trkpt>
      <trkpt lat="26.468720" lon="127.939440"></trkpt>
      <trkpt lat="26.468510" lon="127.939190"></trkpt>
      <trkpt lat="26.468060" lon="127.938800"></trkpt>
      <trkpt lat="26.467940" lon="127.938710"></trkpt>
      <trkpt lat="26.466630" lon="127.937620"></trkpt>
      <trkpt lat="26.466540" lon="127.937510"></trkpt>
      <trkpt lat="26.466170" lon="127.937240"></trkpt>
      <trkpt lat="26.466140" lon="127.937340"></trkpt>
      <trkpt lat="26.466070" lon="127.937460"></trkpt>
      <trkpt lat="26.465960" lon="127.937620"></trkpt>
      <trkpt lat="26.465830" lon="127.937850"></trkpt>
      <trkpt lat="26.465750" lon="127.937930"></trkpt>
      <trkpt lat="26.465690" lon="127.938090"></trkpt>
      <trkpt lat="26.465660" lon="127.938140"></trkpt>
      <trkpt lat="26.465600" lon="127.938280"></trkpt>
      <trkpt lat="26.465580" lon="127.938310"></trkpt>
      <trkpt lat="26.465560" lon="127.938410"></trkpt>
      <trkpt lat="26.465510" lon="127.938520"></trkpt>
      <trkpt lat="26.465510" lon="127.938570"></trkpt>
      <trkpt lat="26.465480" lon="127.938770"></trkpt>
      <trkpt lat="26.465460" lon="127.939190"></trkpt>
      <trkpt lat="26.465460" lon="127.939460"></trkpt>
      <trkpt lat="26.465520" lon="127.939970"></trkpt>
      <trkpt lat="26.465580" lon="127.940350"></trkpt>
      <trkpt lat="26.465580" lon="127.940410"></trkpt>
      <trkpt lat="26.465570" lon="127.940480"></trkpt>
      <trkpt lat="26.465540" lon="127.940570"></trkpt>
      <trkpt lat="26.465480" lon="127.940700"></trkpt>
      <trkpt lat="26.465430" lon="127.940780"></trkpt>
      <trkpt lat="26.465400" lon="127.940810"></trkpt>
      <trkpt lat="26.465110" lon="127.941210"></trkpt>
      <trkpt lat="26.465100" lon="127.941230"></trkpt>
      <trkpt lat="26.465000" lon="127.941370"></trkpt>
      <trkpt lat="26.464580" lon="127.942030"></trkpt>
      <trkpt lat="26.464480" lon="127.942120"></trkpt>
      <trkpt lat="26.464470" lon="127.942140"></trkpt>
      <trkpt lat="26.464400" lon="127.942180"></trkpt>
      <trkpt lat="26.464390" lon="127.942180"></trkpt>
      <trkpt lat="26.464350" lon="127.942210"></trkpt>
      <trkpt lat="26.464170" lon="127.942260"></trkpt>
      <trkpt lat="26.464110" lon="127.942270"></trkpt>
      <trkpt lat="26.463530" lon="127.942280"></trkpt>
      <trkpt lat="26.463210" lon="127.942330"></trkpt>
      <trkpt lat="26.463170" lon="127.942330"></trkpt>
      <trkpt lat="26.462860" lon="127.942410"></trkpt>
      <trkpt lat="26.462850" lon="127.942420"></trkpt>
      <trkpt lat="26.462720" lon="127.942450"></trkpt>
      <trkpt lat="26.462550" lon="127.942510"></trkpt>
      <trkpt lat="26.462520" lon="127.942530"></trkpt>
      <trkpt lat="26.462480" lon="127.942540"></trkpt>
      <trkpt lat="26.462390" lon="127.942580"></trkpt>
      <trkpt lat="26.462350" lon="127.942610"></trkpt>
      <trkpt lat="26.462200" lon="127.942700"></trkpt>
      <trkpt lat="26.462180" lon="127.942720"></trkpt>
      <trkpt lat="26.462100" lon="127.942780"></trkpt>
      <trkpt lat="26.461400" lon="127.943480"></trkpt>
      <trkpt lat="26.461150" lon="127.943660"></trkpt>
      <trkpt lat="26.460960" lon="127.943740"></trkpt>
      <trkpt lat="26.460800" lon="127.943790"></trkpt>
      <trkpt lat="26.460630" lon="127.943820"></trkpt>
      <trkpt lat="26.460310" lon="127.943820"></trkpt>
      <trkpt lat="26.460300" lon="127.943960"></trkpt>
      <trkpt lat="26.460290" lon="127.943970"></trkpt>
      <trkpt lat="26.460290" lon="127.943990"></trkpt>
      <trkpt lat="26.460280" lon="127.943990"></trkpt>
      <trkpt lat="26.460280" lon="127.944000"></trkpt>
      <trkpt lat="26.459670" lon="127.944600"></trkpt>
      <trkpt lat="26.459950" lon="127.944970"></trkpt>
      <trkpt lat="26.460020" lon="127.945010"></trkpt>
    </trkseg>
  </trk>
</gpx>
