<?xml version="1.0" encoding="UTF-8"?>
<kml xmlns="http://www.opengis.net/kml/2.2">
  <Document>
    <name>2026環沖繩</name>
    <description>這是由Kenny、Ray、Ben組成的奇幻冒險團~</description>
    <Style id="icon-1899-0288D1-labelson-nodesc">
      <IconStyle>
        <color>ffd18802</color>
        <scale>1</scale>
        <Icon>
          <href>https://www.gstatic.com/mapspro/images/stock/503-wht-blank_maps.png</href>
        </Icon>
        <hotSpot x="32" xunits="pixels" y="64" yunits="insetPixels"/>
      </IconStyle>
      <BalloonStyle>
        <text><![CDATA[<h3>$[name]</h3>]]></text>
      </BalloonStyle>
    </Style>
    <Style id="icon-1899-DB4436-nodesc-normal">
      <IconStyle>
        <color>ff3644db</color>
        <scale>1</scale>
        <Icon>
          <href>https://www.gstatic.com/mapspro/images/stock/503-wht-blank_maps.png</href>
        </Icon>
        <hotSpot x="32" xunits="pixels" y="64" yunits="insetPixels"/>
      </IconStyle>
      <LabelStyle>
        <scale>0</scale>
      </LabelStyle>
      <BalloonStyle>
        <text><![CDATA[<h3>$[name]</h3>]]></text>
      </BalloonStyle>
    </Style>
    <Style id="icon-1899-DB4436-nodesc-highlight">
      <IconStyle>
        <color>ff3644db</color>
        <scale>1</scale>
        <Icon>
          <href>https://www.gstatic.com/mapspro/images/stock/503-wht-blank_maps.png</href>
        </Icon>
        <hotSpot x="32" xunits="pixels" y="64" yunits="insetPixels"/>
      </IconStyle>
      <LabelStyle>
        <scale>1</scale>
      </LabelStyle>
      <BalloonStyle>
        <text><![CDATA[<h3>$[name]</h3>]]></text>
      </BalloonStyle>
    </Style>
    <StyleMap id="icon-1899-DB4436-nodesc">
      <Pair>
        <key>normal</key>
        <styleUrl>#icon-1899-DB4436-nodesc-normal</styleUrl>
      </Pair>
      <Pair>
        <key>highlight</key>
        <styleUrl>#icon-1899-DB4436-nodesc-highlight</styleUrl>
      </Pair>
    </StyleMap>
    <Style id="line-1267FF-5000-nodesc-normal">
      <LineStyle>
        <color>ffff6712</color>
        <width>5</width>
      </LineStyle>
      <BalloonStyle>
        <text><![CDATA[<h3>$[name]</h3>]]></text>
      </BalloonStyle>
    </Style>
    <Style id="line-1267FF-5000-nodesc-highlight">
      <LineStyle>
        <color>ffff6712</color>
        <width>7.5</width>
      </LineStyle>
      <BalloonStyle>
        <text><![CDATA[<h3>$[name]</h3>]]></text>
      </BalloonStyle>
    </Style>
    <StyleMap id="line-1267FF-5000-nodesc">
      <Pair>
        <key>normal</key>
        <styleUrl>#line-1267FF-5000-nodesc-normal</styleUrl>
      </Pair>
      <Pair>
        <key>highlight</key>
        <styleUrl>#line-1267FF-5000-nodesc-highlight</styleUrl>
      </Pair>
    </StyleMap>
    <Folder>
      <name>總覽</name>
      <Placemark>
        <name>殘波岬燈塔</name>
        <styleUrl>#icon-1899-0288D1-labelson-nodesc</styleUrl>
        <Point>
          <coordinates>
            127.7137202,26.4410671,0
          </coordinates>
        </Point>
      </Placemark>
      <Placemark>
        <name>萬座毛</name>
        <styleUrl>#icon-1899-0288D1-labelson-nodesc</styleUrl>
        <Point>
          <coordinates>
            127.8504781,26.5052353,0
          </coordinates>
        </Point>
      </Placemark>
      <Placemark>
        <name>Lawson 本部具志堅店</name>
        <styleUrl>#icon-1899-0288D1-labelson-nodesc</styleUrl>
        <Point>
          <coordinates>
            127.9063988,26.6971271,0
          </coordinates>
        </Point>
      </Placemark>
      <Placemark>
        <name>5910 sa-ta-cafe</name>
        <styleUrl>#icon-1899-0288D1-labelson-nodesc</styleUrl>
        <Point>
          <coordinates>
            128.0146576,26.7103487,0
          </coordinates>
        </Point>
      </Placemark>
      <Placemark>
        <name>古宇利蝦蝦飯</name>
        <styleUrl>#icon-1899-0288D1-labelson-nodesc</styleUrl>
        <Point>
          <coordinates>
            128.0197784,26.6968294,0
          </coordinates>
        </Point>
      </Placemark>
      <Placemark>
        <name>屋我地大橋</name>
        <styleUrl>#icon-1899-0288D1-labelson-nodesc</styleUrl>
        <Point>
          <coordinates>
            128.0326249,26.6439588,0
          </coordinates>
        </Point>
      </Placemark>
      <Placemark>
        <name>Yanbaru Hostel</name>
        <styleUrl>#icon-1899-0288D1-labelson-nodesc</styleUrl>
        <Point>
          <coordinates>
            128.1770091,26.7442266,0
          </coordinates>
        </Point>
      </Placemark>
      <Placemark>
        <name>辺戸蔡温松並木保全公園トイレ</name>
        <styleUrl>#icon-1899-0288D1-labelson-nodesc</styleUrl>
        <Point>
          <coordinates>
            128.262807,26.8567601,0
          </coordinates>
        </Point>
      </Placemark>
      <Placemark>
        <name>Lawson 名護邊野古店</name>
        <styleUrl>#icon-1899-0288D1-labelson-nodesc</styleUrl>
        <Point>
          <coordinates>
            128.0225015,26.5238368,0
          </coordinates>
        </Point>
      </Placemark>
      <Placemark>
        <name>ASBO STAY HOTEL</name>
        <styleUrl>#icon-1899-0288D1-labelson-nodesc</styleUrl>
        <Point>
          <coordinates>
            127.9455834,26.4598025,0
          </coordinates>
        </Point>
      </Placemark>
      <Placemark>
        <name>沖繩戰跡國定公園</name>
        <styleUrl>#icon-1899-0288D1-labelson-nodesc</styleUrl>
        <Point>
          <coordinates>
            127.7234728,26.0951187,0
          </coordinates>
        </Point>
      </Placemark>
      <Placemark>
        <name>瀨長島</name>
        <styleUrl>#icon-1899-0288D1-labelson-nodesc</styleUrl>
        <Point>
          <coordinates>
            127.6404367,26.1766603,0
          </coordinates>
        </Point>
      </Placemark>
      <Placemark>
        <name>海中道路沙灘</name>
        <styleUrl>#icon-1899-0288D1-labelson-nodesc</styleUrl>
        <Point>
          <coordinates>
            127.9253622,26.3320488,0
          </coordinates>
        </Point>
      </Placemark>
      <Placemark>
        <name>Villa Nakijin COCONUT JUNGLIA Okinawa - Entire Place</name>
        <styleUrl>#icon-1899-0288D1-labelson-nodesc</styleUrl>
        <Point>
          <coordinates>
            127.9790802,26.6909103,0
          </coordinates>
        </Point>
      </Placemark>
      <Placemark>
        <name>Comfort Hotel Naha Prefectural Office</name>
        <styleUrl>#icon-1899-0288D1-labelson-nodesc</styleUrl>
        <Point>
          <coordinates>
            127.6776457,26.2134511,0
          </coordinates>
        </Point>
      </Placemark>
      <Placemark>
        <name>安波共同店</name>
        <styleUrl>#icon-1899-0288D1-labelson-nodesc</styleUrl>
        <Point>
          <coordinates>
            128.2862249,26.7159456,0
          </coordinates>
        </Point>
      </Placemark>
      <Placemark>
        <name>Lawson 與那城海中道路前店</name>
        <styleUrl>#icon-1899-0288D1-labelson-nodesc</styleUrl>
        <Point>
          <coordinates>
            127.954777,26.3405439,0
          </coordinates>
        </Point>
      </Placemark>
      <Placemark>
        <name>MINATOGAWA STAY OKINAWA</name>
        <styleUrl>#icon-1899-0288D1-labelson-nodesc</styleUrl>
        <Point>
          <coordinates>
            127.7564782,26.1256123,0
          </coordinates>
        </Point>
      </Placemark>
    </Folder>
    <Folder>
      <name>第一天路線(10/11)</name>
      <Placemark>
        <name>第一天路線(10/11)</name>
        <styleUrl>#line-1267FF-5000-nodesc</styleUrl>
        <LineString>
          <tessellate>1</tessellate>
          <coordinates>
            127.67753,26.21348,0
            127.67748,26.21333,0
            127.67715,26.21342,0
            127.67683,26.21349,0
            127.67654,26.21357,0
            127.67624,26.21364,0
            127.67623,26.21364,0
            127.67611,26.21366,0
            127.67598,26.21371,0
            127.67607,26.21384,0
            127.67614,26.21392,0
            127.67629,26.21407,0
            127.67634,26.21413,0
            127.67659,26.21436,0
            127.67785,26.21538,0
            127.678,26.21549,0
            127.67849,26.21591,0
            127.6789,26.21624,0
            127.67974,26.217,0
            127.67985,26.21711,0
            127.68034,26.21767,0
            127.68173,26.21942,0
            127.68178,26.21947,0
            127.6818,26.2195,0
            127.68217,26.21996,0
            127.68241,26.22032,0
            127.6826,26.22063,0
            127.68264,26.22071,0
            127.68279,26.22095,0
            127.68496,26.22512,0
            127.685,26.22518,0
            127.685,26.2252,0
            127.68501,26.2252,0
            127.68567,26.22651,0
            127.68582,26.22685,0
            127.68591,26.22712,0
            127.68593,26.22716,0
            127.68599,26.22738,0
            127.68605,26.22754,0
            127.68605,26.22755,0
            127.68614,26.22794,0
            127.68619,26.22825,0
            127.68619,26.2283,0
            127.68623,26.22874,0
            127.68622,26.22946,0
            127.68618,26.22983,0
            127.68604,26.23052,0
            127.68592,26.23098,0
            127.68574,26.23155,0
            127.6857,26.23172,0
            127.68567,26.2318,0
            127.68558,26.23219,0
            127.68556,26.23236,0
            127.68553,26.23253,0
            127.68552,26.2327,0
            127.68553,26.23312,0
            127.68559,26.23354,0
            127.68568,26.23392,0
            127.68581,26.23429,0
            127.6866,26.23594,0
            127.68668,26.23609,0
            127.68668,26.2361,0
            127.68697,26.23666,0
            127.68703,26.2368,0
            127.68714,26.23701,0
            127.68736,26.23751,0
            127.68764,26.23806,0
            127.68781,26.23835,0
            127.68787,26.23844,0
            127.68795,26.23858,0
            127.68799,26.23863,0
            127.68806,26.23866,0
            127.68807,26.23866,0
            127.6882,26.23884,0
            127.6882,26.23885,0
            127.6883,26.23897,0
            127.68841,26.23912,0
            127.68909,26.23994,0
            127.68916,26.24001,0
            127.69176,26.24312,0
            127.69218,26.24358,0
            127.69246,26.24384,0
            127.69294,26.24419,0
            127.69335,26.24444,0
            127.69387,26.2447,0
            127.69401,26.24478,0
            127.69422,26.24487,0
            127.6943,26.24494,0
            127.6948,26.24518,0
            127.69497,26.24528,0
            127.69505,26.24532,0
            127.69527,26.24545,0
            127.69549,26.2456,0
            127.69561,26.24567,0
            127.69596,26.24592,0
            127.69611,26.24605,0
            127.69619,26.24615,0
            127.69652,26.24644,0
            127.69678,26.2467,0
            127.69681,26.24675,0
            127.69706,26.24703,0
            127.69749,26.24759,0
            127.6976,26.24772,0
            127.69762,26.24775,0
            127.69767,26.2478,0
            127.69793,26.2481,0
            127.69827,26.24844,0
            127.69848,26.24862,0
            127.69857,26.24871,0
            127.69863,26.24875,0
            127.69879,26.24888,0
            127.69884,26.24891,0
            127.69903,26.24906,0
            127.6997,26.2495,0
            127.69992,26.24963,0
            127.69998,26.24966,0
            127.70186,26.25087,0
            127.70207,26.25102,0
            127.70256,26.25133,0
            127.70265,26.2514,0
            127.7029,26.25157,0
            127.70325,26.25185,0
            127.70376,26.2523,0
            127.70534,26.25383,0
            127.70564,26.2541,0
            127.70636,26.25482,0
            127.7064,26.25485,0
            127.7064,26.25486,0
            127.70671,26.25515,0
            127.70676,26.25521,0
            127.70733,26.25574,0
            127.70751,26.25592,0
            127.708,26.25636,0
            127.70884,26.2572,0
            127.70969,26.25801,0
            127.70987,26.25816,0
            127.71031,26.25859,0
            127.71036,26.25863,0
            127.71069,26.25894,0
            127.71106,26.25945,0
            127.71118,26.25965,0
            127.71122,26.2597,0
            127.71135,26.2599,0
            127.71136,26.25992,0
            127.71138,26.25994,0
            127.71138,26.25996,0
            127.7114,26.25998,0
            127.7114,26.25999,0
            127.71141,26.26,0
            127.71142,26.26003,0
            127.71168,26.26044,0
            127.7117,26.26048,0
            127.71182,26.26066,0
            127.71184,26.26071,0
            127.7124,26.26163,0
            127.71244,26.26171,0
            127.71268,26.26207,0
            127.7128,26.26229,0
            127.71319,26.26289,0
            127.71327,26.26306,0
            127.7143,26.26482,0
            127.71451,26.26521,0
            127.71476,26.26563,0
            127.71494,26.26586,0
            127.71515,26.2661,0
            127.71551,26.26645,0
            127.71586,26.26671,0
            127.716,26.2668,0
            127.71621,26.26692,0
            127.71643,26.26703,0
            127.7168,26.26719,0
            127.71713,26.26731,0
            127.71745,26.2674,0
            127.71753,26.26741,0
            127.71762,26.26743,0
            127.71773,26.26744,0
            127.71782,26.26746,0
            127.71832,26.26751,0
            127.71884,26.26751,0
            127.71912,26.26748,0
            127.71938,26.26744,0
            127.71971,26.26737,0
            127.71977,26.26735,0
            127.71979,26.26735,0
            127.72011,26.26726,0
            127.7211,26.26693,0
            127.72112,26.26692,0
            127.72166,26.26675,0
            127.72211,26.26663,0
            127.7225,26.26654,0
            127.72263,26.26652,0
            127.72321,26.26647,0
            127.72369,26.26645,0
            127.7241,26.26648,0
            127.72459,26.26658,0
            127.72478,26.2666,0
            127.72545,26.26677,0
            127.72763,26.26744,0
            127.7278,26.26748,0
            127.73066,26.26835,0
            127.73301,26.26892,0
            127.73317,26.26895,0
            127.73399,26.26914,0
            127.73402,26.26915,0
            127.73441,26.26923,0
            127.73443,26.26924,0
            127.73656,26.26973,0
            127.73684,26.26983,0
            127.73707,26.26993,0
            127.73733,26.27007,0
            127.73765,26.27028,0
            127.73814,26.27068,0
            127.73843,26.27094,0
            127.73858,26.2711,0
            127.73867,26.27124,0
            127.73873,26.27132,0
            127.73887,26.27154,0
            127.73889,26.27159,0
            127.73906,26.27192,0
            127.73921,26.27225,0
            127.73923,26.27228,0
            127.73949,26.27283,0
            127.73973,26.27323,0
            127.74,26.27362,0
            127.74078,26.27451,0
            127.74085,26.2746,0
            127.74132,26.27509,0
            127.74138,26.27516,0
            127.74142,26.27519,0
            127.7417,26.27547,0
            127.7421,26.27583,0
            127.74211,26.27585,0
            127.74225,26.27596,0
            127.74247,26.27611,0
            127.74254,26.27617,0
            127.74322,26.27662,0
            127.74416,26.27714,0
            127.7442,26.27717,0
            127.74727,26.27889,0
            127.74733,26.27893,0
            127.74753,26.27904,0
            127.74754,26.27905,0
            127.74784,26.27924,0
            127.74836,26.27961,0
            127.75138,26.28188,0
            127.75146,26.28193,0
            127.7527,26.28286,0
            127.75336,26.28339,0
            127.75393,26.28401,0
            127.75428,26.28444,0
            127.75429,26.28446,0
            127.75436,26.28455,0
            127.75441,26.28463,0
            127.75494,26.28532,0
            127.75506,26.28546,0
            127.75529,26.28576,0
            127.75546,26.28605,0
            127.75553,26.28621,0
            127.75554,26.28622,0
            127.75557,26.28627,0
            127.75588,26.28713,0
            127.75589,26.28714,0
            127.75617,26.28775,0
            127.75639,26.28818,0
            127.75644,26.28826,0
            127.75688,26.28912,0
            127.75704,26.28941,0
            127.75766,26.29064,0
            127.75766,26.29065,0
            127.7579,26.29112,0
            127.75807,26.29142,0
            127.75812,26.29149,0
            127.75827,26.29174,0
            127.75833,26.29181,0
            127.75846,26.29199,0
            127.75849,26.29205,0
            127.75887,26.2925,0
            127.7592,26.29292,0
            127.75921,26.29294,0
            127.75928,26.29303,0
            127.7595,26.29339,0
            127.75975,26.29388,0
            127.75995,26.29441,0
            127.75996,26.29446,0
            127.76027,26.29554,0
            127.7603,26.29561,0
            127.76074,26.29697,0
            127.76076,26.29708,0
            127.76085,26.29745,0
            127.76089,26.29774,0
            127.76092,26.2979,0
            127.76092,26.29795,0
            127.76094,26.29805,0
            127.76096,26.29823,0
            127.76096,26.29844,0
            127.76099,26.29917,0
            127.761,26.29925,0
            127.761,26.29934,0
            127.76103,26.29964,0
            127.76107,26.29992,0
            127.76117,26.30036,0
            127.76121,26.30048,0
            127.76127,26.30071,0
            127.76129,26.30082,0
            127.76197,26.30345,0
            127.7621,26.30383,0
            127.76211,26.30387,0
            127.76225,26.30424,0
            127.76241,26.3046,0
            127.76295,26.30557,0
            127.76299,26.30563,0
            127.763,26.30566,0
            127.76349,26.30648,0
            127.76351,26.30652,0
            127.76352,26.30653,0
            127.76363,26.30677,0
            127.76376,26.30712,0
            127.76382,26.30734,0
            127.76388,26.30768,0
            127.76391,26.30792,0
            127.76392,26.30818,0
            127.76382,26.30881,0
            127.76379,26.30895,0
            127.76368,26.30927,0
            127.76368,26.30928,0
            127.76354,26.30959,0
            127.76337,26.30989,0
            127.76336,26.30992,0
            127.76326,26.31011,0
            127.76326,26.31014,0
            127.763,26.31065,0
            127.76299,26.31068,0
            127.76292,26.31079,0
            127.76269,26.31123,0
            127.76267,26.31128,0
            127.76253,26.31153,0
            127.76104,26.3144,0
            127.76087,26.31477,0
            127.76074,26.315,0
            127.76068,26.31513,0
            127.76067,26.31514,0
            127.76034,26.31579,0
            127.76014,26.31631,0
            127.76012,26.31638,0
            127.76011,26.3164,0
            127.7601,26.31643,0
            127.76009,26.31648,0
            127.76008,26.31651,0
            127.76007,26.31652,0
            127.76007,26.31656,0
            127.76006,26.31657,0
            127.76006,26.31658,0
            127.76005,26.31661,0
            127.76004,26.31663,0
            127.76003,26.31668,0
            127.75996,26.31692,0
            127.75996,26.31693,0
            127.75994,26.31701,0
            127.75993,26.31709,0
            127.75992,26.31712,0
            127.75991,26.31717,0
            127.7599,26.3172,0
            127.75961,26.31865,0
            127.75957,26.31879,0
            127.75956,26.31884,0
            127.75932,26.3196,0
            127.759,26.32028,0
            127.75895,26.32037,0
            127.75889,26.3205,0
            127.75884,26.32056,0
            127.75879,26.32066,0
            127.75865,26.32089,0
            127.7586,26.32095,0
            127.75857,26.32101,0
            127.75833,26.32135,0
            127.75811,26.32162,0
            127.75809,26.32165,0
            127.75802,26.32172,0
            127.7573,26.32255,0
            127.75723,26.32262,0
            127.75631,26.32368,0
            127.75621,26.32378,0
            127.7562,26.3238,0
            127.75504,26.32514,0
            127.75499,26.32519,0
            127.75441,26.32586,0
            127.75426,26.32606,0
            127.75356,26.32687,0
            127.75337,26.32704,0
            127.75319,26.32724,0
            127.75305,26.32742,0
            127.75247,26.32809,0
            127.75236,26.32824,0
            127.75216,26.32856,0
            127.75213,26.32863,0
            127.75209,26.3287,0
            127.75191,26.3291,0
            127.75176,26.32959,0
            127.75173,26.32973,0
            127.75172,26.32981,0
            127.75169,26.32996,0
            127.75167,26.33012,0
            127.7514,26.33571,0
            127.7514,26.33586,0
            127.75133,26.33715,0
            127.75131,26.33732,0
            127.75129,26.3374,0
            127.75124,26.33773,0
            127.75122,26.33778,0
            127.75116,26.33807,0
            127.75108,26.33835,0
            127.75086,26.33891,0
            127.74976,26.34103,0
            127.74975,26.34104,0
            127.74887,26.34273,0
            127.7488,26.34285,0
            127.74799,26.3444,0
            127.74797,26.34443,0
            127.74744,26.34545,0
            127.74729,26.3458,0
            127.74715,26.34619,0
            127.74711,26.34634,0
            127.74705,26.34652,0
            127.74693,26.34717,0
            127.7469,26.3474,0
            127.74685,26.34821,0
            127.74685,26.34836,0
            127.74683,26.34869,0
            127.74682,26.34876,0
            127.74676,26.34996,0
            127.74672,26.35022,0
            127.74669,26.35051,0
            127.74657,26.35108,0
            127.74644,26.35153,0
            127.74638,26.35168,0
            127.74634,26.35182,0
            127.74623,26.35209,0
            127.74606,26.35256,0
            127.74602,26.35265,0
            127.74601,26.35269,0
            127.74573,26.35347,0
            127.74569,26.35356,0
            127.74569,26.35358,0
            127.74552,26.35405,0
            127.74538,26.35474,0
            127.74536,26.35503,0
            127.74538,26.35554,0
            127.74545,26.3559,0
            127.74549,26.35606,0
            127.74557,26.35631,0
            127.74562,26.35644,0
            127.74582,26.35686,0
            127.74583,26.35687,0
            127.74597,26.35712,0
            127.74622,26.35747,0
            127.74639,26.35764,0
            127.7468,26.358,0
            127.74706,26.3582,0
            127.74736,26.3584,0
            127.74756,26.35851,0
            127.74799,26.3587,0
            127.74809,26.35876,0
            127.74815,26.35878,0
            127.74817,26.35879,0
            127.74837,26.35885,0
            127.74841,26.35887,0
            127.74844,26.35888,0
            127.74847,26.35888,0
            127.74851,26.3589,0
            127.74876,26.35896,0
            127.7492,26.35903,0
            127.74924,26.35904,0
            127.74932,26.35905,0
            127.74939,26.35905,0
            127.75011,26.3591,0
            127.75017,26.3591,0
            127.75024,26.35911,0
            127.75039,26.35911,0
            127.75044,26.35912,0
            127.75054,26.35912,0
            127.7506,26.35913,0
            127.75065,26.35913,0
            127.75075,26.35914,0
            127.75089,26.35914,0
            127.75127,26.35917,0
            127.75138,26.35917,0
            127.75191,26.35921,0
            127.75204,26.35921,0
            127.75274,26.35926,0
            127.75298,26.3593,0
            127.75332,26.35938,0
            127.75351,26.35944,0
            127.75362,26.35949,0
            127.75373,26.35955,0
            127.7538,26.35958,0
            127.75387,26.35962,0
            127.7541,26.35978,0
            127.75414,26.35982,0
            127.7542,26.35986,0
            127.75439,26.36004,0
            127.75445,26.36009,0
            127.75643,26.36258,0
            127.75653,26.36274,0
            127.75661,26.36291,0
            127.75663,26.36297,0
            127.75664,26.36303,0
            127.75666,26.3631,0
            127.75666,26.36329,0
            127.75665,26.36336,0
            127.75662,26.36349,0
            127.75651,26.36373,0
            127.75645,26.36381,0
            127.75638,26.36392,0
            127.7561,26.3642,0
            127.75593,26.36439,0
            127.75579,26.36465,0
            127.75576,26.36473,0
            127.75574,26.36486,0
            127.75574,26.36492,0
            127.75573,26.36498,0
            127.75572,26.36512,0
            127.7557,26.36519,0
            127.7557,26.36522,0
            127.75569,26.36525,0
            127.75565,26.36564,0
            127.75565,26.36582,0
            127.75564,26.36589,0
            127.75564,26.36627,0
            127.75565,26.3665,0
            127.75566,26.36654,0
            127.75566,26.36663,0
            127.75574,26.36723,0
            127.75575,26.3674,0
            127.75578,26.36763,0
            127.75578,26.36768,0
            127.75582,26.36795,0
            127.75582,26.368,0
            127.75586,26.36829,0
            127.75586,26.36834,0
            127.75587,26.36837,0
            127.75587,26.36844,0
            127.7559,26.36874,0
            127.7559,26.36925,0
            127.75589,26.36933,0
            127.75589,26.37016,0
            127.75588,26.37025,0
            127.75586,26.37064,0
            127.75587,26.37072,0
            127.75587,26.37078,0
            127.75586,26.37086,0
            127.75586,26.37092,0
            127.75576,26.37152,0
            127.75574,26.3716,0
            127.7557,26.37184,0
            127.75568,26.3719,0
            127.75567,26.37198,0
            127.75565,26.37205,0
            127.75565,26.37208,0
            127.75563,26.37218,0
            127.75561,26.37225,0
            127.75561,26.37228,0
            127.75558,26.37242,0
            127.75554,26.37267,0
            127.75551,26.3728,0
            127.75547,26.37303,0
            127.75545,26.37311,0
            127.75539,26.37345,0
            127.75538,26.37358,0
            127.75535,26.37373,0
            127.75535,26.37377,0
            127.75532,26.37397,0
            127.75532,26.37401,0
            127.7553,26.37411,0
            127.75527,26.37435,0
            127.75525,26.37444,0
            127.75525,26.37453,0
            127.75524,26.37458,0
            127.75524,26.37463,0
            127.75521,26.37477,0
            127.75521,26.37482,0
            127.75519,26.37494,0
            127.75519,26.37501,0
            127.75517,26.37511,0
            127.75516,26.37514,0
            127.75515,26.3752,0
            127.75513,26.37527,0
            127.75513,26.37532,0
            127.75512,26.37536,0
            127.75501,26.37616,0
            127.75499,26.37624,0
            127.75497,26.37628,0
            127.75496,26.37635,0
            127.75484,26.37673,0
            127.75483,26.3768,0
            127.75481,26.37685,0
            127.75478,26.37699,0
            127.75474,26.37731,0
            127.75474,26.37748,0
            127.75475,26.37755,0
            127.75475,26.37764,0
            127.75476,26.37768,0
            127.75476,26.37775,0
            127.75478,26.37788,0
            127.75487,26.37831,0
            127.75489,26.37835,0
            127.75491,26.37845,0
            127.75495,26.37854,0
            127.75498,26.37864,0
            127.75503,26.37875,0
            127.7551,26.37888,0
            127.75516,26.37897,0
            127.7554,26.37939,0
            127.75555,26.37974,0
            127.75586,26.38063,0
            127.75589,26.3807,0
            127.7559,26.38075,0
            127.75591,26.38077,0
            127.75591,26.38078,0
            127.75593,26.38082,0
            127.75595,26.38092,0
            127.75597,26.38099,0
            127.756,26.38119,0
            127.756,26.38146,0
            127.75599,26.38155,0
            127.75599,26.3816,0
            127.75598,26.38166,0
            127.75592,26.3819,0
            127.75584,26.38213,0
            127.75581,26.38225,0
            127.75531,26.38358,0
            127.75531,26.3836,0
            127.7553,26.38362,0
            127.75522,26.38385,0
            127.75514,26.38403,0
            127.75501,26.3844,0
            127.75501,26.38442,0
            127.75497,26.38457,0
            127.75474,26.38561,0
            127.75474,26.38564,0
            127.75461,26.38625,0
            127.75458,26.38644,0
            127.75458,26.38649,0
            127.75457,26.38654,0
            127.75457,26.38664,0
            127.75456,26.38671,0
            127.75456,26.38719,0
            127.75457,26.38727,0
            127.75457,26.38732,0
            127.75462,26.38766,0
            127.75462,26.38769,0
            127.75463,26.38774,0
            127.75464,26.38786,0
            127.75467,26.38806,0
            127.75468,26.38817,0
            127.75473,26.38849,0
            127.75477,26.38898,0
            127.75478,26.3894,0
            127.75479,26.38951,0
            127.75479,26.38971,0
            127.75483,26.39007,0
            127.75483,26.39011,0
            127.75484,26.39018,0
            127.75487,26.39031,0
            127.75492,26.39047,0
            127.75496,26.39064,0
            127.75516,26.39122,0
            127.75524,26.39152,0
            127.75525,26.39158,0
            127.7553,26.39178,0
            127.75532,26.39189,0
            127.75532,26.39192,0
            127.75541,26.39243,0
            127.75543,26.39266,0
            127.75546,26.39286,0
            127.75547,26.39302,0
            127.75545,26.39307,0
            127.75545,26.39309,0
            127.75544,26.39312,0
            127.75544,26.39321,0
            127.75541,26.39327,0
            127.75539,26.39329,0
            127.75535,26.39331,0
            127.75529,26.39333,0
            127.75526,26.39333,0
            127.75523,26.39334,0
            127.7552,26.39334,0
            127.75516,26.39335,0
            127.75508,26.39335,0
            127.75496,26.39336,0
            127.75108,26.39338,0
            127.75045,26.39337,0
            127.74932,26.39338,0
            127.74917,26.39337,0
            127.74861,26.39336,0
            127.7459,26.39338,0
            127.7457,26.39339,0
            127.74533,26.39339,0
            127.74515,26.3934,0
            127.74435,26.3934,0
            127.74421,26.39341,0
            127.74102,26.39343,0
            127.74085,26.39342,0
            127.73968,26.39348,0
            127.73917,26.39354,0
            127.73858,26.39366,0
            127.73828,26.39374,0
            127.73773,26.39393,0
            127.73707,26.39423,0
            127.7344,26.39559,0
            127.73422,26.39567,0
            127.73254,26.39654,0
            127.73244,26.3966,0
            127.73194,26.39686,0
            127.73177,26.39696,0
            127.73157,26.39705,0
            127.73154,26.39706,0
            127.73094,26.39738,0
            127.73039,26.39772,0
            127.73031,26.39779,0
            127.73007,26.39796,0
            127.72951,26.39841,0
            127.7293,26.39862,0
            127.72891,26.39908,0
            127.72883,26.39919,0
            127.72859,26.39957,0
            127.72826,26.40025,0
            127.72798,26.40109,0
            127.72797,26.40116,0
            127.7277,26.4023,0
            127.72768,26.40236,0
            127.72767,26.40241,0
            127.72751,26.40297,0
            127.72745,26.40322,0
            127.72745,26.40323,0
            127.72711,26.40471,0
            127.72708,26.40481,0
            127.72649,26.40456,0
            127.72632,26.40458,0
            127.72627,26.40459,0
            127.72602,26.40459,0
            127.72587,26.40456,0
            127.72488,26.40452,0
            127.72466,26.40452,0
            127.72463,26.40453,0
            127.72455,26.40453,0
            127.72434,26.40455,0
            127.7232,26.4045,0
            127.72235,26.40449,0
            127.7216,26.40452,0
            127.72,26.40448,0
            127.71996,26.4066,0
            127.71997,26.40675,0
            127.71998,26.40729,0
            127.71997,26.40746,0
            127.71997,26.40758,0
            127.71993,26.4081,0
            127.71991,26.40985,0
            127.71989,26.41037,0
            127.71985,26.41328,0
            127.71984,26.4134,0
            127.71977,26.41918,0
            127.71974,26.41985,0
            127.71974,26.42005,0
            127.71971,26.42045,0
            127.71968,26.42057,0
            127.71953,26.42095,0
            127.71744,26.42519,0
            127.71739,26.42536,0
            127.71735,26.42555,0
            127.71734,26.4257,0
            127.71734,26.42582,0
            127.71735,26.42595,0
            127.71739,26.4262,0
            127.71742,26.42631,0
            127.71754,26.42657,0
            127.71846,26.42899,0
            127.7187,26.42951,0
            127.71877,26.42972,0
            127.71881,26.42996,0
            127.71883,26.43004,0
            127.71883,26.43014,0
            127.71882,26.4302,0
            127.71873,26.43039,0
            127.71871,26.43045,0
            127.71869,26.43055,0
            127.71869,26.43066,0
            127.71872,26.43076,0
            127.7188,26.43096,0
            127.71884,26.43103,0
            127.71933,26.4322,0
            127.71936,26.43231,0
            127.71937,26.43233,0
            127.7194,26.43242,0
            127.71943,26.43274,0
            127.71943,26.43284,0
            127.71945,26.43308,0
            127.71945,26.43325,0
            127.71937,26.43325,0
            127.7193,26.43326,0
            127.71884,26.43326,0
            127.7187,26.43327,0
            127.71856,26.43327,0
            127.71843,26.43329,0
            127.71829,26.43333,0
            127.71811,26.43345,0
            127.71805,26.43351,0
            127.71796,26.43362,0
            127.71788,26.43376,0
            127.71787,26.43377,0
            127.71771,26.43402,0
            127.71762,26.43412,0
            127.7175,26.43423,0
            127.71738,26.43432,0
            127.7172,26.43443,0
            127.71717,26.43444,0
            127.71715,26.43445,0
            127.71712,26.43446,0
            127.71708,26.43448,0
            127.71674,26.43471,0
            127.71664,26.43479,0
            127.71656,26.43488,0
            127.71649,26.43501,0
            127.71645,26.43516,0
            127.71644,26.43527,0
            127.71644,26.43574,0
            127.71643,26.43594,0
            127.7164,26.43614,0
            127.71633,26.43632,0
            127.71624,26.43647,0
            127.71614,26.43659,0
            127.71533,26.43738,0
            127.71528,26.43744,0
            127.71378,26.43889,0
            127.71373,26.43893,0
            127.71369,26.43898,0
            127.71365,26.43904,0
            127.71361,26.43912,0
            127.71359,26.43915,0
            127.71357,26.43923,0
            127.71357,26.43937,0
            127.71359,26.43947,0
            127.71362,26.43955,0
            127.71372,26.43974,0
            127.71374,26.43975,0
            127.71375,26.43976,0
            127.71378,26.43976,0
            127.71375,26.43976,0
            127.71374,26.43975,0
            127.71372,26.43974,0
            127.71362,26.43955,0
            127.71359,26.43947,0
            127.71357,26.43937,0
            127.71357,26.43923,0
            127.71359,26.43915,0
            127.71361,26.43912,0
            127.71365,26.43904,0
            127.71369,26.43898,0
            127.71373,26.43893,0
            127.71378,26.43889,0
            127.71528,26.43744,0
            127.71535,26.4374,0
            127.71625,26.43652,0
            127.71636,26.43634,0
            127.71642,26.43621,0
            127.71643,26.43614,0
            127.71646,26.43601,0
            127.71649,26.43517,0
            127.7165,26.43511,0
            127.71655,26.43497,0
            127.71658,26.43493,0
            127.71661,26.43488,0
            127.71666,26.43482,0
            127.71674,26.43475,0
            127.71676,26.43474,0
            127.71687,26.43466,0
            127.71715,26.43448,0
            127.71717,26.43447,0
            127.71719,26.43445,0
            127.7172,26.43443,0
            127.71738,26.43432,0
            127.7175,26.43423,0
            127.71762,26.43412,0
            127.71771,26.43402,0
            127.71787,26.43377,0
            127.71788,26.43376,0
            127.71796,26.43362,0
            127.71805,26.43351,0
            127.71811,26.43345,0
            127.71829,26.43333,0
            127.71843,26.43329,0
            127.71856,26.43327,0
            127.7187,26.43327,0
            127.71884,26.43326,0
            127.7193,26.43326,0
            127.71937,26.43325,0
            127.71945,26.43325,0
            127.71957,26.43324,0
            127.72069,26.43325,0
            127.72106,26.43329,0
            127.72142,26.43337,0
            127.72159,26.43342,0
            127.72207,26.4336,0
            127.72211,26.43361,0
            127.72329,26.43403,0
            127.72339,26.43405,0
            127.72343,26.43405,0
            127.72351,26.43406,0
            127.72371,26.43406,0
            127.72396,26.434,0
            127.72428,26.4339,0
            127.72448,26.43382,0
            127.72516,26.4334,0
            127.7255,26.43322,0
            127.72573,26.43312,0
            127.72617,26.43297,0
            127.72642,26.43287,0
            127.72653,26.43281,0
            127.72657,26.43278,0
            127.72658,26.43278,0
            127.72699,26.43246,0
            127.72747,26.43203,0
            127.72781,26.43166,0
            127.72815,26.43123,0
            127.72846,26.43076,0
            127.72881,26.43014,0
            127.72899,26.42975,0
            127.72924,26.42905,0
            127.72932,26.42879,0
            127.73031,26.42439,0
            127.73037,26.42433,0
            127.7304,26.42431,0
            127.73053,26.42427,0
            127.73055,26.42431,0
            127.7306,26.42439,0
            127.73063,26.42442,0
            127.73065,26.42445,0
            127.73068,26.42448,0
            127.73075,26.42453,0
            127.73081,26.42456,0
            127.73081,26.42457,0
            127.73093,26.42461,0
            127.73098,26.42462,0
            127.73101,26.42463,0
            127.73105,26.42463,0
            127.73108,26.42464,0
            127.73112,26.42463,0
            127.7312,26.42463,0
            127.73124,26.42462,0
            127.73134,26.42458,0
            127.73137,26.42458,0
            127.73188,26.42434,0
            127.73189,26.42433,0
            127.73236,26.42406,0
            127.73286,26.42373,0
            127.73297,26.42367,0
            127.73301,26.42364,0
            127.7331,26.42361,0
            127.73316,26.4236,0
            127.73321,26.42358,0
            127.73325,26.42358,0
            127.73331,26.42357,0
            127.73334,26.42357,0
            127.73337,26.42356,0
            127.73342,26.42356,0
            127.73349,26.42355,0
            127.73353,26.42354,0
            127.73357,26.42354,0
            127.73367,26.42351,0
            127.73368,26.42351,0
            127.7337,26.4235,0
            127.73374,26.42349,0
            127.73383,26.42343,0
            127.73386,26.4234,0
            127.73389,26.42338,0
            127.73392,26.42335,0
            127.73393,26.42333,0
            127.73397,26.42329,0
            127.73427,26.42293,0
            127.7343,26.4229,0
            127.73434,26.42285,0
            127.7344,26.42279,0
            127.73445,26.42276,0
            127.73448,26.42273,0
            127.73459,26.42266,0
            127.73468,26.42262,0
            127.73476,26.4226,0
            127.73478,26.42259,0
            127.73511,26.42252,0
            127.73614,26.42235,0
            127.73622,26.42233,0
            127.73624,26.42233,0
            127.73748,26.42218,0
            127.73764,26.42218,0
            127.73772,26.42217,0
            127.7389,26.42217,0
            127.73897,26.42218,0
            127.73902,26.42218,0
            127.73907,26.42219,0
            127.73913,26.42219,0
            127.74035,26.42237,0
            127.7404,26.42237,0
            127.74044,26.42238,0
            127.74077,26.42238,0
            127.74082,26.42237,0
            127.74088,26.42237,0
            127.74198,26.4222,0
            127.7423,26.42214,0
            127.74236,26.42214,0
            127.74248,26.42212,0
            127.74266,26.42212,0
            127.7427,26.42213,0
            127.74273,26.42213,0
            127.7428,26.42215,0
            127.74283,26.42215,0
            127.74286,26.42217,0
            127.7429,26.42218,0
            127.74291,26.42218,0
            127.74301,26.42221,0
            127.74317,26.42227,0
            127.74321,26.42228,0
            127.74339,26.42235,0
            127.74355,26.4224,0
            127.74368,26.42245,0
            127.74376,26.42247,0
            127.7438,26.42249,0
            127.7439,26.42252,0
            127.74394,26.42254,0
            127.744,26.42256,0
            127.74418,26.42266,0
            127.74432,26.42275,0
            127.74461,26.423,0
            127.74521,26.42356,0
            127.74529,26.42362,0
            127.7453,26.42364,0
            127.74536,26.42368,0
            127.74583,26.42412,0
            127.74588,26.42415,0
            127.7459,26.42417,0
            127.74593,26.42419,0
            127.74595,26.42421,0
            127.74597,26.42421,0
            127.74602,26.42425,0
            127.74606,26.42426,0
            127.74608,26.42428,0
            127.74612,26.42429,0
            127.74629,26.42436,0
            127.74633,26.42437,0
            127.74643,26.42441,0
            127.74648,26.42442,0
            127.74663,26.42449,0
            127.74665,26.42451,0
            127.74669,26.42452,0
            127.74672,26.42455,0
            127.74933,26.42615,0
            127.74942,26.42619,0
            127.74943,26.4262,0
            127.74949,26.42622,0
            127.74963,26.42628,0
            127.74972,26.42631,0
            127.7498,26.42633,0
            127.74982,26.42634,0
            127.74987,26.42635,0
            127.75002,26.42641,0
            127.75007,26.42642,0
            127.75011,26.42645,0
            127.75019,26.42648,0
            127.75057,26.42669,0
            127.75058,26.42669,0
            127.75079,26.42681,0
            127.75093,26.42688,0
            127.75106,26.42696,0
            127.75113,26.42699,0
            127.75124,26.42706,0
            127.7513,26.42709,0
            127.7514,26.42716,0
            127.75143,26.42719,0
            127.75198,26.42766,0
            127.75199,26.42766,0
            127.75202,26.42769,0
            127.75222,26.42785,0
            127.75226,26.42789,0
            127.75287,26.42832,0
            127.75311,26.42847,0
            127.75317,26.42852,0
            127.75337,26.42865,0
            127.75342,26.42869,0
            127.75345,26.42872,0
            127.7535,26.42876,0
            127.75353,26.42879,0
            127.75355,26.42882,0
            127.75357,26.42884,0
            127.75363,26.42894,0
            127.75365,26.42896,0
            127.75368,26.42902,0
            127.75375,26.4292,0
            127.75375,26.42921,0
            127.75377,26.42928,0
            127.75393,26.42967,0
            127.75434,26.43043,0
            127.75437,26.4305,0
            127.75442,26.43058,0
            127.75447,26.43063,0
            127.75449,26.43066,0
            127.75451,26.43068,0
            127.75453,26.43071,0
            127.75456,26.43073,0
            127.75461,26.43078,0
            127.75465,26.4308,0
            127.75468,26.43083,0
            127.75482,26.4309,0
            127.75489,26.43095,0
            127.75504,26.43102,0
            127.75507,26.43103,0
            127.7551,26.43105,0
            127.75514,26.43107,0
            127.75521,26.43109,0
            127.75525,26.43111,0
            127.75541,26.43115,0
            127.75546,26.43117,0
            127.75561,26.4312,0
            127.75576,26.43122,0
            127.75583,26.43122,0
            127.75587,26.43123,0
            127.75591,26.43123,0
            127.75592,26.43124,0
            127.75597,26.43124,0
            127.75602,26.43125,0
            127.75608,26.43127,0
            127.75621,26.43129,0
            127.75682,26.43148,0
            127.75683,26.43148,0
            127.75688,26.43149,0
            127.75692,26.43151,0
            127.75701,26.43153,0
            127.75705,26.43153,0
            127.75709,26.43154,0
            127.75713,26.43154,0
            127.75718,26.43155,0
            127.75739,26.43155,0
            127.75744,26.43154,0
            127.75754,26.43154,0
            127.75758,26.43153,0
            127.75767,26.43153,0
            127.75771,26.43152,0
            127.75782,26.43152,0
            127.75786,26.43153,0
            127.75797,26.43153,0
            127.75801,26.43154,0
            127.75803,26.43154,0
            127.75806,26.43155,0
            127.75809,26.43155,0
            127.75816,26.43157,0
            127.75818,26.43157,0
            127.75822,26.43159,0
            127.75827,26.4316,0
            127.75844,26.43166,0
            127.75848,26.43167,0
            127.75856,26.43171,0
            127.7586,26.43172,0
            127.75868,26.43176,0
            127.75876,26.43181,0
            127.7588,26.43183,0
            127.75883,26.43184,0
            127.75885,26.43186,0
            127.75889,26.43188,0
            127.75918,26.43207,0
            127.75919,26.43207,0
            127.75938,26.43221,0
            127.75955,26.43238,0
            127.75964,26.43251,0
            127.75966,26.43255,0
            127.75969,26.43258,0
            127.75978,26.43279,0
            127.75988,26.43311,0
            127.7599,26.43316,0
            127.75996,26.43336,0
            127.76004,26.43353,0
            127.76011,26.43363,0
            127.76014,26.43366,0
            127.76016,26.4337,0
            127.76025,26.43379,0
            127.76029,26.43382,0
            127.76032,26.43385,0
            127.76036,26.43388,0
            127.76039,26.43391,0
            127.76043,26.43393,0
            127.76056,26.43401,0
            127.76077,26.4341,0
            127.76086,26.43415,0
            127.76091,26.43417,0
            127.76095,26.4342,0
            127.76099,26.43422,0
            127.76102,26.43423,0
            127.76103,26.43424,0
            127.76111,26.43429,0
            127.76119,26.43435,0
            127.76123,26.43437,0
            127.76135,26.43446,0
            127.76149,26.4346,0
            127.76152,26.43464,0
            127.76155,26.43467,0
            127.76162,26.43477,0
            127.76163,26.43479,0
            127.76164,26.43482,0
            127.76168,26.4349,0
            127.76183,26.43526,0
            127.76192,26.4354,0
            127.76195,26.43543,0
            127.76197,26.43546,0
            127.76209,26.43558,0
            127.76215,26.43562,0
            127.76218,26.43565,0
            127.76221,26.43567,0
            127.76371,26.4365,0
            127.76379,26.43655,0
            127.76396,26.43664,0
            127.76397,26.43665,0
            127.76453,26.43698,0
            127.76454,26.43699,0
            127.76477,26.43711,0
            127.76484,26.43714,0
            127.7649,26.43716,0
            127.76496,26.43719,0
            127.76507,26.43723,0
            127.76512,26.43724,0
            127.76517,26.43726,0
            127.76571,26.43741,0
            127.76576,26.43743,0
            127.76581,26.43744,0
            127.76584,26.43746,0
            127.76592,26.4375,0
            127.76606,26.4376,0
            127.76614,26.43768,0
            127.76616,26.43771,0
            127.7662,26.43775,0
            127.7662,26.43776,0
            127.76659,26.43837,0
            127.76662,26.43843,0
            127.76673,26.43859,0
            127.76679,26.43869,0
            127.76685,26.43875,0
            127.76691,26.43879,0
            127.76693,26.43881,0
            127.76696,26.43883,0
            127.76703,26.43885,0
            127.76708,26.43887,0
            127.76709,26.43888,0
            127.76711,26.43888,0
            127.76716,26.43889,0
            127.76719,26.4389,0
            127.76736,26.4389,0
            127.76812,26.43877,0
            127.76818,26.43877,0
            127.76821,26.43876,0
            127.7684,26.43876,0
            127.76841,26.43877,0
            127.76845,26.43877,0
            127.76865,26.43882,0
            127.76939,26.43912,0
            127.76952,26.43918,0
            127.76957,26.43919,0
            127.76965,26.43922,0
            127.7697,26.43923,0
            127.76976,26.43923,0
            127.76979,26.43924,0
            127.76982,26.43924,0
            127.76984,26.43923,0
            127.7699,26.43923,0
            127.76999,26.4392,0
            127.77001,26.43919,0
            127.77006,26.43918,0
            127.77015,26.43914,0
            127.77067,26.43896,0
            127.77087,26.43891,0
            127.77105,26.43888,0
            127.7711,26.43888,0
            127.77122,26.43887,0
            127.77148,26.43887,0
            127.7715,26.43888,0
            127.77158,26.43888,0
            127.77223,26.439,0
            127.77231,26.43902,0
            127.77243,26.43904,0
            127.77247,26.43904,0
            127.77249,26.43905,0
            127.77272,26.43905,0
            127.77276,26.43904,0
            127.77279,26.43904,0
            127.77295,26.439,0
            127.77307,26.43896,0
            127.77319,26.43893,0
            127.77324,26.43891,0
            127.77334,26.43888,0
            127.7734,26.43885,0
            127.77343,26.43884,0
            127.77346,26.43882,0
            127.77358,26.43876,0
            127.77403,26.43847,0
            127.77423,26.43833,0
            127.77427,26.43831,0
            127.77477,26.43798,0
            127.77492,26.43787,0
            127.77499,26.43783,0
            127.77506,26.43778,0
            127.77515,26.43774,0
            127.77521,26.4377,0
            127.77528,26.43767,0
            127.77534,26.43765,0
            127.77542,26.43761,0
            127.77547,26.4376,0
            127.77554,26.43757,0
            127.77574,26.43752,0
            127.77582,26.43751,0
            127.77591,26.43749,0
            127.77597,26.43749,0
            127.77599,26.43748,0
            127.77604,26.43748,0
            127.77615,26.43747,0
            127.77828,26.43741,0
            127.7786,26.43739,0
            127.77881,26.43739,0
            127.77909,26.43737,0
            127.77921,26.43737,0
            127.77936,26.43736,0
            127.77943,26.43735,0
            127.77954,26.43735,0
            127.77976,26.43732,0
            127.77981,26.43732,0
            127.77987,26.4373,0
            127.77998,26.43728,0
            127.78003,26.43726,0
            127.78007,26.43725,0
            127.7801,26.43723,0
            127.78018,26.43719,0
            127.78027,26.43713,0
            127.78031,26.43711,0
            127.78034,26.43708,0
            127.78037,26.43706,0
            127.78048,26.43695,0
            127.7805,26.43692,0
            127.78053,26.43689,0
            127.78098,26.43636,0
            127.78122,26.43612,0
            127.78126,26.43609,0
            127.78129,26.43606,0
            127.78141,26.43597,0
            127.78144,26.43594,0
            127.78152,26.43588,0
            127.7816,26.43583,0
            127.78162,26.43581,0
            127.78168,26.43577,0
            127.78174,26.43574,0
            127.78178,26.4357,0
            127.78183,26.43567,0
            127.78195,26.43558,0
            127.78198,26.43555,0
            127.78206,26.43549,0
            127.78209,26.43545,0
            127.78213,26.43542,0
            127.78216,26.43539,0
            127.78216,26.43538,0
            127.7822,26.43535,0
            127.78227,26.43528,0
            127.7823,26.43524,0
            127.78234,26.43521,0
            127.78244,26.43511,0
            127.78245,26.43511,0
            127.78248,26.43509,0
            127.78251,26.43506,0
            127.78269,26.43496,0
            127.78292,26.43487,0
            127.78296,26.43486,0
            127.78298,26.43485,0
            127.78322,26.43477,0
            127.78325,26.43477,0
            127.78325,26.43476,0
            127.78344,26.43472,0
            127.78349,26.43472,0
            127.78354,26.43471,0
            127.78383,26.43471,0
            127.78386,26.43472,0
            127.78391,26.43472,0
            127.78408,26.43475,0
            127.78409,26.43476,0
            127.78415,26.43477,0
            127.78461,26.43488,0
            127.78467,26.43489,0
            127.78469,26.4349,0
            127.78472,26.4349,0
            127.78476,26.43491,0
            127.78481,26.43491,0
            127.78486,26.43492,0
            127.7849,26.43491,0
            127.78499,26.43491,0
            127.78514,26.43488,0
            127.7852,26.43486,0
            127.78524,26.43484,0
            127.78528,26.43483,0
            127.7853,26.43483,0
            127.78548,26.43476,0
            127.78571,26.43471,0
            127.78575,26.43471,0
            127.78579,26.4347,0
            127.7859,26.4347,0
            127.78596,26.43469,0
            127.78602,26.43469,0
            127.78607,26.4347,0
            127.7862,26.4347,0
            127.78627,26.43471,0
            127.78633,26.43471,0
            127.78638,26.43472,0
            127.78671,26.43476,0
            127.78691,26.4348,0
            127.78708,26.43482,0
            127.78747,26.43489,0
            127.78784,26.43494,0
            127.78806,26.43498,0
            127.78815,26.43499,0
            127.78824,26.43499,0
            127.7883,26.435,0
            127.78843,26.435,0
            127.78845,26.43503,0
            127.78847,26.43505,0
            127.7885,26.43505,0
            127.78853,26.43506,0
            127.78874,26.4351,0
            127.78877,26.4351,0
            127.78881,26.43511,0
            127.78884,26.43511,0
            127.78888,26.43512,0
            127.78899,26.43516,0
            127.78904,26.43517,0
            127.78909,26.43519,0
            127.78912,26.43519,0
            127.78914,26.4352,0
            127.78919,26.4352,0
            127.78922,26.43519,0
            127.78968,26.43541,0
            127.78988,26.43552,0
            127.78993,26.43556,0
            127.78999,26.43559,0
            127.79015,26.43572,0
            127.79054,26.4361,0
            127.79057,26.43614,0
            127.79097,26.43656,0
            127.79114,26.4367,0
            127.7912,26.43676,0
            127.7913,26.43683,0
            127.79136,26.43686,0
            127.79144,26.43692,0
            127.79161,26.43702,0
            127.79203,26.4372,0
            127.79237,26.43729,0
            127.79279,26.43735,0
            127.79295,26.43734,0
            127.79326,26.43734,0
            127.7936,26.4373,0
            127.79366,26.43728,0
            127.79375,26.43727,0
            127.794,26.4372,0
            127.7941,26.43716,0
            127.79417,26.43714,0
            127.79441,26.43704,0
            127.79451,26.43699,0
            127.79452,26.43698,0
            127.79463,26.43692,0
            127.79484,26.43679,0
            127.79491,26.43673,0
            127.79558,26.43623,0
            127.79561,26.4362,0
            127.79585,26.43605,0
            127.79612,26.43592,0
            127.79613,26.43591,0
            127.79633,26.43584,0
            127.79637,26.43582,0
            127.7965,26.43578,0
            127.7966,26.43576,0
            127.79719,26.43571,0
            127.7973,26.43571,0
            127.79767,26.43573,0
            127.79921,26.43587,0
            127.79973,26.43595,0
            127.80006,26.43602,0
            127.80019,26.43606,0
            127.80041,26.43611,0
            127.80067,26.43619,0
            127.80111,26.43635,0
            127.80155,26.43655,0
            127.80187,26.43671,0
            127.80198,26.43678,0
            127.80231,26.43696,0
            127.80265,26.43719,0
            127.80304,26.43749,0
            127.80352,26.43793,0
            127.80356,26.43796,0
            127.80386,26.43829,0
            127.80406,26.43854,0
            127.80425,26.4388,0
            127.8044,26.43903,0
            127.80459,26.43937,0
            127.80474,26.4397,0
            127.80482,26.43993,0
            127.80485,26.44005,0
            127.80487,26.44011,0
            127.80487,26.44012,0
            127.8049,26.44021,0
            127.80498,26.44065,0
            127.80519,26.44202,0
            127.80527,26.44235,0
            127.80537,26.44269,0
            127.80537,26.44271,0
            127.80543,26.44286,0
            127.80549,26.44304,0
            127.80563,26.44337,0
            127.80563,26.44339,0
            127.80573,26.44358,0
            127.80593,26.44391,0
            127.8062,26.44432,0
            127.80656,26.44481,0
            127.80683,26.44508,0
            127.80691,26.44517,0
            127.80724,26.44548,0
            127.80785,26.44595,0
            127.80793,26.44599,0
            127.80801,26.44601,0
            127.80838,26.44623,0
            127.80867,26.44636,0
            127.80871,26.44639,0
            127.8089,26.44647,0
            127.80902,26.44654,0
            127.80933,26.44668,0
            127.80959,26.44678,0
            127.81051,26.44707,0
            127.81107,26.44722,0
            127.81114,26.44723,0
            127.81151,26.44732,0
            127.81245,26.44751,0
            127.81253,26.44752,0
            127.81336,26.4477,0
            127.81391,26.44784,0
            127.81421,26.44793,0
            127.81428,26.44796,0
            127.81459,26.44806,0
            127.81528,26.44834,0
            127.81529,26.44835,0
            127.81535,26.44838,0
            127.81546,26.44842,0
            127.81589,26.44863,0
            127.81592,26.44865,0
            127.81594,26.44867,0
            127.81602,26.44871,0
            127.81616,26.4488,0
            127.81628,26.44886,0
            127.81636,26.44889,0
            127.81647,26.44896,0
            127.81662,26.44904,0
            127.81745,26.44962,0
            127.81786,26.44993,0
            127.81812,26.45015,0
            127.81828,26.45031,0
            127.81864,26.4507,0
            127.81887,26.45101,0
            127.81894,26.45108,0
            127.8192,26.4514,0
            127.81934,26.45155,0
            127.8194,26.45163,0
            127.81971,26.452,0
            127.82012,26.45255,0
            127.82021,26.45266,0
            127.82028,26.45276,0
            127.82036,26.45286,0
            127.82043,26.45296,0
            127.82077,26.45351,0
            127.82078,26.45352,0
            127.82127,26.45434,0
            127.82204,26.45574,0
            127.82208,26.4558,0
            127.82222,26.45607,0
            127.82226,26.45613,0
            127.82248,26.45651,0
            127.82255,26.45665,0
            127.82296,26.45731,0
            127.82303,26.4574,0
            127.82314,26.45757,0
            127.82318,26.45761,0
            127.82328,26.45775,0
            127.82329,26.45777,0
            127.8233,26.45778,0
            127.82349,26.45803,0
            127.82351,26.45807,0
            127.82372,26.45833,0
            127.82374,26.45836,0
            127.82393,26.45858,0
            127.82399,26.45864,0
            127.82447,26.45923,0
            127.82461,26.45938,0
            127.82511,26.45997,0
            127.82517,26.46005,0
            127.8252,26.46008,0
            127.82524,26.46015,0
            127.82532,26.46025,0
            127.82541,26.46039,0
            127.82544,26.46042,0
            127.82545,26.46044,0
            127.82561,26.46068,0
            127.82565,26.46073,0
            127.82571,26.46084,0
            127.82582,26.46101,0
            127.826,26.46134,0
            127.82606,26.46147,0
            127.82612,26.46157,0
            127.82627,26.46188,0
            127.82642,26.46225,0
            127.82651,26.46244,0
            127.8268,26.46318,0
            127.82693,26.46343,0
            127.82696,26.4635,0
            127.8271,26.46375,0
            127.82732,26.46404,0
            127.82749,26.46423,0
            127.82765,26.46439,0
            127.82845,26.46502,0
            127.82852,26.46506,0
            127.82957,26.46585,0
            127.82978,26.46602,0
            127.83131,26.46718,0
            127.83136,26.46721,0
            127.83151,26.46733,0
            127.83165,26.46743,0
            127.83166,26.46744,0
            127.83228,26.46791,0
            127.83229,26.46792,0
            127.83259,26.46814,0
            127.8326,26.46814,0
            127.83296,26.46842,0
            127.83305,26.46848,0
            127.8332,26.4686,0
            127.83387,26.46909,0
            127.8339,26.4691,0
            127.83428,26.46939,0
            127.83429,26.46941,0
            127.83447,26.46955,0
            127.83458,26.46962,0
            127.83473,26.46974,0
            127.8349,26.46984,0
            127.83538,26.47016,0
            127.83539,26.47017,0
            127.83554,26.47027,0
            127.83571,26.47037,0
            127.83577,26.47042,0
            127.83592,26.47051,0
            127.83603,26.47059,0
            127.83608,26.47062,0
            127.83621,26.47072,0
            127.83668,26.47102,0
            127.83669,26.47102,0
            127.83684,26.47113,0
            127.83716,26.47134,0
            127.83718,26.47136,0
            127.83732,26.47145,0
            127.83736,26.47147,0
            127.83762,26.47165,0
            127.83775,26.47175,0
            127.83807,26.47206,0
            127.83815,26.47215,0
            127.83818,26.47217,0
            127.83827,26.47229,0
            127.8383,26.47232,0
            127.8383,26.47233,0
            127.83838,26.47243,0
            127.8385,26.47263,0
            127.83856,26.47275,0
            127.83857,26.47276,0
            127.8387,26.47305,0
            127.83876,26.47325,0
            127.83883,26.47361,0
            127.83885,26.47385,0
            127.83885,26.4741,0
            127.83882,26.4746,0
            127.83882,26.47507,0
            127.83885,26.47538,0
            127.83892,26.4757,0
            127.83907,26.47617,0
            127.83914,26.47634,0
            127.83934,26.47669,0
            127.83948,26.47691,0
            127.83965,26.47711,0
            127.83976,26.47727,0
            127.83992,26.47745,0
            127.84004,26.47757,0
            127.84032,26.47781,0
            127.84051,26.47795,0
            127.84056,26.47797,0
            127.84067,26.47804,0
            127.84154,26.47851,0
            127.84231,26.47895,0
            127.84236,26.47896,0
            127.84421,26.48,0
            127.84433,26.48006,0
            127.84448,26.48015,0
            127.84488,26.48036,0
            127.84522,26.48052,0
            127.84549,26.48063,0
            127.84601,26.4808,0
            127.84616,26.48084,0
            127.84634,26.48092,0
            127.8463,26.48125,0
            127.84629,26.48127,0
            127.84629,26.48133,0
            127.84627,26.48147,0
            127.8462,26.48182,0
            127.84614,26.48226,0
            127.84612,26.48235,0
            127.84609,26.48264,0
            127.84608,26.48371,0
            127.84607,26.48379,0
            127.84607,26.48385,0
            127.84597,26.48454,0
            127.84586,26.48501,0
            127.84583,26.48518,0
            127.84583,26.48519,0
            127.8458,26.48535,0
            127.8458,26.48543,0
            127.84579,26.48552,0
            127.84579,26.48558,0
            127.84582,26.48595,0
            127.84582,26.48618,0
            127.84581,26.48621,0
            127.84581,26.48626,0
            127.8458,26.4863,0
            127.8458,26.48636,0
            127.84578,26.48642,0
            127.84578,26.48644,0
            127.84567,26.48679,0
            127.84547,26.48753,0
            127.84544,26.48761,0
            127.8454,26.4879,0
            127.8454,26.488,0
            127.84541,26.48812,0
            127.84542,26.48816,0
            127.84542,26.48822,0
            127.84547,26.48843,0
            127.8455,26.48852,0
            127.84559,26.48873,0
            127.84572,26.48894,0
            127.84584,26.48908,0
            127.84589,26.48915,0
            127.84594,26.48929,0
            127.8457,26.48948,0
            127.84551,26.48965,0
            127.8455,26.48965,0
            127.8455,26.48966,0
            127.84495,26.49013,0
            127.84494,26.49013,0
            127.8449,26.49017,0
            127.84477,26.49026,0
            127.84476,26.49027,0
            127.8446,26.49037,0
            127.84442,26.49047,0
            127.84432,26.49054,0
            127.84426,26.49059,0
            127.8442,26.49065,0
            127.84415,26.49071,0
            127.84358,26.49173,0
            127.84332,26.49215,0
            127.84319,26.4924,0
            127.84314,26.49248,0
            127.84313,26.49306,0
            127.84317,26.49322,0
            127.84333,26.49367,0
            127.84345,26.49383,0
            127.84345,26.49384,0
            127.84357,26.49397,0
            127.84361,26.49403,0
            127.8437,26.49411,0
            127.844,26.49435,0
            127.84436,26.4946,0
            127.84456,26.49472,0
            127.84464,26.49478,0
            127.84467,26.49481,0
            127.84479,26.4949,0
            127.84498,26.49508,0
            127.84524,26.49538,0
            127.8453,26.49546,0
            127.8453,26.49549,0
            127.84548,26.49587,0
            127.84554,26.49604,0
            127.84558,26.49613,0
            127.84563,26.49628,0
            127.84576,26.49677,0
            127.84586,26.49699,0
            127.84596,26.49715,0
            127.84618,26.49743,0
            127.84777,26.4989,0
            127.84855,26.49953,0
            127.8513,26.50197,0
            127.85143,26.50213,0
            127.8519,26.50257,0
            127.85158,26.5029,0
            127.85156,26.50293,0
            127.85136,26.50314,0
            127.85134,26.50317,0
            127.85131,26.5032,0
            127.85114,26.50342,0
            127.85113,26.50344,0
            127.85089,26.5038,0
            127.85081,26.50386,0
            127.85079,26.50386,0
            127.85077,26.50387,0
            127.85075,26.50387,0
            127.85073,26.50388,0
            127.85065,26.50389,0
            127.85061,26.50389,0
            127.85059,26.5039,0
            127.85061,26.50389,0
            127.85065,26.50389,0
            127.85073,26.50388,0
            127.85075,26.50387,0
            127.85077,26.50387,0
            127.85079,26.50386,0
            127.85081,26.50386,0
            127.85089,26.5038,0
            127.85113,26.50344,0
            127.85114,26.50342,0
            127.85131,26.5032,0
            127.85134,26.50317,0
            127.85136,26.50314,0
            127.85156,26.50293,0
            127.85158,26.5029,0
            127.85197,26.5025,0
            127.85211,26.50234,0
            127.85214,26.50228,0
            127.85218,26.50222,0
            127.85222,26.50214,0
            127.85249,26.50178,0
            127.85259,26.50172,0
            127.85305,26.50152,0
            127.85322,26.50143,0
            127.85327,26.50141,0
            127.85343,26.50131,0
            127.85353,26.50121,0
            127.85353,26.5012,0
            127.85364,26.50105,0
            127.8539,26.5006,0
            127.85404,26.50031,0
            127.85414,26.50001,0
            127.85426,26.49973,0
            127.85436,26.49957,0
            127.85444,26.49946,0
            127.85462,26.49924,0
            127.85469,26.49917,0
            127.85477,26.49904,0
            127.85482,26.49901,0
            127.85484,26.49899,0
            127.85486,26.49896,0
            127.855,26.49884,0
            127.85507,26.49886,0
            127.85515,26.49887,0
            127.85633,26.4991,0
            127.85645,26.49911,0
            127.85662,26.49915,0
            127.85674,26.49917,0
            127.85678,26.49917,0
            127.85725,26.49926,0
            127.8576,26.49935,0
            127.8578,26.49942,0
            127.85799,26.4995,0
            127.85833,26.49969,0
            127.85845,26.49977,0
            127.85847,26.49978,0
            127.8585,26.49981,0
            127.85872,26.49998,0
            127.8589,26.50015,0
            127.85893,26.50019,0
            127.85898,26.50023,0
            127.85913,26.50041,0
            127.85916,26.50046,0
            127.85924,26.50055,0
            127.85928,26.50061,0
            127.85956,26.50097,0
            127.85959,26.50102,0
            127.85977,26.5012,0
            127.85999,26.5014,0
            127.86013,26.50151,0
            127.86038,26.50168,0
            127.86057,26.50179,0
            127.8606,26.50182,0
            127.86062,26.50182,0
            127.86073,26.5019,0
            127.86086,26.50197,0
            127.86116,26.50218,0
            127.86132,26.50234,0
            127.86142,26.50247,0
            127.86173,26.50294,0
            127.86242,26.5039,0
            127.86255,26.5041,0
            127.86336,26.50525,0
            127.86346,26.50537,0
            127.86352,26.50546,0
            127.86356,26.50551,0
            127.86364,26.50559,0
            127.86374,26.50571,0
            127.86381,26.50578,0
            127.86384,26.50582,0
            127.86411,26.50608,0
            127.86436,26.50629,0
            127.86468,26.50652,0
            127.86516,26.50682,0
            127.86542,26.507,0
            127.86566,26.50719,0
            127.86575,26.50727,0
            127.86577,26.50728,0
            127.86596,26.50745,0
            127.8664,26.5079,0
            127.86652,26.50801,0
            127.86663,26.5081,0
            127.86669,26.50816,0
            127.86789,26.50901,0
            127.8679,26.50902,0
            127.86798,26.50906,0
            127.86808,26.50912,0
            127.86827,26.50921,0
            127.86836,26.50924,0
            127.86849,26.50927,0
            127.86876,26.50931,0
            127.86889,26.50931,0
            127.86896,26.5093,0
            127.86902,26.5093,0
            127.86913,26.50929,0
            127.86962,26.50916,0
            127.86979,26.5091,0
            127.87018,26.509,0
            127.87021,26.509,0
            127.87033,26.50897,0
            127.87042,26.50896,0
            127.87073,26.5089,0
            127.87097,26.50888,0
            127.87211,26.50885,0
            127.87244,26.5088,0
            127.87246,26.50879,0
            127.87263,26.50874,0
            127.87287,26.50865,0
            127.87333,26.5084,0
            127.87389,26.50812,0
            127.87467,26.5077,0
            127.8749,26.50755,0
            127.87545,26.50726,0
            127.87588,26.50705,0
            127.87645,26.5068,0
            127.87725,26.5065,0
            127.87801,26.50624,0
            127.87818,26.50616,0
            127.87832,26.50608,0
            127.8785,26.50595,0
            127.87867,26.50581,0
            127.87894,26.50545,0
            127.87908,26.50515,0
            127.87928,26.50461,0
            127.87938,26.50439,0
            127.87938,26.50438,0
            127.87941,26.50432,0
            127.87947,26.50423,0
            127.87947,26.50422,0
            127.87956,26.50408,0
            127.87966,26.50386,0
            127.8797,26.50373,0
            127.87972,26.50363,0
            127.88014,26.50355,0
            127.88059,26.50344,0
            127.88176,26.50302,0
            127.88178,26.50301,0
            127.882,26.50294,0
            127.88217,26.50287,0
            127.88254,26.50274,0
            127.88284,26.50261,0
            127.88333,26.50236,0
            127.88517,26.50134,0
            127.88541,26.50122,0
            127.88544,26.5012,0
            127.88567,26.50109,0
            127.88593,26.50099,0
            127.88604,26.50097,0
            127.8861,26.50095,0
            127.88616,26.50094,0
            127.88623,26.50094,0
            127.88631,26.50093,0
            127.88646,26.50093,0
            127.88654,26.50094,0
            127.88662,26.50094,0
            127.8875,26.50105,0
            127.88778,26.5011,0
            127.88796,26.50115,0
            127.88828,26.50131,0
            127.88837,26.50138,0
            127.88845,26.50143,0
            127.88865,26.50159,0
            127.88972,26.50251,0
            127.88985,26.50264,0
            127.88999,26.50276,0
            127.89004,26.50282,0
            127.89009,26.50287,0
            127.89018,26.50299,0
            127.89027,26.50314,0
            127.89029,26.5032,0
            127.89031,26.50324,0
            127.89038,26.5035,0
            127.89038,26.50354,0
            127.89039,26.50361,0
            127.89039,26.50376,0
            127.89038,26.50384,0
            127.89031,26.50411,0
            127.8901,26.50467,0
            127.89007,26.50479,0
            127.89004,26.50497,0
            127.89004,26.50509,0
            127.89007,26.50534,0
            127.89013,26.50554,0
            127.89024,26.50575,0
            127.89028,26.50581,0
            127.89047,26.50603,0
            127.89135,26.50689,0
            127.89147,26.50703,0
            127.89168,26.50732,0
            127.89176,26.50746,0
            127.89184,26.50763,0
            127.89193,26.50793,0
            127.89198,26.50818,0
            127.89221,26.50994,0
            127.89224,26.51025,0
            127.89225,26.51027,0
            127.89228,26.51051,0
            127.8923,26.51057,0
            127.89231,26.51062,0
            127.89235,26.51075,0
            127.89241,26.51091,0
            127.89248,26.51104,0
            127.89253,26.51112,0
            127.89254,26.51113,0
            127.89266,26.51129,0
            127.89273,26.51136,0
            127.89277,26.51141,0
            127.89288,26.5115,0
            127.89293,26.51155,0
            127.89303,26.51162,0
            127.89306,26.51165,0
            127.8931,26.51167,0
            127.89325,26.51177,0
            127.89376,26.51205,0
            127.89391,26.51211,0
            127.89406,26.51215,0
            127.89411,26.51217,0
            127.89442,26.51222,0
            127.89486,26.51224,0
            127.89523,26.51224,0
            127.89598,26.51221,0
            127.89672,26.51214,0
            127.89696,26.51209,0
            127.89722,26.51201,0
            127.89732,26.51196,0
            127.8974,26.51191,0
            127.89745,26.51189,0
            127.89784,26.51166,0
            127.89804,26.51157,0
            127.8982,26.51151,0
            127.89821,26.51151,0
            127.89822,26.5115,0
            127.89838,26.51146,0
            127.8984,26.51146,0
            127.89855,26.51144,0
            127.89882,26.51144,0
            127.89886,26.51145,0
            127.89893,26.51145,0
            127.89908,26.51148,0
            127.89918,26.51151,0
            127.89927,26.51153,0
            127.89939,26.51158,0
            127.89947,26.51162,0
            127.89979,26.51183,0
            127.90004,26.51208,0
            127.90024,26.51232,0
            127.90058,26.51269,0
            127.90103,26.51324,0
            127.90132,26.51356,0
            127.9015,26.51372,0
            127.90162,26.51381,0
            127.90191,26.51397,0
            127.90201,26.51401,0
            127.90258,26.51418,0
            127.90285,26.5143,0
            127.90305,26.5144,0
            127.90324,26.51454,0
            127.90328,26.51456,0
            127.90344,26.51472,0
            127.90357,26.51487,0
            127.90399,26.51548,0
            127.90424,26.51582,0
            127.90445,26.51603,0
            127.90458,26.51614,0
            127.90473,26.51624,0
            127.90474,26.51625,0
            127.90494,26.51636,0
            127.90546,26.51659,0
            127.90579,26.51679,0
            127.90589,26.51687,0
            127.90604,26.51702,0
            127.90635,26.51739,0
            127.90645,26.51753,0
            127.90648,26.51755,0
            127.90666,26.51777,0
            127.90671,26.51782,0
            127.90691,26.51799,0
            127.90696,26.51802,0
            127.90704,26.51808,0
            127.90723,26.51817,0
            127.90736,26.51822,0
            127.90741,26.51823,0
            127.90743,26.51823,0
            127.90745,26.51824,0
            127.90759,26.51827,0
            127.90765,26.51827,0
            127.90772,26.51828,0
            127.90778,26.51828,0
            127.90783,26.51829,0
            127.90793,26.51828,0
            127.90799,26.51829,0
            127.90823,26.51826,0
            127.90833,26.51824,0
            127.90841,26.51821,0
            127.90848,26.51819,0
            127.9086,26.51814,0
            127.9087,26.51809,0
            127.90875,26.51805,0
            127.90877,26.51805,0
            127.90879,26.51803,0
            127.90884,26.51799,0
            127.90889,26.51796,0
            127.90899,26.51788,0
            127.90927,26.51761,0
            127.90989,26.51705,0
            127.91011,26.51687,0
            127.91029,26.51676,0
            127.91052,26.51665,0
            127.91086,26.51652,0
            127.91146,26.51636,0
            127.91165,26.5163,0
            127.91217,26.51616,0
            127.91248,26.51609,0
            127.91272,26.51606,0
            127.91296,26.51606,0
            127.91319,26.51609,0
            127.91357,26.51617,0
            127.91407,26.5163,0
            127.91435,26.51636,0
            127.91448,26.51638,0
            127.91454,26.51638,0
            127.9146,26.51639,0
            127.91481,26.51639,0
            127.91507,26.51634,0
            127.91512,26.51632,0
            127.91516,26.51631,0
            127.91517,26.5163,0
            127.91528,26.51626,0
            127.91541,26.51619,0
            127.91565,26.516,0
            127.91566,26.51598,0
            127.916,26.51562,0
            127.91612,26.51551,0
            127.91614,26.51551,0
            127.91616,26.5155,0
            127.91617,26.51549,0
            127.9162,26.51547,0
            127.91623,26.51544,0
            127.91642,26.51533,0
            127.9165,26.5153,0
            127.91654,26.51528,0
            127.9166,26.51526,0
            127.9167,26.51524,0
            127.91681,26.51521,0
            127.91692,26.5152,0
            127.91703,26.51518,0
            127.91714,26.5152,0
            127.91718,26.5152,0
            127.91724,26.51521,0
            127.91729,26.51521,0
            127.91733,26.51523,0
            127.9174,26.51525,0
            127.91742,26.51526,0
            127.91745,26.51526,0
            127.91747,26.51528,0
            127.91756,26.51532,0
            127.91762,26.51536,0
            127.91766,26.5154,0
            127.91778,26.5155,0
            127.91788,26.51555,0
            127.91804,26.51569,0
            127.91818,26.51579,0
            127.91821,26.51582,0
            127.91859,26.51612,0
            127.91882,26.51634,0
            127.919,26.51658,0
            127.919,26.51659,0
            127.91909,26.51671,0
            127.91914,26.51679,0
            127.91933,26.51717,0
            127.91934,26.51722,0
            127.91942,26.51745,0
            127.91946,26.51764,0
            127.91949,26.51794,0
            127.91949,26.5186,0
            127.9195,26.51873,0
            127.91952,26.51886,0
            127.91958,26.51905,0
            127.91963,26.51916,0
            127.91969,26.51926,0
            127.91977,26.51937,0
            127.91988,26.5195,0
            127.91996,26.51958,0
            127.9201,26.5197,0
            127.92014,26.51974,0
            127.92051,26.52003,0
            127.92059,26.5201,0
            127.92067,26.52018,0
            127.92074,26.52026,0
            127.92078,26.52032,0
            127.92082,26.52037,0
            127.92096,26.52061,0
            127.92103,26.5208,0
            127.92105,26.52089,0
            127.92107,26.52095,0
            127.92108,26.52102,0
            127.92108,26.52124,0
            127.92104,26.52177,0
            127.92104,26.52192,0
            127.92105,26.52206,0
            127.92107,26.52217,0
            127.92112,26.52232,0
            127.92115,26.52239,0
            127.92122,26.52252,0
            127.92145,26.52288,0
            127.92188,26.52348,0
            127.92188,26.52349,0
            127.92217,26.52393,0
            127.92243,26.52429,0
            127.92275,26.52464,0
            127.92318,26.52506,0
            127.9233,26.52514,0
            127.92339,26.52521,0
            127.92381,26.52547,0
            127.92388,26.52549,0
            127.92408,26.52559,0
            127.92459,26.52579,0
            127.92567,26.52626,0
            127.92583,26.52632,0
            127.9262,26.52649,0
            127.92627,26.52653,0
            127.92633,26.52658,0
            127.92638,26.52661,0
            127.92656,26.52676,0
            127.92813,26.5283,0
            127.92842,26.52855,0
            127.92885,26.52896,0
            127.92886,26.52899,0
            127.92887,26.52901,0
            127.92949,26.52957,0
            127.92965,26.52973,0
            127.92977,26.52983,0
            127.92997,26.53003,0
            127.93,26.53005,0
            127.93006,26.53013,0
            127.93011,26.53022,0
            127.93012,26.53023,0
            127.93018,26.53035,0
            127.93021,26.53043,0
            127.93022,26.53048,0
            127.93023,26.5305,0
            127.93023,26.53052,0
            127.93038,26.53133,0
            127.93039,26.53134,0
            127.9304,26.53139,0
            127.9304,26.53141,0
            127.93041,26.53143,0
            127.93042,26.53143,0
            127.93042,26.53144,0
            127.93048,26.53173,0
            127.9305,26.53179,0
            127.93051,26.53189,0
            127.93055,26.53203,0
            127.93071,26.53282,0
            127.9308,26.53315,0
            127.93084,26.53326,0
            127.93106,26.53377,0
            127.93125,26.53413,0
            127.93149,26.53447,0
            127.93167,26.5347,0
            127.93192,26.53498,0
            127.93228,26.53531,0
            127.93248,26.53546,0
            127.93268,26.53563,0
            127.93304,26.5359,0
            127.93343,26.53614,0
            127.93363,26.53624,0
            127.93373,26.53628,0
            127.93381,26.5363,0
            127.93404,26.53638,0
            127.93406,26.53639,0
            127.93435,26.53648,0
            127.93462,26.53654,0
            127.93519,26.53659,0
            127.93541,26.53659,0
            127.93559,26.53658,0
            127.93609,26.53651,0
            127.93735,26.53629,0
            127.939,26.53606,0
            127.93962,26.53595,0
            127.9399,26.53587,0
            127.94,26.53583,0
            127.94008,26.53581,0
            127.94009,26.5358,0
            127.94023,26.53574,0
            127.94039,26.53566,0
            127.94054,26.53557,0
            127.94064,26.53552,0
            127.94072,26.53546,0
            127.9416,26.53493,0
            127.94183,26.53481,0
            127.9419,26.53479,0
            127.94198,26.53475,0
            127.94217,26.5347,0
            127.94232,26.53467,0
            127.94238,26.53467,0
            127.94246,26.53466,0
            127.94258,26.53466,0
            127.94264,26.53467,0
            127.94269,26.53467,0
            127.94295,26.53471,0
            127.94306,26.53474,0
            127.94357,26.53491,0
            127.94367,26.53495,0
            127.94401,26.53506,0
            127.94409,26.53508,0
            127.94446,26.53521,0
            127.94449,26.53523,0
            127.94452,26.53524,0
            127.94477,26.53538,0
            127.94489,26.53546,0
            127.94491,26.53548,0
            127.94498,26.53553,0
            127.94511,26.53564,0
            127.94618,26.53669,0
            127.94629,26.53681,0
            127.94672,26.53723,0
            127.94718,26.53763,0
            127.94731,26.53773,0
            127.94768,26.53798,0
            127.94854,26.53849,0
            127.94885,26.53871,0
            127.94922,26.53906,0
            127.95058,26.54077,0
            127.95064,26.54086,0
            127.95138,26.54179,0
            127.9515,26.54196,0
            127.95157,26.54204,0
            127.95162,26.54211,0
            127.95177,26.54236,0
            127.95184,26.54252,0
            127.95186,26.54258,0
            127.95189,26.54264,0
            127.9519,26.5427,0
            127.95192,26.54275,0
            127.95194,26.54286,0
            127.95196,26.54292,0
            127.95202,26.54342,0
            127.95204,26.54351,0
            127.95206,26.54365,0
            127.9521,26.54375,0
            127.95211,26.54381,0
            127.95215,26.5439,0
            127.95226,26.54409,0
            127.95231,26.54416,0
            127.95237,26.54422,0
            127.95241,26.54428,0
            127.95245,26.54431,0
            127.95248,26.54435,0
            127.95285,26.54464,0
            127.95319,26.54482,0
            127.95359,26.54498,0
            127.95381,26.54504,0
            127.95386,26.54506,0
            127.95402,26.54509,0
            127.95409,26.54511,0
            127.9545,26.54517,0
            127.95458,26.54517,0
            127.95474,26.54519,0
            127.95481,26.54519,0
            127.95489,26.5452,0
            127.95695,26.54529,0
            127.95763,26.54534,0
            127.95794,26.54534,0
            127.95821,26.5453,0
            127.95829,26.54528,0
            127.95831,26.54527,0
            127.95833,26.54527,0
            127.95837,26.54525,0
            127.95844,26.54523,0
            127.95855,26.54518,0
            127.95866,26.54512,0
            127.95871,26.54508,0
            127.95877,26.54502,0
            127.95889,26.54492,0
            127.95897,26.54484,0
            127.95909,26.54468,0
            127.95914,26.5446,0
            127.9592,26.54448,0
            127.95925,26.54433,0
            127.95929,26.54418,0
            127.95932,26.54401,0
            127.95932,26.54388,0
            127.95933,26.54386,0
            127.95938,26.5432,0
            127.95938,26.54311,0
            127.95939,26.54298,0
            127.9594,26.54296,0
            127.9594,26.54287,0
            127.95941,26.54284,0
            127.95941,26.54273,0
            127.95942,26.54267,0
            127.95943,26.54227,0
            127.95945,26.54213,0
            127.95951,26.54185,0
            127.95954,26.54179,0
            127.95958,26.54168,0
            127.95972,26.54146,0
            127.9598,26.54136,0
            127.95984,26.54132,0
            127.95994,26.54124,0
            127.95997,26.54121,0
            127.96002,26.54117,0
            127.96016,26.54108,0
            127.96044,26.54094,0
            127.96108,26.54069,0
            127.96139,26.54059,0
            127.96151,26.54056,0
            127.96172,26.54048,0
            127.96225,26.54037,0
            127.96238,26.54036,0
            127.96245,26.54034,0
            127.96254,26.54033,0
            127.96262,26.54033,0
            127.9627,26.54032,0
            127.96279,26.54032,0
            127.96307,26.54035,0
            127.96328,26.54041,0
            127.96334,26.54044,0
            127.96336,26.54044,0
            127.96341,26.54046,0
            127.96347,26.5405,0
            127.96353,26.54053,0
            127.96369,26.54064,0
            127.96372,26.54067,0
            127.96375,26.54069,0
            127.96392,26.54085,0
            127.96408,26.54104,0
            127.96413,26.54112,0
            127.96429,26.54132,0
            127.9645,26.54161,0
            127.96454,26.54168,0
            127.9646,26.54176,0
            127.96469,26.5419,0
            127.96472,26.54197,0
            127.96477,26.54206,0
            127.96481,26.54216,0
            127.96492,26.54251,0
            127.96495,26.5427,0
            127.96495,26.54278,0
            127.96497,26.54294,0
            127.96496,26.54372,0
            127.96498,26.54396,0
            127.96507,26.54469,0
            127.96521,26.54537,0
            127.96525,26.54545,0
            127.96534,26.54569,0
            127.96537,26.5458,0
            127.96544,26.54598,0
            127.96563,26.54639,0
            127.9659,26.54686,0
            127.96601,26.54702,0
            127.96602,26.54705,0
            127.96609,26.54714,0
            127.96611,26.54718,0
            127.9664,26.54751,0
            127.96656,26.54773,0
            127.96662,26.54783,0
            127.96673,26.54804,0
            127.96679,26.54821,0
            127.96683,26.54829,0
            127.9669,26.54849,0
            127.96694,26.54863,0
            127.96697,26.54883,0
            127.96701,26.54926,0
            127.96701,26.54955,0
            127.96699,26.54996,0
            127.967,26.55023,0
            127.96701,26.55032,0
            127.96705,26.55052,0
            127.96711,26.5507,0
            127.96727,26.551,0
            127.96747,26.55125,0
            127.96782,26.55155,0
            127.9679,26.55161,0
            127.96813,26.55175,0
            127.96838,26.55187,0
            127.96862,26.55197,0
            127.96879,26.55203,0
            127.96928,26.55224,0
            127.96979,26.55248,0
            127.97009,26.55265,0
            127.97018,26.55271,0
            127.97048,26.55294,0
            127.97057,26.55302,0
            127.97066,26.55309,0
            127.97108,26.55354,0
            127.97126,26.55378,0
            127.97145,26.55411,0
            127.97146,26.55412,0
            127.97166,26.55446,0
            127.97183,26.55479,0
            127.97194,26.55497,0
            127.97195,26.55498,0
            127.97231,26.55552,0
            127.97248,26.55573,0
            127.97261,26.55587,0
            127.97264,26.55591,0
            127.9729,26.55617,0
            127.97316,26.55641,0
            127.97322,26.55645,0
            127.97356,26.55672,0
            127.97474,26.55756,0
            127.97494,26.55772,0
            127.97495,26.55772,0
            127.97519,26.55792,0
            127.9753,26.558,0
            127.97538,26.55807,0
            127.97589,26.55861,0
            127.97606,26.55882,0
            127.97622,26.55904,0
            127.97631,26.55918,0
            127.97639,26.55929,0
            127.97659,26.55963,0
            127.97685,26.56013,0
            127.97755,26.56162,0
            127.97781,26.5621,0
            127.97799,26.56237,0
            127.97803,26.56245,0
            127.97828,26.56281,0
            127.97948,26.5644,0
            127.97961,26.5646,0
            127.97967,26.56471,0
            127.97974,26.56481,0
            127.98004,26.56538,0
            127.98005,26.56539,0
            127.98009,26.56547,0
            127.98022,26.56579,0
            127.98027,26.56589,0
            127.98038,26.5662,0
            127.98041,26.56627,0
            127.98043,26.56635,0
            127.98046,26.56643,0
            127.98055,26.56673,0
            127.98069,26.56739,0
            127.98077,26.568,0
            127.98077,26.56806,0
            127.98079,26.56822,0
            127.9809,26.56977,0
            127.98101,26.57096,0
            127.98105,26.57118,0
            127.9811,26.57138,0
            127.98122,26.57177,0
            127.98142,26.57221,0
            127.98155,26.57246,0
            127.98165,26.5726,0
            127.98172,26.57272,0
            127.98192,26.57299,0
            127.98201,26.57309,0
            127.98202,26.57311,0
            127.98208,26.57317,0
            127.98223,26.57334,0
            127.9823,26.5734,0
            127.98321,26.57428,0
            127.98353,26.57465,0
            127.98368,26.57484,0
            127.9838,26.57501,0
            127.98399,26.57533,0
            127.98399,26.57534,0
            127.98409,26.57554,0
            127.98421,26.57584,0
            127.98421,26.57585,0
            127.98425,26.576,0
            127.98428,26.57608,0
            127.9843,26.57615,0
            127.98432,26.5762,0
            127.98455,26.57707,0
            127.98456,26.57714,0
            127.98511,26.57928,0
            127.98511,26.57941,0
            127.98516,26.57965,0
            127.98518,26.57982,0
            127.98519,26.58024,0
            127.98513,26.58085,0
            127.98507,26.58112,0
            127.98498,26.58164,0
            127.98472,26.58293,0
            127.98445,26.5839,0
            127.9842,26.5846,0
            127.98378,26.58551,0
            127.98372,26.58561,0
            127.98363,26.58579,0
            127.98361,26.58582,0
            127.98319,26.5867,0
            127.98314,26.58677,0
            127.98304,26.58695,0
            127.983,26.587,0
            127.9828,26.58731,0
            127.98271,26.58741,0
            127.98266,26.58748,0
            127.98261,26.58752,0
            127.98246,26.58769,0
            127.98235,26.58777,0
            127.98201,26.58805,0
            127.98177,26.58823,0
            127.98165,26.58831,0
            127.98158,26.58835,0
            127.98153,26.58839,0
            127.98018,26.58927,0
            127.98007,26.58933,0
            127.97956,26.58967,0
            127.97955,26.58967,0
            127.97919,26.58991,0
            127.97873,26.59017,0
            127.97859,26.59024,0
            127.97845,26.59032,0
            127.97804,26.59053,0
            127.978,26.59054,0
            127.97758,26.59073,0
            127.97525,26.59162,0
            127.97509,26.59167,0
            127.97334,26.59233,0
            127.97328,26.59234,0
            127.97063,26.59334,0
            127.97055,26.59336,0
            127.96996,26.59359,0
            127.96947,26.59375,0
            127.96929,26.59379,0
            127.96898,26.59384,0
            127.96874,26.59386,0
            127.96867,26.59386,0
            127.96825,26.59389,0
            127.96815,26.59386,0
            127.9681,26.59386,0
            127.96806,26.59385,0
            127.96796,26.59385,0
            127.96776,26.59383,0
            127.96756,26.59378,0
            127.9675,26.59377,0
            127.96745,26.59377,0
            127.96737,26.59378,0
            127.9671,26.59371,0
            127.96644,26.59348,0
            127.96629,26.59341,0
            127.96621,26.59338,0
            127.96575,26.59317,0
            127.96566,26.59315,0
            127.96558,26.59312,0
            127.96551,26.5931,0
            127.96541,26.59309,0
            127.96532,26.59307,0
            127.9652,26.59307,0
            127.96512,26.59306,0
            127.965,26.59307,0
            127.96487,26.59307,0
            127.96479,26.59308,0
            127.9647,26.59308,0
            127.96436,26.5931,0
            127.96409,26.59313,0
            127.96372,26.59321,0
            127.96339,26.59332,0
            127.96321,26.5934,0
            127.96317,26.59341,0
            127.96216,26.59384,0
            127.96199,26.5939,0
            127.96186,26.59396,0
            127.96131,26.59418,0
            127.96118,26.59424,0
            127.95811,26.59549,0
            127.95782,26.59562,0
            127.95742,26.59578,0
            127.95727,26.59582,0
            127.95722,26.59584,0
            127.95701,26.59588,0
            127.95665,26.59589,0
            127.95644,26.59592,0
            127.95619,26.59597,0
            127.95618,26.59597,0
            127.95581,26.59609,0
            127.95501,26.59641,0
            127.95486,26.59646,0
            127.95474,26.59651,0
            127.95445,26.59665,0
            127.95442,26.59666,0
            127.95398,26.59687,0
            127.95396,26.59687,0
            127.95351,26.59712,0
            127.95333,26.59726,0
            127.95319,26.5974,0
            127.95303,26.5976,0
            127.95301,26.59762,0
            127.95296,26.59769,0
            127.95289,26.59783,0
            127.95287,26.59789,0
            127.95285,26.59801,0
            127.95285,26.59807,0
            127.95288,26.59827,0
            127.95294,26.59852,0
            127.95309,26.59904,0
            127.9531,26.59912,0
            127.95311,26.59913,0
            127.95313,26.59926,0
            127.95313,26.59932,0
            127.95314,26.59936,0
            127.95314,26.59947,0
            127.95313,26.59949,0
            127.95313,26.59956,0
            127.95312,26.59964,0
            127.9531,26.59973,0
            127.9531,26.59976,0
            127.95306,26.59992,0
            127.95303,26.6001,0
            127.95301,26.60015,0
            127.95301,26.60017,0
            127.95299,26.60024,0
            127.95297,26.60028,0
            127.95296,26.60031,0
            127.95293,26.60037,0
            127.9529,26.60041,0
            127.95286,26.60048,0
            127.9528,26.60055,0
            127.95265,26.60069,0
            127.95262,26.60071,0
            127.9526,26.60073,0
            127.95199,26.60104,0
            127.95198,26.60105,0
            127.9517,26.60124,0
            127.95146,26.60145,0
            127.95136,26.60155,0
            127.95128,26.60162,0
            127.95128,26.60163,0
            127.95114,26.60177,0
            127.95109,26.60181,0
            127.95103,26.60187,0
            127.95009,26.60264,0
            127.95004,26.6027,0
            127.94996,26.60277,0
            127.94977,26.60298,0
            127.94974,26.603,0
            127.94968,26.60305,0
            127.94962,26.60309,0
            127.9495,26.60315,0
            127.94932,26.6032,0
            127.9492,26.60322,0
            127.94852,26.60329,0
            127.94849,26.60329,0
            127.94835,26.60331,0
            127.94564,26.60351,0
            127.94559,26.60352,0
            127.9449,26.60357,0
            127.94484,26.60357,0
            127.94477,26.60356,0
            127.94473,26.60356,0
            127.94449,26.60349,0
            127.94436,26.60339,0
            127.94425,26.60332,0
            127.94423,26.6033,0
            127.94406,26.6032,0
            127.94395,26.60315,0
            127.94365,26.60304,0
            127.94323,26.60296,0
            127.94322,26.60296,0
            127.94173,26.60269,0
            127.94158,26.60267,0
            127.9414,26.60263,0
            127.94101,26.60257,0
            127.94065,26.60257,0
            127.9404,26.60261,0
            127.9403,26.60262,0
            127.94018,26.60266,0
            127.94013,26.60267,0
            127.94008,26.60269,0
            127.94003,26.6027,0
            127.93992,26.60275,0
            127.93989,26.60276,0
            127.93978,26.60281,0
            127.93969,26.60286,0
            127.93964,26.60288,0
            127.93955,26.60293,0
            127.93953,26.60295,0
            127.93936,26.60303,0
            127.93924,26.6031,0
            127.93917,26.60313,0
            127.93917,26.60314,0
            127.93875,26.60335,0
            127.93859,26.60345,0
            127.93824,26.60363,0
            127.93818,26.60365,0
            127.93808,26.6037,0
            127.93798,26.60374,0
            127.9379,26.60378,0
            127.93783,26.6038,0
            127.93778,26.60382,0
            127.93768,26.60385,0
            127.93758,26.60387,0
            127.93756,26.60388,0
            127.9373,26.60392,0
            127.93693,26.60396,0
            127.93647,26.60395,0
            127.93637,26.60394,0
            127.93634,26.60393,0
            127.93612,26.60392,0
            127.93597,26.6039,0
            127.93583,26.60389,0
            127.93564,26.60389,0
            127.93552,26.60388,0
            127.93543,26.60389,0
            127.93522,26.6039,0
            127.93507,26.60392,0
            127.93477,26.60398,0
            127.93435,26.60412,0
            127.93426,26.60416,0
            127.93408,26.60426,0
            127.93403,26.60428,0
            127.93399,26.60431,0
            127.93395,26.60433,0
            127.93378,26.60445,0
            127.93349,26.60469,0
            127.93333,26.60484,0
            127.93319,26.60499,0
            127.93276,26.60541,0
            127.93258,26.6056,0
            127.93148,26.60668,0
            127.93138,26.60676,0
            127.93107,26.60704,0
            127.93085,26.60722,0
            127.9308,26.60725,0
            127.93063,26.60739,0
            127.93003,26.60782,0
            127.92932,26.60826,0
            127.92876,26.60857,0
            127.92805,26.60891,0
            127.92742,26.60916,0
            127.92704,26.60929,0
            127.92672,26.60943,0
            127.92671,26.60943,0
            127.92658,26.60948,0
            127.92596,26.60967,0
            127.92556,26.60977,0
            127.92488,26.6099,0
            127.92419,26.60996,0
            127.92356,26.60996,0
            127.9226,26.60987,0
            127.92117,26.60963,0
            127.92115,26.60963,0
            127.92099,26.6096,0
            127.92082,26.60955,0
            127.92076,26.60954,0
            127.92056,26.60948,0
            127.92022,26.60934,0
            127.92018,26.60931,0
            127.92012,26.60929,0
            127.91971,26.60905,0
            127.91955,26.60894,0
            127.91938,26.6088,0
            127.91925,26.60871,0
            127.91898,26.60847,0
            127.91868,26.60817,0
            127.91844,26.6079,0
            127.91844,26.60789,0
            127.91833,26.60775,0
            127.91831,26.60773,0
            127.91801,26.60729,0
            127.91787,26.60704,0
            127.91772,26.60672,0
            127.9175,26.60611,0
            127.91748,26.60607,0
            127.91746,26.60604,0
            127.91736,26.60566,0
            127.91736,26.60558,0
            127.91719,26.60496,0
            127.91685,26.60415,0
            127.91681,26.60409,0
            127.91676,26.604,0
            127.91645,26.60355,0
            127.9164,26.6035,0
            127.91637,26.60346,0
            127.91624,26.60332,0
            127.9162,26.60329,0
            127.91594,26.60305,0
            127.91543,26.60265,0
            127.91484,26.60224,0
            127.91468,26.60214,0
            127.91463,26.6021,0
            127.91457,26.60206,0
            127.91451,26.60203,0
            127.91429,26.6019,0
            127.91424,26.60188,0
            127.9142,26.60185,0
            127.91407,26.60179,0
            127.91401,26.60177,0
            127.91398,26.60175,0
            127.91386,26.60171,0
            127.91369,26.60164,0
            127.91356,26.6016,0
            127.9135,26.60159,0
            127.91345,26.60157,0
            127.91308,26.6015,0
            127.91299,26.6015,0
            127.91295,26.60149,0
            127.9128,26.60149,0
            127.91274,26.60148,0
            127.91244,26.60148,0
            127.91239,26.60149,0
            127.9123,26.60149,0
            127.91227,26.6015,0
            127.91221,26.6015,0
            127.91218,26.60151,0
            127.91215,26.60151,0
            127.91212,26.60152,0
            127.91208,26.60152,0
            127.91169,26.60159,0
            127.91119,26.6017,0
            127.91118,26.6017,0
            127.91117,26.60171,0
            127.90861,26.60227,0
            127.90758,26.60254,0
            127.90752,26.60255,0
            127.90734,26.60261,0
            127.90718,26.60265,0
            127.90653,26.60285,0
            127.90652,26.60286,0
            127.90634,26.60292,0
            127.90633,26.60292,0
            127.90597,26.60304,0
            127.90596,26.60305,0
            127.90557,26.60317,0
            127.90535,26.60325,0
            127.905,26.60336,0
            127.90491,26.6034,0
            127.90484,26.60342,0
            127.90482,26.60343,0
            127.90433,26.6036,0
            127.90422,26.60363,0
            127.90043,26.6049,0
            127.90039,26.60492,0
            127.89911,26.60533,0
            127.89681,26.60611,0
            127.89677,26.60612,0
            127.89649,26.60623,0
            127.89642,26.60625,0
            127.89639,26.60627,0
            127.89635,26.60628,0
            127.89621,26.60635,0
            127.89609,26.60642,0
            127.89597,26.6065,0
            127.89593,26.60654,0
            127.89587,26.60658,0
            127.89581,26.60664,0
            127.89576,26.60668,0
            127.89572,26.60672,0
            127.89568,26.60675,0
            127.89556,26.6069,0
            127.89549,26.60701,0
            127.89546,26.60704,0
            127.89535,26.60725,0
            127.89532,26.60733,0
            127.8953,26.60737,0
            127.89525,26.60754,0
            127.8952,26.60778,0
            127.8952,26.60787,0
            127.89519,26.60791,0
            127.89519,26.60811,0
            127.89522,26.60853,0
            127.89522,26.60867,0
            127.89524,26.60888,0
            127.8953,26.61006,0
            127.89532,26.61024,0
            127.89533,26.61043,0
            127.89537,26.61074,0
            127.89538,26.61094,0
            127.89542,26.61127,0
            127.89544,26.61187,0
            127.8955,26.61289,0
            127.89549,26.61294,0
            127.89549,26.61316,0
            127.89548,26.61321,0
            127.89545,26.61355,0
            127.8954,26.61382,0
            127.89537,26.61394,0
            127.89535,26.61405,0
            127.89519,26.61456,0
            127.89514,26.61469,0
            127.89496,26.61508,0
            127.89488,26.61523,0
            127.89486,26.61528,0
            127.89472,26.61551,0
            127.89469,26.61557,0
            127.89454,26.6158,0
            127.89452,26.61582,0
            127.8943,26.61611,0
            127.89426,26.61615,0
            127.89419,26.61624,0
            127.89405,26.61639,0
            127.8939,26.61653,0
            127.89369,26.61676,0
            127.89368,26.61676,0
            127.89349,26.61694,0
            127.89343,26.61701,0
            127.8918,26.61857,0
            127.89169,26.61869,0
            127.89168,26.61869,0
            127.89158,26.61882,0
            127.89138,26.61913,0
            127.89128,26.61933,0
            127.89125,26.61943,0
            127.89123,26.61948,0
            127.89119,26.61964,0
            127.89118,26.61972,0
            127.89117,26.61975,0
            127.89115,26.61986,0
            127.89115,26.61992,0
            127.89114,26.62001,0
            127.8911,26.62083,0
            127.89107,26.621,0
            127.89105,26.62121,0
            127.89102,26.6213,0
            127.891,26.62141,0
            127.89095,26.62155,0
            127.89082,26.62181,0
            127.89074,26.62193,0
            127.89072,26.62195,0
            127.89066,26.62205,0
            127.8906,26.62212,0
            127.8904,26.62232,0
            127.88908,26.62342,0
            127.88902,26.62346,0
            127.88806,26.62426,0
            127.88794,26.62437,0
            127.88786,26.62446,0
            127.88781,26.6245,0
            127.88767,26.62466,0
            127.8875,26.62489,0
            127.88734,26.62515,0
            127.88719,26.62548,0
            127.88708,26.62585,0
            127.88704,26.62605,0
            127.887,26.62635,0
            127.887,26.62641,0
            127.88699,26.62654,0
            127.887,26.62717,0
            127.88701,26.62727,0
            127.88705,26.62883,0
            127.88706,26.62888,0
            127.88706,26.62907,0
            127.88703,26.62942,0
            127.88703,26.62949,0
            127.887,26.62972,0
            127.887,26.6298,0
            127.88693,26.63014,0
            127.88689,26.63029,0
            127.88689,26.6303,0
            127.8867,26.63092,0
            127.88669,26.63093,0
            127.88666,26.63103,0
            127.88662,26.63112,0
            127.88657,26.63127,0
            127.88652,26.63138,0
            127.88651,26.63142,0
            127.88639,26.63173,0
            127.88622,26.63211,0
            127.88607,26.63239,0
            127.88605,26.63241,0
            127.88601,26.6325,0
            127.88593,26.63264,0
            127.88588,26.63269,0
            127.88581,26.6328,0
            127.88565,26.63302,0
            127.88552,26.63322,0
            127.88548,26.63327,0
            127.8852,26.6337,0
            127.88302,26.63682,0
            127.88302,26.63683,0
            127.88251,26.63755,0
            127.88226,26.63802,0
            127.88213,26.6383,0
            127.88169,26.63937,0
            127.88164,26.63947,0
            127.88153,26.63978,0
            127.88145,26.64007,0
            127.88139,26.6404,0
            127.88137,26.6407,0
            127.88137,26.64095,0
            127.88143,26.64146,0
            127.88168,26.64267,0
            127.88174,26.64314,0
            127.88176,26.64356,0
            127.88174,26.64392,0
            127.88171,26.64421,0
            127.8817,26.64423,0
            127.88164,26.64475,0
            127.88164,26.64481,0
            127.88146,26.64602,0
            127.88143,26.64658,0
            127.88143,26.64736,0
            127.88144,26.64756,0
            127.88145,26.64764,0
            127.88146,26.64841,0
            127.88145,26.64846,0
            127.88145,26.64855,0
            127.88143,26.64873,0
            127.88142,26.64878,0
            127.88141,26.64881,0
            127.88141,26.64884,0
            127.88137,26.64905,0
            127.88137,26.64906,0
            127.88133,26.64929,0
            127.88126,26.64955,0
            127.88088,26.65051,0
            127.88081,26.65072,0
            127.88061,26.65125,0
            127.8806,26.65129,0
            127.88038,26.65184,0
            127.88028,26.65215,0
            127.88024,26.65233,0
            127.88023,26.65241,0
            127.88023,26.65251,0
            127.88022,26.65258,0
            127.88022,26.65268,0
            127.8803,26.65321,0
            127.88033,26.65334,0
            127.88038,26.65347,0
            127.88042,26.65352,0
            127.8805,26.65359,0
            127.88061,26.65373,0
            127.88072,26.65383,0
            127.88093,26.65399,0
            127.88098,26.65404,0
            127.88174,26.65465,0
            127.88179,26.65468,0
            127.88299,26.65565,0
            127.88307,26.6557,0
            127.88339,26.65597,0
            127.88691,26.65879,0
            127.88758,26.65936,0
            127.89057,26.66214,0
            127.89062,26.66218,0
            127.891,26.66256,0
            127.891,26.66258,0
            127.89099,26.66259,0
            127.89099,26.66262,0
            127.89101,26.66266,0
            127.89113,26.66285,0
            127.89119,26.66298,0
            127.89124,26.66312,0
            127.89127,26.66335,0
            127.89128,26.66353,0
            127.89126,26.66369,0
            127.89123,26.6638,0
            127.89118,26.66404,0
            127.89116,26.66409,0
            127.89115,26.66414,0
            127.89108,26.66434,0
            127.89104,26.66448,0
            127.89103,26.6645,0
            127.89099,26.66466,0
            127.89085,26.66513,0
            127.89082,26.6652,0
            127.89046,26.66654,0
            127.89045,26.6666,0
            127.89042,26.66669,0
            127.89025,26.66737,0
            127.89022,26.66754,0
            127.89005,26.66815,0
            127.88978,26.6695,0
            127.88962,26.67045,0
            127.88954,26.67105,0
            127.88954,26.67114,0
            127.88957,26.67151,0
            127.88959,26.67164,0
            127.88965,26.67185,0
            127.88965,26.67188,0
            127.88977,26.67226,0
            127.89007,26.67292,0
            127.89041,26.6736,0
            127.89057,26.67387,0
            127.89059,26.67392,0
            127.89061,26.67395,0
            127.89075,26.67425,0
            127.89078,26.6743,0
            127.89081,26.67439,0
            127.89083,26.67443,0
            127.89085,26.6745,0
            127.89094,26.67473,0
            127.89107,26.67527,0
            127.89116,26.67582,0
            127.89136,26.67683,0
            127.89152,26.67779,0
            127.89159,26.67786,0
            127.89169,26.67839,0
            127.89169,26.67841,0
            127.89181,26.67866,0
            127.89186,26.67875,0
            127.8926,26.67965,0
            127.89269,26.67974,0
            127.89274,26.6798,0
            127.89282,26.67986,0
            127.89282,26.67987,0
            127.89306,26.68001,0
            127.89311,26.68003,0
            127.89337,26.68009,0
            127.89365,26.68012,0
            127.89383,26.68015,0
            127.89386,26.68015,0
            127.89395,26.68018,0
            127.89397,26.68018,0
            127.89413,26.68025,0
            127.89441,26.68041,0
            127.89462,26.68055,0
            127.89474,26.68064,0
            127.89485,26.68075,0
            127.89489,26.68081,0
            127.89494,26.68086,0
            127.89494,26.68088,0
            127.89496,26.6809,0
            127.895,26.68095,0
            127.89595,26.68242,0
            127.89609,26.68261,0
            127.89611,26.68263,0
            127.89627,26.68283,0
            127.89631,26.68289,0
            127.89664,26.68325,0
            127.89667,26.68327,0
            127.89683,26.68343,0
            127.89701,26.68359,0
            127.89737,26.68394,0
            127.89739,26.68395,0
            127.89807,26.68459,0
            127.89811,26.68462,0
            127.89815,26.68466,0
            127.89822,26.68471,0
            127.89844,26.68482,0
            127.89913,26.68509,0
            127.89917,26.6851,0
            127.89982,26.68538,0
            127.90019,26.68558,0
            127.90052,26.6858,0
            127.90054,26.68581,0
            127.90099,26.68617,0
            127.90113,26.6863,0
            127.90141,26.68662,0
            127.90169,26.68698,0
            127.90197,26.68744,0
            127.90215,26.68771,0
            127.90216,26.68772,0
            127.9023,26.68793,0
            127.9024,26.68812,0
            127.90247,26.68832,0
            127.90248,26.68837,0
            127.90249,26.68839,0
            127.9025,26.68846,0
            127.9025,26.68852,0
            127.90251,26.68856,0
            127.90251,26.68861,0
            127.9025,26.68864,0
            127.90249,26.68875,0
            127.90243,26.68898,0
            127.90231,26.68927,0
            127.90227,26.68935,0
            127.90223,26.68946,0
            127.90221,26.68955,0
            127.90221,26.68972,0
            127.90224,26.68988,0
            127.9024,26.69044,0
            127.90241,26.69053,0
            127.90243,26.69064,0
            127.90245,26.69091,0
            127.90245,26.691,0
            127.90241,26.69152,0
            127.90239,26.69166,0
            127.90237,26.69171,0
            127.90236,26.69178,0
            127.90225,26.69209,0
            127.90198,26.69263,0
            127.9019,26.69277,0
            127.90186,26.69288,0
            127.90181,26.69298,0
            127.9018,26.69302,0
            127.90176,26.69311,0
            127.90172,26.69328,0
            127.90169,26.69348,0
            127.90169,26.69368,0
            127.9017,26.69372,0
            127.9017,26.69382,0
            127.90172,26.69389,0
            127.90172,26.69392,0
            127.9018,26.69416,0
            127.90183,26.69422,0
            127.90183,26.69424,0
            127.90189,26.69436,0
            127.90216,26.69479,0
            127.90243,26.69519,0
            127.9025,26.69526,0
            127.90255,26.69533,0
            127.9027,26.69548,0
            127.90301,26.69574,0
            127.90318,26.69592,0
            127.90327,26.69605,0
            127.90328,26.69606,0
            127.90347,26.69637,0
            127.90354,26.69644,0
            127.90355,26.69646,0
            127.90357,26.69648,0
            127.90359,26.69649,0
            127.90361,26.69651,0
            127.90363,26.69651,0
            127.90364,26.69652,0
            127.90366,26.69653,0
            127.90367,26.69654,0
            127.90369,26.69655,0
            127.9037,26.69656,0
            127.90372,26.69656,0
            127.90373,26.69657,0
            127.90375,26.69657,0
            127.90378,26.69659,0
            127.90404,26.69666,0
            127.90428,26.69674,0
            127.90435,26.69677,0
            127.90439,26.69678,0
            127.90447,26.69682,0
            127.90502,26.69703,0
            127.90503,26.69704,0
            127.90526,26.69712,0
            127.90539,26.69718,0
            127.90554,26.69723,0
            127.90556,26.69724,0
            127.90559,26.69724,0
            127.90565,26.69726,0
            127.90567,26.69727,0
            127.9057,26.69728,0
            127.90573,26.69728,0
            127.90585,26.69731,0
            127.9059,26.69731,0
            127.90597,26.69733,0
            127.90603,26.69733,0
            127.90612,26.69735,0
            127.90731,26.69748,0
            127.90913,26.69776,0
            127.91029,26.698,0
            127.91036,26.69802,0
            127.91038,26.69803,0
            127.91073,26.69814,0
            127.91135,26.69837,0
            127.91205,26.69858,0
            127.91348,26.69887,0
            127.91369,26.69893,0
            127.91406,26.6991,0
            127.9141,26.69913,0
            127.91484,26.69959,0
            127.91487,26.6996,0
            127.91516,26.69981,0
            127.91535,26.69996,0
            127.91536,26.69996,0
            127.91561,26.70014,0
            127.91576,26.70022,0
            127.91601,26.7003,0
            127.91621,26.70032,0
            127.91636,26.70032,0
            127.91704,26.7002,0
            127.91713,26.7002,0
            127.9172,26.70019,0
            127.91745,26.70022,0
            127.91755,26.70025,0
            127.91809,26.70051,0
            127.91843,26.70065,0
            127.91855,26.70068,0
            127.9186,26.7007,0
            127.91877,26.70073,0
            127.9188,26.70074,0
            127.9194,26.70077,0
            127.91957,26.70077,0
            127.9196,26.70078,0
            127.91973,26.70079,0
            127.92007,26.70085,0
            127.92018,26.70086,0
            127.92035,26.70089,0
            127.92048,26.7009,0
            127.9216,26.70089,0
            127.92191,26.7009,0
            127.92253,26.70095,0
            127.92301,26.70101,0
            127.92431,26.70125,0
            127.92474,26.70131,0
            127.92509,26.70134,0
            127.9252,26.70136,0
            127.92549,26.70138,0
            127.92559,26.70138,0
            127.92567,26.70137,0
            127.9261,26.70128,0
            127.92655,26.70111,0
            127.92678,26.70101,0
            127.92715,26.70087,0
            127.92733,26.70079,0
            127.92935,26.70004,0
            127.92951,26.69999,0
            127.92978,26.69988,0
            127.93028,26.69963,0
            127.93059,26.6995,0
            127.93076,26.69945,0
            127.93269,26.69902,0
            127.93276,26.69899,0
            127.93277,26.69898,0
            127.93284,26.69896,0
            127.9329,26.69892,0
            127.93297,26.69889,0
            127.93313,26.69877,0
            127.93417,26.69776,0
            127.93437,26.69759,0
            127.93456,26.69746,0
            127.93466,26.6974,0
            127.93528,26.69709,0
            127.93572,26.69689,0
            127.93607,26.69679,0
            127.93665,26.69666,0
            127.9367,26.69664,0
            127.93691,26.6966,0
            127.93702,26.69657,0
            127.93735,26.69653,0
            127.93747,26.69653,0
            127.93837,26.69648,0
            127.93852,26.69648,0
            127.93861,26.69647,0
            127.9388,26.69647,0
            127.93885,26.69646,0
            127.93889,26.69647,0
            127.93901,26.69647,0
            127.9391,26.69648,0
            127.93932,26.69654,0
            127.93934,26.69655,0
            127.93951,26.6966,0
            127.94032,26.69692,0
            127.94041,26.69694,0
            127.94085,26.69711,0
            127.94096,26.69714,0
            127.94097,26.69715,0
            127.941,26.69715,0
            127.94105,26.69716,0
            127.94113,26.69716,0
            127.94114,26.69717,0
            127.9412,26.69717,0
            127.94129,26.69718,0
            127.94137,26.69718,0
            127.94144,26.69716,0
            127.9415,26.69715,0
            127.94161,26.69712,0
            127.94268,26.69666,0
            127.94314,26.69643,0
            127.94348,26.69628,0
            127.94352,26.69627,0
            127.94357,26.69624,0
            127.94386,26.69616,0
            127.94409,26.69613,0
            127.94577,26.69602,0
            127.94613,26.69597,0
            127.94739,26.6957,0
            127.94755,26.69568,0
            127.94759,26.69568,0
            127.9477,26.69566,0
            127.94779,26.69566,0
            127.9479,26.69569,0
            127.94816,26.69571,0
            127.94835,26.69574,0
            127.9484,26.69574,0
            127.94873,26.69578,0
            127.94903,26.6958,0
            127.94969,26.69579,0
            127.94999,26.69577,0
            127.95015,26.69577,0
            127.9503,26.69576,0
            127.95159,26.69575,0
            127.95169,26.69574,0
            127.95176,26.69574,0
            127.95203,26.69571,0
            127.95228,26.69565,0
            127.95245,26.69558,0
            127.9525,26.69557,0
            127.95255,26.69554,0
            127.95272,26.69547,0
            127.95285,26.6954,0
            127.95288,26.69539,0
            127.95289,26.69539,0
            127.95295,26.69536,0
            127.95306,26.69529,0
            127.95324,26.69515,0
            127.95326,26.69512,0
            127.9533,26.69509,0
            127.95338,26.69501,0
            127.95408,26.69417,0
            127.95414,26.69411,0
            127.95435,26.69394,0
            127.95438,26.69391,0
            127.95443,26.69388,0
            127.95447,26.69385,0
            127.95459,26.69378,0
            127.95501,26.6935,0
            127.95507,26.69347,0
            127.95509,26.69345,0
            127.9553,26.69333,0
            127.95536,26.69329,0
            127.95569,26.69313,0
            127.95574,26.6931,0
            127.95602,26.69297,0
            127.95607,26.69294,0
            127.95613,26.69292,0
            127.95675,26.69266,0
            127.95729,26.69249,0
            127.95761,26.69237,0
            127.95796,26.69221,0
            127.95826,26.69209,0
            127.9587,26.69187,0
            127.95873,26.69186,0
            127.95881,26.69181,0
            127.95943,26.69152,0
            127.95944,26.69151,0
            127.95989,26.69129,0
            127.96016,26.69119,0
            127.96045,26.69112,0
            127.96066,26.69109,0
            127.96097,26.69106,0
            127.9611,26.69104,0
            127.96156,26.691,0
            127.96159,26.69099,0
            127.96182,26.69096,0
            127.96224,26.69084,0
            127.96228,26.69082,0
            127.96248,26.69075,0
            127.96283,26.69061,0
            127.96299,26.69053,0
            127.96305,26.69049,0
            127.96309,26.69047,0
            127.9631,26.69046,0
            127.96314,26.69044,0
            127.96339,26.69023,0
            127.96352,26.69008,0
            127.96362,26.68993,0
            127.96389,26.68957,0
            127.9639,26.68955,0
            127.96407,26.68933,0
            127.96488,26.6884,0
            127.96496,26.68829,0
            127.96505,26.68815,0
            127.96509,26.6881,0
            127.96543,26.68753,0
            127.96543,26.68752,0
            127.96552,26.68737,0
            127.96555,26.68733,0
            127.96561,26.68722,0
            127.96565,26.68717,0
            127.96567,26.68713,0
            127.96587,26.68687,0
            127.96618,26.68653,0
            127.96682,26.68587,0
            127.96687,26.68583,0
            127.96694,26.68576,0
            127.96718,26.68559,0
            127.96746,26.68544,0
            127.96749,26.68542,0
            127.96772,26.6853,0
            127.96785,26.68522,0
            127.96807,26.6851,0
            127.96815,26.68504,0
            127.96951,26.68415,0
            127.96958,26.68411,0
            127.9696,26.68409,0
            127.96985,26.68392,0
            127.9699,26.68387,0
            127.97001,26.68378,0
            127.9701,26.68369,0
            127.97013,26.68365,0
            127.97033,26.68343,0
            127.97046,26.6833,0
            127.97053,26.68324,0
            127.97067,26.68314,0
            127.97084,26.68304,0
            127.97087,26.68303,0
            127.97098,26.68297,0
            127.97212,26.68248,0
            127.97242,26.68287,0
            127.97248,26.68296,0
            127.97263,26.68315,0
            127.97279,26.68339,0
            127.97351,26.6846,0
            127.97355,26.68468,0
            127.97362,26.68478,0
            127.97374,26.68493,0
            127.97376,26.68494,0
            127.97388,26.68504,0
            127.97395,26.68508,0
            127.97412,26.68515,0
            127.9744,26.68521,0
            127.9747,26.68529,0
            127.9748,26.68533,0
            127.97494,26.6854,0
            127.97508,26.6855,0
            127.97532,26.68569,0
            127.97535,26.68572,0
            127.97639,26.68649,0
            127.97644,26.68652,0
            127.9766,26.68664,0
            127.97675,26.68677,0
            127.97682,26.68684,0
            127.97689,26.68693,0
            127.9769,26.68696,0
            127.97696,26.68708,0
            127.97699,26.6872,0
            127.97701,26.68737,0
            127.97701,26.68753,0
            127.977,26.68755,0
            127.977,26.68756,0
            127.97684,26.68852,0
            127.97676,26.68971,0
            127.97676,26.68985,0
            127.97677,26.68996,0
            127.97677,26.6901,0
            127.97683,26.69045,0
            127.9769,26.69072,0
            127.97717,26.69145,0
            127.9772,26.69151,0
            127.97728,26.69173,0
            127.97732,26.69179,0
            127.97737,26.69184,0
            127.9774,26.69186,0
            127.97753,26.69192,0
            127.97758,26.69193,0
            127.97769,26.69193,0
            127.97778,26.69191,0
            127.97954,26.69139,0
            127.9794,26.69093,0
          </coordinates>
        </LineString>
      </Placemark>
      <Placemark>
        <name>Comfort Hotel Naha Prefectural Office</name>
        <styleUrl>#icon-1899-DB4436-nodesc</styleUrl>
        <Point>
          <coordinates>
            127.6775267,26.2134804,0
          </coordinates>
        </Point>
      </Placemark>
      <Placemark>
        <name>日本沖繩縣讀谷村 宇座675 殘波岬燈塔</name>
        <styleUrl>#icon-1899-DB4436-nodesc</styleUrl>
        <Point>
          <coordinates>
            127.7137764,26.4397622,0
          </coordinates>
        </Point>
      </Placemark>
      <Placemark>
        <name>萬座毛</name>
        <styleUrl>#icon-1899-DB4436-nodesc</styleUrl>
        <Point>
          <coordinates>
            127.8505884,26.5038968,0
          </coordinates>
        </Point>
      </Placemark>
      <Placemark>
        <name>Lawson 本部具志堅店</name>
        <styleUrl>#icon-1899-DB4436-nodesc</styleUrl>
        <Point>
          <coordinates>
            127.9063642,26.6973767,0
          </coordinates>
        </Point>
      </Placemark>
      <Placemark>
        <name>Villa Nakijin COCONUT JUNGLIA Okinawa - Entire Place</name>
        <styleUrl>#icon-1899-DB4436-nodesc</styleUrl>
        <Point>
          <coordinates>
            127.9794023,26.6909347,0
          </coordinates>
        </Point>
      </Placemark>
    </Folder>
    <Folder>
      <name>第二天路線(10/12)</name>
      <Placemark>
        <name>第二天路線(10/12)</name>
        <styleUrl>#line-1267FF-5000-nodesc</styleUrl>
        <LineString>
          <tessellate>1</tessellate>
          <coordinates>
            127.9794,26.69093,0
            127.97954,26.69139,0
            127.97778,26.69191,0
            127.97769,26.69193,0
            127.97758,26.69193,0
            127.97753,26.69192,0
            127.9774,26.69186,0
            127.97737,26.69184,0
            127.97732,26.69179,0
            127.97728,26.69173,0
            127.9772,26.69151,0
            127.97717,26.69145,0
            127.9769,26.69072,0
            127.97683,26.69045,0
            127.97677,26.6901,0
            127.97677,26.68996,0
            127.97676,26.68985,0
            127.97676,26.68971,0
            127.97684,26.68852,0
            127.977,26.68755,0
            127.97701,26.68753,0
            127.97701,26.68737,0
            127.97699,26.6872,0
            127.97696,26.68708,0
            127.9769,26.68696,0
            127.97689,26.68693,0
            127.97682,26.68684,0
            127.97698,26.68671,0
            127.97703,26.68664,0
            127.97706,26.68657,0
            127.97709,26.68647,0
            127.97716,26.68604,0
            127.97738,26.68374,0
            127.97739,26.6837,0
            127.97762,26.68124,0
            127.97764,26.68123,0
            127.97765,26.68117,0
            127.97765,26.68102,0
            127.9777,26.6802,0
            127.97771,26.68014,0
            127.97771,26.68009,0
            127.9777,26.68006,0
            127.9777,26.68003,0
            127.97769,26.68001,0
            127.97768,26.68,0
            127.97767,26.67998,0
            127.97761,26.67994,0
            127.97762,26.67992,0
            127.97771,26.6798,0
            127.97793,26.67947,0
            127.97803,26.67928,0
            127.97806,26.67924,0
            127.97843,26.67859,0
            127.9785,26.67852,0
            127.97851,26.6785,0
            127.97858,26.67845,0
            127.97876,26.67834,0
            127.97904,26.6782,0
            127.97912,26.67815,0
            127.97926,26.67802,0
            127.97929,26.67798,0
            127.97937,26.67783,0
            127.97957,26.67733,0
            127.9796,26.67724,0
            127.97964,26.67704,0
            127.97964,26.67698,0
            127.97962,26.67684,0
            127.97955,26.67668,0
            127.9793,26.67627,0
            127.97921,26.6761,0
            127.97918,26.676,0
            127.97917,26.67598,0
            127.97901,26.67549,0
            127.97899,26.67545,0
            127.97888,26.6751,0
            127.97882,26.67486,0
            127.97882,26.67471,0
            127.97883,26.67461,0
            127.97907,26.67333,0
            127.9791,26.67321,0
            127.97911,26.67312,0
            127.97911,26.67282,0
            127.97921,26.67279,0
            127.97926,26.67278,0
            127.98348,26.6713,0
            127.9836,26.67125,0
            127.98389,26.67116,0
            127.98594,26.67043,0
            127.98701,26.67009,0
            127.9909,26.6691,0
            127.99193,26.66876,0
            127.99226,26.66862,0
            127.99245,26.66855,0
            127.99444,26.66765,0
            127.99517,26.66734,0
            127.99535,26.66725,0
            127.99741,26.66634,0
            127.99776,26.66622,0
            127.99831,26.66608,0
            127.99894,26.66596,0
            127.99934,26.6659,0
            127.99937,26.66589,0
            127.99958,26.66586,0
            127.9996,26.66601,0
            127.99966,26.66617,0
            127.99968,26.66621,0
            127.99977,26.66634,0
            127.99977,26.66635,0
            127.99986,26.66646,0
            128.00008,26.6667,0
            128.00016,26.66677,0
            128.00026,26.6669,0
            128.00031,26.66695,0
            128.00032,26.66697,0
            128.00036,26.66702,0
            128.00046,26.66718,0
            128.00069,26.6676,0
            128.00073,26.66771,0
            128.00074,26.66778,0
            128.00074,26.66791,0
            128.00073,26.668,0
            128.00071,26.66806,0
            128.0007,26.66811,0
            128.00067,26.66817,0
            128.00067,26.66818,0
            128.00059,26.6683,0
            128.00054,26.66836,0
            128.00042,26.66846,0
            127.99927,26.66904,0
            127.99919,26.66909,0
            127.99918,26.66909,0
            127.99906,26.66918,0
            127.999,26.66924,0
            127.99896,26.6693,0
            127.99893,26.66933,0
            127.99891,26.66936,0
            127.99888,26.66944,0
            127.99886,26.66948,0
            127.99885,26.66951,0
            127.99884,26.66957,0
            127.99883,26.6696,0
            127.99883,26.66963,0
            127.99882,26.66969,0
            127.99883,26.66973,0
            127.99883,26.66978,0
            127.99886,26.66992,0
            127.99894,26.6701,0
            127.99899,26.67017,0
            127.99907,26.67025,0
            127.9991,26.67029,0
            127.99915,26.67033,0
            127.99921,26.67039,0
            128.00005,26.6711,0
            128.00018,26.67122,0
            128.00047,26.67146,0
            128.00051,26.67148,0
            128.00056,26.67152,0
            128.00062,26.67154,0
            128.00063,26.67155,0
            128.00071,26.67159,0
            128.00085,26.67163,0
            128.00102,26.67165,0
            128.00112,26.67165,0
            128.00187,26.67159,0
            128.00197,26.67159,0
            128.00206,26.6716,0
            128.00215,26.6716,0
            128.00226,26.67161,0
            128.00255,26.67166,0
            128.00266,26.67167,0
            128.00403,26.67188,0
            128.00444,26.67197,0
            128.00464,26.67205,0
            128.00493,26.67224,0
            128.00502,26.67233,0
            128.00508,26.67238,0
            128.00511,26.67243,0
            128.00518,26.67252,0
            128.00545,26.67297,0
            128.00548,26.67303,0
            128.0056,26.67323,0
            128.00569,26.67335,0
            128.00576,26.67342,0
            128.00587,26.67351,0
            128.00592,26.67354,0
            128.00605,26.6736,0
            128.00611,26.67362,0
            128.00622,26.67364,0
            128.00663,26.67369,0
            128.0079,26.67379,0
            128.00795,26.67378,0
            128.00807,26.67378,0
            128.0083,26.67373,0
            128.00839,26.67369,0
            128.00861,26.67361,0
            128.00901,26.67344,0
            128.0092,26.67337,0
            128.00938,26.67329,0
            128.00977,26.67314,0
            128.00989,26.67338,0
            128.00994,26.67346,0
            128.01004,26.67366,0
            128.01007,26.6737,0
            128.01007,26.67372,0
            128.01021,26.67396,0
            128.01029,26.67412,0
            128.01032,26.67416,0
            128.01228,26.67762,0
            128.01232,26.67771,0
            128.01246,26.67794,0
            128.01254,26.67809,0
            128.01255,26.6781,0
            128.01255,26.67811,0
            128.01263,26.67826,0
            128.01264,26.67827,0
            128.01271,26.67839,0
            128.01272,26.67843,0
            128.01377,26.68033,0
            128.01379,26.68038,0
            128.01432,26.68134,0
            128.01432,26.68135,0
            128.01441,26.68151,0
            128.01442,26.68151,0
            128.0145,26.68167,0
            128.01455,26.68174,0
            128.01459,26.68183,0
            128.01495,26.68247,0
            128.01495,26.68248,0
            128.01504,26.68263,0
            128.01504,26.68264,0
            128.01509,26.68274,0
            128.01513,26.6828,0
            128.01522,26.68296,0
            128.01523,26.68299,0
            128.01531,26.68311,0
            128.01531,26.68312,0
            128.01538,26.68323,0
            128.01549,26.68344,0
            128.0155,26.68344,0
            128.01551,26.68347,0
            128.01558,26.6836,0
            128.01559,26.6836,0
            128.01654,26.68529,0
            128.01655,26.6853,0
            128.01668,26.68552,0
            128.01676,26.68568,0
            128.01688,26.68587,0
            128.01694,26.68599,0
            128.017,26.68609,0
            128.01706,26.68621,0
            128.01714,26.68633,0
            128.01796,26.68782,0
            128.01799,26.68786,0
            128.02016,26.69172,0
            128.02017,26.69173,0
            128.02025,26.69188,0
            128.02036,26.69206,0
            128.02043,26.6922,0
            128.0213,26.69373,0
            128.02131,26.69376,0
            128.02149,26.69407,0
            128.02162,26.69432,0
            128.02165,26.69441,0
            128.02166,26.69442,0
            128.0217,26.69451,0
            128.02176,26.69468,0
            128.02179,26.69483,0
            128.02182,26.69508,0
            128.02181,26.69513,0
            128.02181,26.69527,0
            128.0218,26.69529,0
            128.0218,26.69532,0
            128.02175,26.69556,0
            128.02169,26.69571,0
            128.02163,26.69583,0
            128.02158,26.6959,0
            128.02158,26.69591,0
            128.02151,26.696,0
            128.0215,26.69603,0
            128.02147,26.69605,0
            128.02143,26.69609,0
            128.0214,26.69613,0
            128.02121,26.6963,0
            128.02111,26.69635,0
            128.02101,26.69641,0
            128.02077,26.6965,0
            128.02052,26.69657,0
            128.02023,26.6966,0
            128.01983,26.6966,0
            128.01943,26.69656,0
            128.01938,26.69656,0
            128.01926,26.69654,0
            128.019,26.69652,0
            128.01794,26.69639,0
            128.01742,26.69635,0
            128.01729,26.69635,0
            128.017,26.6964,0
            128.0169,26.69641,0
            128.01664,26.69646,0
            128.01647,26.69646,0
            128.01642,26.69645,0
            128.01639,26.69645,0
            128.01619,26.69642,0
            128.01616,26.69642,0
            128.0161,26.69641,0
            128.01606,26.69641,0
            128.01602,26.6964,0
            128.01596,26.6964,0
            128.01591,26.69639,0
            128.01575,26.69639,0
            128.01571,26.6964,0
            128.01562,26.6964,0
            128.01556,26.69641,0
            128.0155,26.69641,0
            128.01541,26.69643,0
            128.01533,26.69644,0
            128.01516,26.69649,0
            128.01514,26.6965,0
            128.0151,26.69651,0
            128.01507,26.69653,0
            128.0149,26.6966,0
            128.01486,26.69663,0
            128.01483,26.69664,0
            128.01475,26.6967,0
            128.0147,26.69673,0
            128.01468,26.69675,0
            128.01466,26.69676,0
            128.01459,26.69681,0
            128.0145,26.6969,0
            128.01443,26.69695,0
            128.01439,26.69699,0
            128.01436,26.69701,0
            128.01434,26.69704,0
            128.01427,26.69709,0
            128.0142,26.69716,0
            128.01419,26.69718,0
            128.01412,26.69725,0
            128.01411,26.69727,0
            128.01409,26.69729,0
            128.01406,26.69734,0
            128.01405,26.69735,0
            128.01401,26.69741,0
            128.01397,26.6975,0
            128.01395,26.69753,0
            128.01389,26.69767,0
            128.01386,26.69772,0
            128.01359,26.69834,0
            128.01357,26.69837,0
            128.01356,26.69841,0
            128.01351,26.6985,0
            128.01349,26.69856,0
            128.01342,26.69868,0
            128.01338,26.69873,0
            128.01335,26.69878,0
            128.01332,26.69882,0
            128.01332,26.69883,0
            128.01328,26.69887,0
            128.01326,26.6989,0
            128.01311,26.69906,0
            128.01309,26.69907,0
            128.01308,26.69909,0
            128.01303,26.69913,0
            128.01287,26.69929,0
            128.01285,26.69932,0
            128.01282,26.69935,0
            128.01275,26.6994,0
            128.01272,26.69943,0
            128.01254,26.69955,0
            128.01253,26.69956,0
            128.01249,26.69958,0
            128.01242,26.69963,0
            128.01228,26.69971,0
            128.01225,26.69974,0
            128.01216,26.6998,0
            128.01213,26.69983,0
            128.01211,26.69984,0
            128.01206,26.69989,0
            128.01204,26.69992,0
            128.01199,26.69996,0
            128.01195,26.70001,0
            128.01169,26.70028,0
            128.01167,26.70031,0
            128.01156,26.70042,0
            128.0115,26.7005,0
            128.01134,26.70066,0
            128.01129,26.70074,0
            128.01125,26.70079,0
            128.01124,26.70081,0
            128.01123,26.70082,0
            128.01121,26.70086,0
            128.01119,26.70088,0
            128.01116,26.70096,0
            128.011,26.70129,0
            128.01098,26.70132,0
            128.01097,26.70135,0
            128.01089,26.7015,0
            128.01086,26.70158,0
            128.01084,26.70162,0
            128.01082,26.70165,0
            128.01077,26.70182,0
            128.01077,26.70185,0
            128.01076,26.70188,0
            128.01076,26.7021,0
            128.01078,26.70222,0
            128.01078,26.70253,0
            128.01077,26.70257,0
            128.01077,26.70259,0
            128.01076,26.70262,0
            128.01076,26.70266,0
            128.01075,26.7027,0
            128.01075,26.70273,0
            128.01074,26.70277,0
            128.01074,26.70282,0
            128.01073,26.70284,0
            128.01073,26.70288,0
            128.01072,26.70296,0
            128.01068,26.70313,0
            128.01068,26.70316,0
            128.01066,26.7032,0
            128.01065,26.70324,0
            128.0106,26.70333,0
            128.01059,26.70336,0
            128.01055,26.70342,0
            128.01052,26.70344,0
            128.01046,26.70352,0
            128.01039,26.70359,0
            128.0103,26.7037,0
            128.01024,26.70375,0
            128.01012,26.70389,0
            128.01003,26.70398,0
            128.01001,26.70401,0
            128.00997,26.70405,0
            128.00996,26.70408,0
            128.00994,26.7041,0
            128.00992,26.70415,0
            128.0099,26.70418,0
            128.0099,26.70419,0
            128.00987,26.70426,0
            128.00985,26.70436,0
            128.00984,26.70439,0
            128.00981,26.70465,0
            128.00979,26.70475,0
            128.00975,26.70504,0
            128.00974,26.70507,0
            128.00974,26.70509,0
            128.00973,26.70513,0
            128.00973,26.70517,0
            128.00972,26.70519,0
            128.00972,26.70532,0
            128.00973,26.70535,0
            128.00973,26.70538,0
            128.00975,26.70547,0
            128.00975,26.7055,0
            128.00976,26.70552,0
            128.00976,26.70554,0
            128.00984,26.70577,0
            128.00985,26.70582,0
            128.00987,26.70587,0
            128.0099,26.70602,0
            128.00992,26.70619,0
            128.00992,26.70626,0
            128.00993,26.70631,0
            128.00993,26.70633,0
            128.00994,26.70636,0
            128.00995,26.70642,0
            128.01001,26.70658,0
            128.01011,26.70676,0
            128.01019,26.70688,0
            128.0102,26.70691,0
            128.0102,26.70692,0
            128.01024,26.707,0
            128.01026,26.70707,0
            128.01027,26.70708,0
            128.01027,26.7071,0
            128.0103,26.70719,0
            128.0103,26.70723,0
            128.01032,26.70729,0
            128.01033,26.70736,0
            128.01035,26.70742,0
            128.01035,26.70743,0
            128.01039,26.70752,0
            128.01041,26.70755,0
            128.01043,26.7076,0
            128.01043,26.70761,0
            128.01065,26.70799,0
            128.01067,26.70801,0
            128.01074,26.70811,0
            128.01082,26.70819,0
            128.01091,26.70825,0
            128.01094,26.70828,0
            128.01098,26.7083,0
            128.01101,26.70833,0
            128.01106,26.70835,0
            128.01121,26.70845,0
            128.01125,26.70847,0
            128.01191,26.70899,0
            128.01196,26.70904,0
            128.0121,26.70915,0
            128.01214,26.70919,0
            128.0126,26.70955,0
            128.01281,26.70966,0
            128.01286,26.70968,0
            128.01293,26.7097,0
            128.01296,26.7097,0
            128.01301,26.70972,0
            128.01322,26.70975,0
            128.01327,26.70975,0
            128.01337,26.70977,0
            128.01345,26.70977,0
            128.01361,26.7098,0
            128.01435,26.7099,0
            128.01444,26.70989,0
            128.01474,26.71001,0
            128.0149,26.71009,0
            128.01487,26.71014,0
            128.01486,26.71019,0
            128.01486,26.71027,0
            128.01485,26.71032,0
            128.01485,26.71044,0
            128.01486,26.71054,0
            128.01489,26.71072,0
            128.01492,26.71084,0
            128.01493,26.71086,0
            128.01492,26.71084,0
            128.01489,26.71072,0
            128.01486,26.71054,0
            128.01485,26.71044,0
            128.01485,26.71032,0
            128.01486,26.71027,0
            128.01486,26.71019,0
            128.01487,26.71014,0
            128.0149,26.71009,0
            128.01507,26.71017,0
            128.01518,26.71021,0
            128.01529,26.71024,0
            128.01544,26.71026,0
            128.01557,26.71029,0
            128.01564,26.71029,0
            128.01573,26.7103,0
            128.01575,26.71031,0
            128.01618,26.71037,0
            128.01661,26.71041,0
            128.01714,26.71039,0
            128.01783,26.7104,0
            128.01814,26.71044,0
            128.01828,26.71047,0
            128.0183,26.71048,0
            128.01866,26.71053,0
            128.01895,26.71052,0
            128.01972,26.71038,0
            128.01973,26.71037,0
            128.01984,26.71035,0
            128.01986,26.71035,0
            128.01993,26.71032,0
            128.02005,26.71028,0
            128.02011,26.71025,0
            128.02072,26.70988,0
            128.02081,26.70984,0
            128.02122,26.70973,0
            128.02128,26.7097,0
            128.02134,26.70968,0
            128.02146,26.70962,0
            128.02147,26.70962,0
            128.02176,26.70948,0
            128.02177,26.70948,0
            128.02178,26.70947,0
            128.0219,26.70942,0
            128.02191,26.70941,0
            128.02205,26.70935,0
            128.02209,26.70934,0
            128.02211,26.70934,0
            128.02248,26.70925,0
            128.02267,26.70918,0
            128.02303,26.70899,0
            128.02307,26.70896,0
            128.0232,26.7089,0
            128.02323,26.70889,0
            128.02334,26.70882,0
            128.02392,26.70852,0
            128.02404,26.70845,0
            128.02406,26.70843,0
            128.02418,26.70834,0
            128.02423,26.70827,0
            128.02434,26.70807,0
            128.02438,26.70798,0
            128.02438,26.70797,0
            128.02446,26.70781,0
            128.02446,26.7078,0
            128.02454,26.70764,0
            128.02489,26.70683,0
            128.02491,26.7068,0
            128.02498,26.70663,0
            128.02505,26.70649,0
            128.02527,26.70574,0
            128.02538,26.70543,0
            128.02538,26.70542,0
            128.02572,26.70442,0
            128.02575,26.70431,0
            128.02578,26.70416,0
            128.02579,26.70404,0
            128.02579,26.70398,0
            128.02582,26.70371,0
            128.02582,26.70353,0
            128.02579,26.70332,0
            128.02565,26.7028,0
            128.02564,26.7028,0
            128.02562,26.70266,0
            128.02562,26.70255,0
            128.02563,26.70247,0
            128.02564,26.70244,0
            128.02564,26.70235,0
            128.02562,26.70223,0
            128.02558,26.70214,0
            128.02554,26.70207,0
            128.02545,26.70195,0
            128.02538,26.70183,0
            128.02535,26.70171,0
            128.02537,26.70152,0
            128.02538,26.70123,0
            128.02537,26.70116,0
            128.02537,26.70113,0
            128.02534,26.70108,0
            128.02532,26.70103,0
            128.02526,26.70095,0
            128.02518,26.70086,0
            128.02514,26.7008,0
            128.02509,26.7007,0
            128.02507,26.70064,0
            128.02506,26.70058,0
            128.02504,26.70052,0
            128.02503,26.70023,0
            128.02502,26.70019,0
            128.02499,26.70011,0
            128.02492,26.69998,0
            128.0249,26.69997,0
            128.02482,26.69988,0
            128.02476,26.69983,0
            128.02445,26.69963,0
            128.02439,26.6996,0
            128.02437,26.69958,0
            128.02421,26.69949,0
            128.02411,26.69942,0
            128.0239,26.6993,0
            128.02343,26.69892,0
            128.02329,26.69882,0
            128.02324,26.69879,0
            128.02313,26.69871,0
            128.02312,26.6987,0
            128.02297,26.6986,0
            128.02296,26.69859,0
            128.02282,26.6985,0
            128.02281,26.69849,0
            128.02272,26.69845,0
            128.02264,26.69843,0
            128.02262,26.69843,0
            128.02261,26.69842,0
            128.02258,26.69842,0
            128.02255,26.69841,0
            128.02202,26.69841,0
            128.02118,26.69832,0
            128.02105,26.69832,0
            128.021,26.69831,0
            128.0209,26.69832,0
            128.01991,26.69832,0
            128.01991,26.69821,0
            128.01989,26.69804,0
            128.01988,26.69785,0
            128.01987,26.69777,0
            128.01987,26.69772,0
            128.01985,26.69755,0
            128.01987,26.69742,0
            128.01989,26.69737,0
            128.01991,26.6973,0
            128.01993,26.69727,0
            128.01994,26.69726,0
            128.01996,26.69721,0
            128.01999,26.69719,0
            128.02001,26.69716,0
            128.02005,26.69712,0
            128.02006,26.6971,0
            128.0201,26.69707,0
            128.02012,26.69706,0
            128.02019,26.69701,0
            128.02023,26.69699,0
            128.02042,26.69693,0
            128.02039,26.6969,0
            128.02038,26.6969,0
            128.02036,26.69689,0
            128.02035,26.69688,0
            128.02032,26.69688,0
            128.02029,26.69687,0
            128.02024,26.69686,0
            128.02018,26.69686,0
            128.01999,26.69684,0
            128.0198,26.6968,0
            128.01978,26.6968,0
            128.0198,26.6968,0
            128.01999,26.69684,0
            128.02018,26.69686,0
            128.02024,26.69686,0
            128.02029,26.69687,0
            128.02032,26.69688,0
            128.02035,26.69688,0
            128.02036,26.69689,0
            128.02038,26.6969,0
            128.02039,26.6969,0
            128.02042,26.69693,0
            128.02047,26.69692,0
            128.02059,26.69692,0
            128.02096,26.69699,0
            128.02108,26.69702,0
            128.0211,26.69702,0
            128.02127,26.69705,0
            128.02139,26.69705,0
            128.02148,26.69706,0
            128.02157,26.69705,0
            128.0221,26.69703,0
            128.02221,26.69701,0
            128.02224,26.69699,0
            128.02227,26.69698,0
            128.02232,26.69693,0
            128.02234,26.69692,0
            128.02235,26.69689,0
            128.02236,26.69688,0
            128.02237,26.69686,0
            128.02239,26.6968,0
            128.02239,26.69654,0
            128.02235,26.69629,0
            128.02231,26.69613,0
            128.0223,26.69605,0
            128.02229,26.69603,0
            128.02224,26.69585,0
            128.02221,26.6958,0
            128.02214,26.69571,0
            128.02207,26.69566,0
            128.02204,26.69565,0
            128.02201,26.69563,0
            128.02175,26.69556,0
            128.0218,26.69532,0
            128.0218,26.69529,0
            128.02181,26.69527,0
            128.02181,26.69513,0
            128.02182,26.69508,0
            128.02179,26.69483,0
            128.02176,26.69468,0
            128.0217,26.69451,0
            128.02166,26.69442,0
            128.02165,26.69441,0
            128.02162,26.69432,0
            128.02149,26.69407,0
            128.02131,26.69376,0
            128.0213,26.69373,0
            128.02043,26.6922,0
            128.02036,26.69206,0
            128.02025,26.69188,0
            128.02017,26.69173,0
            128.02016,26.69172,0
            128.01799,26.68786,0
            128.01796,26.68782,0
            128.01714,26.68633,0
            128.01706,26.68621,0
            128.017,26.68609,0
            128.01694,26.68599,0
            128.01688,26.68587,0
            128.01676,26.68568,0
            128.01668,26.68552,0
            128.01655,26.6853,0
            128.01654,26.68529,0
            128.01559,26.6836,0
            128.01558,26.6836,0
            128.01551,26.68347,0
            128.0155,26.68344,0
            128.01549,26.68344,0
            128.01538,26.68323,0
            128.01531,26.68312,0
            128.01531,26.68311,0
            128.01523,26.68299,0
            128.01522,26.68296,0
            128.01513,26.6828,0
            128.01509,26.68274,0
            128.01504,26.68264,0
            128.01504,26.68263,0
            128.01495,26.68248,0
            128.01495,26.68247,0
            128.01459,26.68183,0
            128.01455,26.68174,0
            128.0145,26.68167,0
            128.01442,26.68151,0
            128.01441,26.68151,0
            128.01432,26.68135,0
            128.01432,26.68134,0
            128.01379,26.68038,0
            128.01377,26.68033,0
            128.01272,26.67843,0
            128.01271,26.67839,0
            128.01264,26.67827,0
            128.01263,26.67826,0
            128.01255,26.67811,0
            128.01255,26.6781,0
            128.01254,26.67809,0
            128.01246,26.67794,0
            128.01232,26.67771,0
            128.01228,26.67762,0
            128.01032,26.67416,0
            128.01029,26.67412,0
            128.01021,26.67396,0
            128.01007,26.67372,0
            128.01007,26.6737,0
            128.01004,26.67366,0
            128.00994,26.67346,0
            128.00989,26.67338,0
            128.00977,26.67314,0
            128.00995,26.67306,0
            128.01055,26.67283,0
            128.0111,26.67264,0
            128.01146,26.67253,0
            128.01206,26.6723,0
            128.01218,26.67223,0
            128.01227,26.67219,0
            128.01234,26.67215,0
            128.01245,26.6721,0
            128.01261,26.67204,0
            128.01275,26.67202,0
            128.01283,26.67202,0
            128.01328,26.67212,0
            128.01331,26.67213,0
            128.01342,26.67213,0
            128.01349,26.67212,0
            128.01353,26.67212,0
            128.01404,26.67197,0
            128.01412,26.67196,0
            128.01421,26.67194,0
            128.01516,26.67187,0
            128.01519,26.67186,0
            128.01523,26.67186,0
            128.01539,26.67181,0
            128.01545,26.67178,0
            128.0156,26.67169,0
            128.01632,26.67113,0
            128.01647,26.67106,0
            128.01666,26.67101,0
            128.01689,26.67099,0
            128.01701,26.67099,0
            128.01705,26.671,0
            128.01709,26.671,0
            128.01713,26.67102,0
            128.01715,26.67102,0
            128.01724,26.67106,0
            128.01771,26.67142,0
            128.01781,26.67146,0
            128.01799,26.6715,0
            128.0184,26.67154,0
            128.01871,26.67155,0
            128.0188,26.67156,0
            128.01884,26.67156,0
            128.019,26.67153,0
            128.01902,26.67153,0
            128.01909,26.67151,0
            128.01913,26.67149,0
            128.01919,26.67147,0
            128.01907,26.67061,0
            128.01906,26.67057,0
            128.01887,26.66911,0
            128.01886,26.66867,0
            128.01889,26.66828,0
            128.01891,26.66813,0
            128.01898,26.66781,0
            128.01908,26.66744,0
            128.01914,26.66728,0
            128.01943,26.66667,0
            128.0199,26.66585,0
            128.01997,26.66568,0
            128.01997,26.66567,0
            128.02,26.66559,0
            128.02002,26.66555,0
            128.02006,26.66541,0
            128.02008,26.66524,0
            128.02008,26.66518,0
            128.02009,26.6651,0
            128.02009,26.66505,0
            128.02008,26.66499,0
            128.02008,26.66488,0
            128.01998,26.66417,0
            128.01998,26.66414,0
            128.01997,26.66406,0
            128.01997,26.66393,0
            128.02001,26.66367,0
            128.02004,26.66355,0
            128.02008,26.66345,0
            128.02022,26.66319,0
            128.02027,26.66312,0
            128.02043,26.66293,0
            128.02044,26.66293,0
            128.02056,26.66282,0
            128.02057,26.6628,0
            128.02079,26.66264,0
            128.02083,26.6626,0
            128.02099,26.66249,0
            128.02101,26.66248,0
            128.02125,26.6623,0
            128.0213,26.66227,0
            128.02141,26.66218,0
            128.02146,26.66216,0
            128.02149,26.66213,0
            128.02155,26.6621,0
            128.02162,26.66205,0
            128.02177,26.66196,0
            128.02184,26.66193,0
            128.0219,26.66189,0
            128.02191,26.66189,0
            128.02221,26.66176,0
            128.02257,26.66165,0
            128.02475,26.66118,0
            128.02483,26.66117,0
            128.02524,26.66108,0
            128.02538,26.66104,0
            128.02546,26.661,0
            128.02554,26.66097,0
            128.02561,26.66092,0
            128.02563,26.66091,0
            128.02568,26.66087,0
            128.02572,26.66083,0
            128.02576,26.6608,0
            128.0258,26.66076,0
            128.02593,26.6606,0
            128.02594,26.66058,0
            128.02642,26.65987,0
            128.02653,26.65968,0
            128.02653,26.65967,0
            128.02655,26.65963,0
            128.0266,26.65946,0
            128.0266,26.65923,0
            128.02659,26.65919,0
            128.02659,26.65916,0
            128.02657,26.6591,0
            128.02657,26.65909,0
            128.02628,26.65814,0
            128.02627,26.65812,0
            128.02627,26.65808,0
            128.02626,26.65802,0
            128.02626,26.65788,0
            128.0263,26.6577,0
            128.02632,26.65767,0
            128.02632,26.65766,0
            128.02635,26.6576,0
            128.02636,26.65757,0
            128.02638,26.65754,0
            128.02641,26.65747,0
            128.02655,26.65725,0
            128.02662,26.6571,0
            128.02665,26.657,0
            128.02667,26.65696,0
            128.02671,26.65678,0
            128.02671,26.6567,0
            128.02672,26.65665,0
            128.02672,26.6564,0
            128.02673,26.65631,0
            128.02673,26.65576,0
            128.02674,26.65567,0
            128.02674,26.65542,0
            128.02675,26.6554,0
            128.02675,26.65534,0
            128.02676,26.65531,0
            128.02676,26.65527,0
            128.02677,26.65524,0
            128.02678,26.65518,0
            128.0268,26.65511,0
            128.02686,26.65496,0
            128.02686,26.65494,0
            128.02709,26.65447,0
            128.02712,26.65439,0
            128.02715,26.65435,0
            128.02719,26.65425,0
            128.02722,26.65419,0
            128.02722,26.65418,0
            128.02727,26.6541,0
            128.0273,26.65404,0
            128.02734,26.65398,0
            128.02738,26.6539,0
            128.02745,26.6538,0
            128.02748,26.65377,0
            128.02752,26.65372,0
            128.02753,26.6537,0
            128.02769,26.65351,0
            128.0277,26.65348,0
            128.02772,26.65346,0
            128.02774,26.65342,0
            128.02777,26.65338,0
            128.02782,26.65327,0
            128.02792,26.65297,0
            128.02793,26.6529,0
            128.02797,26.65279,0
            128.02815,26.65216,0
            128.02819,26.65206,0
            128.02821,26.65199,0
            128.02825,26.65189,0
            128.02832,26.65175,0
            128.02834,26.65172,0
            128.02836,26.65168,0
            128.02837,26.65165,0
            128.02844,26.65154,0
            128.02847,26.65148,0
            128.02859,26.65128,0
            128.02864,26.65122,0
            128.02865,26.6512,0
            128.02881,26.65104,0
            128.02881,26.65103,0
            128.02893,26.65094,0
            128.02913,26.65081,0
            128.02935,26.65072,0
            128.02956,26.65066,0
            128.02984,26.65056,0
            128.03053,26.6502,0
            128.03059,26.65016,0
            128.0309,26.64999,0
            128.03104,26.6499,0
            128.03119,26.64979,0
            128.03138,26.64962,0
            128.03264,26.6484,0
            128.03269,26.64836,0
            128.03276,26.64829,0
            128.0328,26.64826,0
            128.03286,26.64818,0
            128.03296,26.64808,0
            128.03305,26.64795,0
            128.03307,26.64793,0
            128.0331,26.64787,0
            128.03311,26.64786,0
            128.03313,26.64782,0
            128.03313,26.64781,0
            128.03318,26.64772,0
            128.03318,26.6477,0
            128.03319,26.64769,0
            128.03324,26.64757,0
            128.03324,26.64755,0
            128.03326,26.6475,0
            128.03326,26.64748,0
            128.03328,26.64744,0
            128.03328,26.64742,0
            128.03329,26.64739,0
            128.03329,26.64737,0
            128.0333,26.64735,0
            128.0333,26.6473,0
            128.03331,26.64726,0
            128.03331,26.64723,0
            128.03332,26.64722,0
            128.03332,26.64691,0
            128.03331,26.64686,0
            128.03331,26.64681,0
            128.0333,26.6468,0
            128.0333,26.64677,0
            128.03329,26.64673,0
            128.03329,26.6467,0
            128.03316,26.64615,0
            128.03315,26.64614,0
            128.03303,26.64561,0
            128.03299,26.64548,0
            128.03273,26.64437,0
            128.03267,26.64416,0
            128.03264,26.64402,0
            128.03262,26.64396,0
            128.03234,26.6428,0
            128.03233,26.64279,0
            128.03224,26.64241,0
            128.03219,26.64224,0
            128.03219,26.64221,0
            128.03218,26.64218,0
            128.03218,26.64214,0
            128.03217,26.64211,0
            128.03217,26.64208,0
            128.03216,26.64205,0
            128.03216,26.64184,0
            128.03217,26.64182,0
            128.03217,26.64179,0
            128.03218,26.64176,0
            128.03218,26.64173,0
            128.03219,26.64172,0
            128.03219,26.64168,0
            128.0322,26.64166,0
            128.0322,26.64165,0
            128.03221,26.64163,0
            128.03225,26.6415,0
            128.03231,26.64136,0
            128.03234,26.64131,0
            128.03246,26.64103,0
            128.03246,26.64101,0
            128.03247,26.64098,0
            128.03249,26.64094,0
            128.0325,26.64091,0
            128.0325,26.64089,0
            128.03251,26.64088,0
            128.03251,26.64085,0
            128.03253,26.6408,0
            128.03254,26.64073,0
            128.03255,26.64071,0
            128.03255,26.64068,0
            128.03256,26.64066,0
            128.03256,26.64063,0
            128.03257,26.6406,0
            128.03257,26.64055,0
            128.03258,26.64054,0
            128.03258,26.64027,0
            128.03253,26.63971,0
            128.03251,26.63916,0
            128.03253,26.63887,0
            128.03253,26.63877,0
            128.03254,26.63873,0
            128.03254,26.63867,0
            128.03259,26.63843,0
            128.0326,26.63841,0
            128.03262,26.63834,0
            128.03264,26.63831,0
            128.03274,26.63811,0
            128.03289,26.63789,0
            128.03322,26.63745,0
            128.03338,26.63726,0
            128.03342,26.6372,0
            128.03345,26.63717,0
            128.03354,26.63706,0
            128.03357,26.63703,0
            128.03369,26.63687,0
            128.03379,26.63668,0
            128.0338,26.63663,0
            128.03382,26.6366,0
            128.03383,26.63656,0
            128.03384,26.63655,0
            128.03385,26.63652,0
            128.03391,26.63621,0
            128.03394,26.63594,0
            128.03395,26.6359,0
            128.03395,26.63586,0
            128.03396,26.63584,0
            128.03398,26.63566,0
            128.03402,26.63546,0
            128.03406,26.63533,0
            128.03413,26.63515,0
            128.0345,26.63442,0
            128.03453,26.63435,0
            128.03474,26.63397,0
            128.0348,26.63388,0
            128.03496,26.63369,0
            128.03501,26.63362,0
            128.03509,26.63353,0
            128.03517,26.63358,0
            128.03517,26.63359,0
            128.03774,26.63529,0
            128.03826,26.63559,0
            128.03851,26.63571,0
            128.03871,26.63579,0
            128.03903,26.63589,0
            128.0391,26.63592,0
            128.03956,26.63601,0
            128.03987,26.63605,0
            128.04001,26.63606,0
            128.04057,26.63606,0
            128.04087,26.63603,0
            128.04137,26.63594,0
            128.04149,26.63594,0
            128.04165,26.63591,0
            128.0438,26.63539,0
            128.04381,26.63538,0
            128.04385,26.63537,0
            128.04388,26.63535,0
            128.04392,26.63533,0
            128.04822,26.63432,0
            128.04829,26.63431,0
            128.04837,26.63429,0
            128.04856,26.63427,0
            128.04861,26.63426,0
            128.04866,26.63426,0
            128.04884,26.63424,0
            128.04905,26.63424,0
            128.04986,26.63431,0
            128.05032,26.63437,0
            128.05081,26.63447,0
            128.05259,26.63494,0
            128.05325,26.63518,0
            128.05332,26.6352,0
            128.05506,26.63588,0
            128.05517,26.63596,0
            128.0553,26.63607,0
            128.05537,26.63612,0
            128.05544,26.63619,0
            128.05566,26.63638,0
            128.05571,26.63643,0
            128.05589,26.63657,0
            128.05598,26.63662,0
            128.05604,26.63666,0
            128.0561,26.63669,0
            128.05619,26.63672,0
            128.05623,26.63674,0
            128.05625,26.63674,0
            128.05633,26.63677,0
            128.05661,26.63682,0
            128.05747,26.63692,0
            128.05781,26.63699,0
            128.05807,26.63706,0
            128.05863,26.63726,0
            128.05869,26.63729,0
            128.05871,26.63729,0
            128.05872,26.6373,0
            128.05878,26.63732,0
            128.05886,26.63736,0
            128.05891,26.63737,0
            128.059,26.63742,0
            128.05908,26.63745,0
            128.05914,26.63748,0
            128.05917,26.63749,0
            128.05922,26.63752,0
            128.05925,26.63753,0
            128.05927,26.63755,0
            128.0593,26.63756,0
            128.0593,26.63757,0
            128.05933,26.63758,0
            128.05942,26.63763,0
            128.05943,26.63764,0
            128.05945,26.63765,0
            128.05947,26.63767,0
            128.05953,26.63771,0
            128.05957,26.63775,0
            128.0596,26.63776,0
            128.05965,26.63781,0
            128.05975,26.63789,0
            128.06027,26.63837,0
            128.06049,26.63859,0
            128.06056,26.63865,0
            128.06072,26.63881,0
            128.06144,26.63945,0
            128.06151,26.6395,0
            128.06154,26.63953,0
            128.06179,26.63971,0
            128.06185,26.63974,0
            128.06245,26.64011,0
            128.06255,26.64016,0
            128.06263,26.64021,0
            128.06399,26.64095,0
            128.06444,26.64116,0
            128.06464,26.64124,0
            128.06465,26.64124,0
            128.06466,26.64125,0
            128.06483,26.6413,0
            128.06484,26.64131,0
            128.06578,26.64152,0
            128.06599,26.64158,0
            128.06618,26.64166,0
            128.06647,26.64182,0
            128.06698,26.64224,0
            128.06705,26.64231,0
            128.06725,26.64247,0
            128.06744,26.64259,0
            128.06768,26.64269,0
            128.06792,26.64276,0
            128.06806,26.64277,0
            128.06817,26.64279,0
            128.06826,26.64279,0
            128.06835,26.6428,0
            128.06895,26.64281,0
            128.06908,26.64282,0
            128.06918,26.64282,0
            128.06941,26.64286,0
            128.06963,26.64292,0
            128.06981,26.64299,0
            128.0699,26.64304,0
            128.07001,26.64309,0
            128.07007,26.64314,0
            128.07015,26.64319,0
            128.07039,26.64338,0
            128.07052,26.64351,0
            128.07081,26.64377,0
            128.07103,26.64395,0
            128.0711,26.644,0
            128.0713,26.64412,0
            128.07158,26.64423,0
            128.07162,26.64424,0
            128.07167,26.64426,0
            128.07174,26.64427,0
            128.07176,26.64427,0
            128.07178,26.64428,0
            128.07182,26.64428,0
            128.07191,26.6443,0
            128.07197,26.6443,0
            128.07205,26.64431,0
            128.07216,26.64431,0
            128.07221,26.6443,0
            128.0723,26.6443,0
            128.07255,26.64428,0
            128.07438,26.64402,0
            128.07445,26.64402,0
            128.07454,26.64401,0
            128.07485,26.64401,0
            128.07527,26.64405,0
            128.07637,26.64424,0
            128.07665,26.64427,0
            128.077,26.64429,0
            128.07755,26.64429,0
            128.07855,26.64421,0
            128.07863,26.64421,0
            128.07869,26.6442,0
            128.07892,26.6442,0
            128.07898,26.64421,0
            128.07904,26.64421,0
            128.07924,26.64424,0
            128.07949,26.6443,0
            128.07958,26.64435,0
            128.07975,26.64443,0
            128.0799,26.64453,0
            128.08017,26.64475,0
            128.08048,26.64507,0
            128.08069,26.64527,0
            128.08094,26.64547,0
            128.08104,26.64553,0
            128.08108,26.64556,0
            128.0814,26.64573,0
            128.08287,26.64638,0
            128.08315,26.64652,0
            128.08316,26.64652,0
            128.08352,26.64674,0
            128.08376,26.64697,0
            128.08391,26.64716,0
            128.08402,26.64733,0
            128.08402,26.64734,0
            128.08408,26.64746,0
            128.08415,26.64768,0
            128.08421,26.64799,0
            128.08423,26.64819,0
            128.08425,26.64864,0
            128.08427,26.64877,0
            128.08431,26.64892,0
            128.08435,26.64903,0
            128.08443,26.6492,0
            128.0845,26.64931,0
            128.08458,26.64941,0
            128.08471,26.64954,0
            128.08482,26.64963,0
            128.08502,26.64975,0
            128.08512,26.6498,0
            128.08538,26.64988,0
            128.08548,26.64989,0
            128.08566,26.64992,0
            128.0859,26.64992,0
            128.086,26.64991,0
            128.08601,26.6499,0
            128.08666,26.64981,0
            128.08682,26.6498,0
            128.08707,26.6498,0
            128.08712,26.64981,0
            128.08723,26.64982,0
            128.08726,26.64983,0
            128.0874,26.64985,0
            128.08746,26.64987,0
            128.08752,26.64988,0
            128.08764,26.64993,0
            128.08765,26.64993,0
            128.08776,26.64998,0
            128.088,26.65013,0
            128.08812,26.65023,0
            128.08821,26.65033,0
            128.08832,26.65049,0
            128.08841,26.65065,0
            128.08842,26.65066,0
            128.08844,26.65072,0
            128.08849,26.65081,0
            128.0885,26.65085,0
            128.08861,26.65116,0
            128.08866,26.65133,0
            128.08866,26.65134,0
            128.08871,26.65149,0
            128.08871,26.6515,0
            128.0888,26.65174,0
            128.08882,26.65177,0
            128.08885,26.65185,0
            128.08889,26.65193,0
            128.08899,26.65209,0
            128.08905,26.65216,0
            128.08929,26.65239,0
            128.0895,26.65252,0
            128.08958,26.65256,0
            128.08983,26.65265,0
            128.09051,26.65284,0
            128.09079,26.65296,0
            128.09086,26.65301,0
            128.09088,26.65302,0
            128.09106,26.65316,0
            128.09113,26.65324,0
            128.09114,26.65324,0
            128.09121,26.65333,0
            128.09124,26.65336,0
            128.09138,26.65358,0
            128.09226,26.65554,0
            128.09244,26.65588,0
            128.09271,26.6563,0
            128.09273,26.65634,0
            128.09459,26.659,0
            128.09557,26.66023,0
            128.09576,26.66045,0
            128.09595,26.66064,0
            128.09612,26.66078,0
            128.09631,26.6609,0
            128.09635,26.66091,0
            128.09637,26.66093,0
            128.09649,26.66097,0
            128.09653,26.66099,0
            128.09685,26.66106,0
            128.09718,26.66106,0
            128.09723,26.66105,0
            128.09728,26.66105,0
            128.09735,26.66103,0
            128.09738,26.66103,0
            128.09748,26.661,0
            128.09751,26.661,0
            128.09772,26.66092,0
            128.09779,26.6609,0
            128.09783,26.66088,0
            128.0983,26.66071,0
            128.09876,26.66059,0
            128.09927,26.66053,0
            128.09964,26.66054,0
            128.09971,26.66055,0
            128.09979,26.66055,0
            128.09986,26.66056,0
            128.10023,26.66064,0
            128.10037,26.66068,0
            128.10061,26.66077,0
            128.10077,26.66084,0
            128.101,26.66096,0
            128.10121,26.66109,0
            128.10127,26.66112,0
            128.10133,26.66117,0
            128.10139,26.66121,0
            128.10141,26.66123,0
            128.10162,26.66138,0
            128.1017,26.66145,0
            128.10172,26.66146,0
            128.1018,26.66153,0
            128.10193,26.66166,0
            128.10198,26.6617,0
            128.10203,26.66178,0
            128.10208,26.66183,0
            128.10228,26.66208,0
            128.10251,26.66243,0
            128.10258,26.66256,0
            128.1026,26.66258,0
            128.10285,26.6631,0
            128.10291,26.6632,0
            128.10306,26.66349,0
            128.10335,26.66397,0
            128.10338,26.66401,0
            128.10342,26.66408,0
            128.10343,26.66411,0
            128.10344,26.66412,0
            128.1035,26.66422,0
            128.1035,26.66424,0
            128.10356,26.66433,0
            128.10373,26.66476,0
            128.10383,26.66516,0
            128.1041,26.66707,0
            128.1042,26.66748,0
            128.10468,26.66872,0
            128.10473,26.66888,0
            128.1048,26.66906,0
            128.10507,26.66992,0
            128.10508,26.66994,0
            128.10516,26.67027,0
            128.10519,26.67035,0
            128.10527,26.67081,0
            128.10526,26.67122,0
            128.10524,26.67152,0
            128.1052,26.67185,0
            128.10519,26.67201,0
            128.10517,26.67215,0
            128.10512,26.67276,0
            128.10512,26.67287,0
            128.10504,26.67361,0
            128.105,26.67381,0
            128.105,26.67384,0
            128.10498,26.6739,0
            128.10496,26.67393,0
            128.10495,26.67398,0
            128.10485,26.6742,0
            128.10465,26.67449,0
            128.10447,26.67469,0
            128.1035,26.67548,0
            128.10333,26.67563,0
            128.10317,26.6758,0
            128.10305,26.67596,0
            128.10294,26.67619,0
            128.10288,26.67642,0
            128.10281,26.6768,0
            128.10277,26.67714,0
            128.10275,26.67722,0
            128.10275,26.67723,0
            128.10268,26.67743,0
            128.10264,26.6775,0
            128.10263,26.67751,0
            128.10261,26.67754,0
            128.10258,26.67757,0
            128.10257,26.67759,0
            128.10255,26.67761,0
            128.10243,26.67769,0
            128.10238,26.67773,0
            128.1023,26.67781,0
            128.10228,26.67784,0
            128.10199,26.67807,0
            128.10182,26.67819,0
            128.10154,26.67836,0
            128.1014,26.67846,0
            128.10132,26.67854,0
            128.10129,26.67856,0
            128.1012,26.67866,0
            128.10115,26.67874,0
            128.10113,26.67875,0
            128.10101,26.67896,0
            128.10096,26.67907,0
            128.10089,26.67932,0
            128.10088,26.67939,0
            128.10088,26.67945,0
            128.10087,26.67952,0
            128.10087,26.6796,0
            128.10088,26.67965,0
            128.10088,26.67969,0
            128.10093,26.67988,0
            128.10099,26.68004,0
            128.10107,26.68019,0
            128.10115,26.68031,0
            128.10119,26.68035,0
            128.10121,26.68038,0
            128.10133,26.6805,0
            128.10179,26.68088,0
            128.10193,26.68098,0
            128.10196,26.68101,0
            128.10205,26.68108,0
            128.1022,26.68122,0
            128.10281,26.6817,0
            128.10304,26.68191,0
            128.10321,26.68204,0
            128.1033,26.6821,0
            128.10337,26.68217,0
            128.1035,26.68228,0
            128.10353,26.68232,0
            128.10356,26.68235,0
            128.10374,26.68258,0
            128.10379,26.68267,0
            128.10386,26.68277,0
            128.10419,26.68336,0
            128.10467,26.68409,0
            128.10483,26.68429,0
            128.10487,26.68433,0
            128.10489,26.68436,0
            128.10516,26.68463,0
            128.1063,26.68569,0
            128.1064,26.68581,0
            128.10651,26.68597,0
            128.10651,26.68598,0
            128.10654,26.68603,0
            128.10664,26.68629,0
            128.10666,26.68639,0
            128.10668,26.68656,0
            128.10668,26.68661,0
            128.10665,26.68693,0
            128.10664,26.68695,0
            128.10663,26.68699,0
            128.10656,26.68719,0
            128.10634,26.68765,0
            128.10629,26.68779,0
            128.10625,26.68788,0
            128.1062,26.68813,0
            128.10619,26.68822,0
            128.10619,26.68835,0
            128.10621,26.68855,0
            128.10624,26.68868,0
            128.10632,26.68888,0
            128.10638,26.68899,0
            128.10663,26.68929,0
            128.10665,26.6893,0
            128.10666,26.6893,0
            128.10672,26.68933,0
            128.1068,26.68938,0
            128.10699,26.68953,0
            128.10749,26.68999,0
            128.10759,26.6901,0
            128.10792,26.69053,0
            128.10801,26.69066,0
            128.1084,26.69115,0
            128.10859,26.69135,0
            128.10863,26.6914,0
            128.11071,26.69336,0
            128.11083,26.69346,0
            128.11091,26.69354,0
            128.11156,26.69408,0
            128.11168,26.69417,0
            128.11171,26.6942,0
            128.11195,26.69439,0
            128.11262,26.69496,0
            128.11273,26.69507,0
            128.11279,26.69515,0
            128.11287,26.69523,0
            128.11305,26.69545,0
            128.11324,26.69577,0
            128.11341,26.69603,0
            128.11352,26.69623,0
            128.11353,26.69624,0
            128.11358,26.69633,0
            128.11366,26.69645,0
            128.11381,26.69671,0
            128.11406,26.6971,0
            128.11448,26.69781,0
            128.11459,26.69802,0
            128.11466,26.69824,0
            128.11466,26.69825,0
            128.11469,26.69836,0
            128.1147,26.69845,0
            128.11472,26.69854,0
            128.11475,26.69885,0
            128.11475,26.69891,0
            128.11477,26.69908,0
            128.11477,26.69912,0
            128.11483,26.69939,0
            128.11483,26.6994,0
            128.11485,26.69946,0
            128.11491,26.6996,0
            128.115,26.69977,0
            128.11502,26.69978,0
            128.11506,26.69985,0
            128.11522,26.70003,0
            128.11527,26.7001,0
            128.11592,26.70083,0
            128.11603,26.70097,0
            128.11608,26.70102,0
            128.11676,26.7018,0
            128.11723,26.70222,0
            128.11747,26.7024,0
            128.11811,26.70283,0
            128.11819,26.70287,0
            128.11825,26.70291,0
            128.11844,26.703,0
            128.11869,26.70308,0
            128.11897,26.70313,0
            128.11899,26.70313,0
            128.11913,26.70315,0
            128.1199,26.70315,0
            128.11998,26.70316,0
            128.12019,26.70315,0
            128.12031,26.70316,0
            128.12061,26.70316,0
            128.12109,26.70314,0
            128.12172,26.70309,0
            128.12208,26.70304,0
            128.12212,26.70304,0
            128.1231,26.70291,0
            128.12313,26.70291,0
            128.12371,26.70283,0
            128.12394,26.70281,0
            128.12408,26.70281,0
            128.12413,26.7028,0
            128.12441,26.70281,0
            128.1249,26.70288,0
            128.12504,26.70291,0
            128.12529,26.70298,0
            128.12544,26.70301,0
            128.12612,26.70318,0
            128.12669,26.70335,0
            128.12887,26.70418,0
            128.12901,26.70422,0
            128.12928,26.70432,0
            128.12957,26.70439,0
            128.12963,26.70441,0
            128.13,26.70447,0
            128.13003,26.70448,0
            128.13022,26.7045,0
            128.13093,26.70451,0
            128.13101,26.70452,0
            128.13278,26.70451,0
            128.13288,26.70452,0
            128.13293,26.70452,0
            128.13298,26.70453,0
            128.13301,26.70453,0
            128.1331,26.70455,0
            128.1333,26.70458,0
            128.13349,26.70463,0
            128.13506,26.7052,0
            128.13581,26.70545,0
            128.13588,26.70548,0
            128.13622,26.70559,0
            128.13914,26.70674,0
            128.14046,26.7072,0
            128.1429,26.70799,0
            128.14341,26.70819,0
            128.14385,26.70841,0
            128.14435,26.70874,0
            128.14444,26.70882,0
            128.14456,26.70891,0
            128.14494,26.70926,0
            128.14523,26.7096,0
            128.14539,26.70981,0
            128.14556,26.71008,0
            128.14572,26.71037,0
            128.14583,26.71062,0
            128.14586,26.71071,0
            128.1459,26.7108,0
            128.14606,26.71137,0
            128.1462,26.71212,0
            128.14627,26.71241,0
            128.14629,26.71254,0
            128.14639,26.71281,0
            128.14645,26.71293,0
            128.14659,26.71317,0
            128.14671,26.71332,0
            128.14682,26.71344,0
            128.1469,26.71351,0
            128.14712,26.71368,0
            128.14721,26.71374,0
            128.14745,26.71386,0
            128.14776,26.71399,0
            128.14838,26.71419,0
            128.14878,26.71435,0
            128.14905,26.71449,0
            128.14927,26.71462,0
            128.1499,26.71507,0
            128.14999,26.71512,0
            128.15024,26.71529,0
            128.15035,26.71535,0
            128.15038,26.71535,0
            128.1504,26.71536,0
            128.15049,26.71536,0
            128.15049,26.71537,0
            128.15051,26.71537,0
            128.15097,26.71559,0
            128.15183,26.71593,0
            128.15208,26.71604,0
            128.15242,26.71625,0
            128.15254,26.71634,0
            128.15269,26.71647,0
            128.15332,26.71711,0
            128.15354,26.71728,0
            128.15368,26.71737,0
            128.15379,26.71743,0
            128.15418,26.71757,0
            128.15487,26.71776,0
            128.15518,26.71786,0
            128.15531,26.71789,0
            128.15537,26.71792,0
            128.15542,26.71793,0
            128.1559,26.71812,0
            128.15593,26.71814,0
            128.15596,26.71815,0
            128.15611,26.71823,0
            128.15644,26.71844,0
            128.15657,26.71854,0
            128.15678,26.71873,0
            128.15712,26.71909,0
            128.15786,26.72001,0
            128.15795,26.72014,0
            128.15848,26.72079,0
            128.15884,26.72119,0
            128.15912,26.72144,0
            128.1595,26.72171,0
            128.15978,26.72186,0
            128.15994,26.72193,0
            128.16068,26.72231,0
            128.16086,26.72243,0
            128.1609,26.72245,0
            128.16101,26.72252,0
            128.16117,26.72264,0
            128.16156,26.723,0
            128.16173,26.72318,0
            128.16205,26.72356,0
            128.16271,26.72428,0
            128.16431,26.72624,0
            128.16466,26.7266,0
            128.16514,26.72704,0
            128.16548,26.72731,0
            128.16575,26.72755,0
            128.16661,26.72826,0
            128.16686,26.72845,0
            128.1669,26.72847,0
            128.16695,26.72851,0
            128.16754,26.72891,0
            128.16787,26.72919,0
            128.16807,26.72941,0
            128.16894,26.73046,0
            128.16897,26.73051,0
            128.16919,26.73076,0
            128.16958,26.73124,0
            128.16961,26.73127,0
            128.17003,26.7318,0
            128.17028,26.73215,0
            128.17028,26.73216,0
            128.17037,26.73228,0
            128.17038,26.7323,0
            128.17044,26.73237,0
            128.17096,26.73328,0
            128.17107,26.73351,0
            128.17108,26.73352,0
            128.17132,26.73406,0
            128.17154,26.7346,0
            128.17156,26.73467,0
            128.17219,26.7363,0
            128.17221,26.73633,0
            128.17224,26.73641,0
            128.17232,26.73658,0
            128.17243,26.73675,0
            128.17272,26.73715,0
            128.17279,26.73722,0
            128.17284,26.73729,0
            128.17295,26.7374,0
            128.17312,26.7376,0
            128.17455,26.73916,0
            128.17463,26.73923,0
            128.17486,26.73949,0
            128.17504,26.73973,0
            128.17518,26.73994,0
            128.17536,26.7403,0
            128.17538,26.74033,0
            128.17595,26.74181,0
            128.1761,26.74216,0
            128.17624,26.74244,0
            128.17629,26.74256,0
            128.17629,26.74262,0
            128.1763,26.74263,0
            128.17635,26.74274,0
            128.17637,26.74277,0
            128.17638,26.74281,0
            128.1764,26.74286,0
            128.1764,26.74287,0
            128.17644,26.74294,0
            128.17642,26.743,0
            128.17642,26.74303,0
            128.17641,26.74306,0
            128.17641,26.74309,0
            128.17642,26.74311,0
            128.17642,26.74314,0
            128.17643,26.74317,0
            128.17645,26.74321,0
            128.17645,26.74322,0
            128.17683,26.74423,0
            128.17685,26.74426,0
          </coordinates>
        </LineString>
      </Placemark>
      <Placemark>
        <name>Villa Nakijin COCONUT JUNGLIA Okinawa - Entire Place</name>
        <styleUrl>#icon-1899-DB4436-nodesc</styleUrl>
        <Point>
          <coordinates>
            127.9794023,26.6909347,0
          </coordinates>
        </Point>
      </Placemark>
      <Placemark>
        <name>2362 Kouri, Nakijin, Kunigami District, Okinawa 905-0406日本</name>
        <styleUrl>#icon-1899-DB4436-nodesc</styleUrl>
        <Point>
          <coordinates>
            128.0149301,26.7108647,0
          </coordinates>
        </Point>
      </Placemark>
      <Placemark>
        <name>古宇利蝦蝦飯</name>
        <styleUrl>#icon-1899-DB4436-nodesc</styleUrl>
        <Point>
          <coordinates>
            128.0197822,26.6967986,0
          </coordinates>
        </Point>
      </Placemark>
      <Placemark>
        <name>屋我地大橋</name>
        <styleUrl>#icon-1899-DB4436-nodesc</styleUrl>
        <Point>
          <coordinates>
            128.0326249,26.6439588,0
          </coordinates>
        </Point>
      </Placemark>
      <Placemark>
        <name>Yanbaru Hostel</name>
        <styleUrl>#icon-1899-DB4436-nodesc</styleUrl>
        <Point>
          <coordinates>
            128.1768462,26.7442582,0
          </coordinates>
        </Point>
      </Placemark>
    </Folder>
    <Folder>
      <name>第三天路線(10/13)</name>
      <Placemark>
        <name>第三天路線(10/13)</name>
        <styleUrl>#line-1267FF-5000-nodesc</styleUrl>
        <LineString>
          <tessellate>1</tessellate>
          <coordinates>
            128.17685,26.74426,0
            128.17683,26.74423,0
            128.17645,26.74322,0
            128.17645,26.74321,0
            128.17643,26.74317,0
            128.17642,26.74314,0
            128.17642,26.74311,0
            128.17641,26.74309,0
            128.17641,26.74306,0
            128.17642,26.74303,0
            128.17642,26.743,0
            128.17644,26.74294,0
            128.17647,26.74292,0
            128.17648,26.74292,0
            128.17653,26.74287,0
            128.17681,26.74319,0
            128.1769,26.74327,0
            128.177,26.74338,0
            128.17729,26.74363,0
            128.17762,26.74387,0
            128.17762,26.74388,0
            128.17765,26.74389,0
            128.1786,26.74458,0
            128.17868,26.74465,0
            128.18021,26.74576,0
            128.18024,26.74579,0
            128.18034,26.74585,0
            128.18049,26.74597,0
            128.18078,26.74623,0
            128.18104,26.7465,0
            128.18133,26.74685,0
            128.18146,26.74705,0
            128.1815,26.74709,0
            128.18167,26.74736,0
            128.18183,26.74757,0
            128.18186,26.74762,0
            128.18214,26.74794,0
            128.18214,26.74795,0
            128.18231,26.74812,0
            128.18266,26.74843,0
            128.1829,26.7486,0
            128.18314,26.74875,0
            128.18361,26.74901,0
            128.18391,26.74915,0
            128.18418,26.7493,0
            128.18423,26.74932,0
            128.18429,26.74937,0
            128.18448,26.74949,0
            128.18473,26.74973,0
            128.18494,26.74996,0
            128.18546,26.7507,0
            128.1855,26.75077,0
            128.18642,26.75201,0
            128.18655,26.75217,0
            128.18689,26.75254,0
            128.18761,26.75339,0
            128.18779,26.75364,0
            128.18791,26.7539,0
            128.18792,26.75393,0
            128.18794,26.75397,0
            128.18797,26.7541,0
            128.18798,26.75419,0
            128.18801,26.7543,0
            128.18803,26.75445,0
            128.1881,26.75479,0
            128.18813,26.75499,0
            128.18817,26.75539,0
            128.18823,26.75582,0
            128.18825,26.75586,0
            128.18834,26.75612,0
            128.18847,26.75636,0
            128.18855,26.75647,0
            128.18873,26.75675,0
            128.18878,26.75681,0
            128.18883,26.75689,0
            128.18895,26.75712,0
            128.18902,26.75732,0
            128.18907,26.7575,0
            128.18908,26.75752,0
            128.1891,26.75766,0
            128.18913,26.7578,0
            128.18945,26.75983,0
            128.18951,26.7601,0
            128.18965,26.76043,0
            128.18974,26.76058,0
            128.18986,26.76074,0
            128.18991,26.76079,0
            128.18994,26.76083,0
            128.19023,26.7611,0
            128.19151,26.76209,0
            128.1926,26.7628,0
            128.19264,26.76282,0
            128.19308,26.7631,0
            128.19363,26.76341,0
            128.19453,26.76388,0
            128.1952,26.76429,0
            128.1956,26.76451,0
            128.19563,26.76452,0
            128.19603,26.76471,0
            128.19662,26.76489,0
            128.19711,26.76496,0
            128.19733,26.76498,0
            128.19903,26.765,0
            128.19983,26.76505,0
            128.20069,26.76515,0
            128.20172,26.76538,0
            128.20178,26.7654,0
            128.20191,26.76543,0
            128.2021,26.76549,0
            128.20225,26.76552,0
            128.20227,26.76553,0
            128.20293,26.76572,0
            128.20297,26.76574,0
            128.20302,26.76575,0
            128.20309,26.76578,0
            128.20316,26.76582,0
            128.20327,26.76586,0
            128.20342,26.76594,0
            128.20358,26.76604,0
            128.20386,26.76627,0
            128.20403,26.76645,0
            128.20418,26.76666,0
            128.20435,26.76698,0
            128.20445,26.76728,0
            128.20453,26.7676,0
            128.20458,26.76796,0
            128.20459,26.76797,0
            128.2046,26.76804,0
            128.20462,26.76811,0
            128.20472,26.76836,0
            128.20478,26.76847,0
            128.20513,26.76897,0
            128.20524,26.76915,0
            128.20531,26.7693,0
            128.20531,26.76931,0
            128.20537,26.76947,0
            128.20539,26.7696,0
            128.20541,26.76966,0
            128.20543,26.7698,0
            128.20543,26.76986,0
            128.20544,26.76996,0
            128.2054,26.77031,0
            128.20538,26.7704,0
            128.2053,26.77066,0
            128.20525,26.77077,0
            128.20523,26.77083,0
            128.20514,26.77102,0
            128.20495,26.7715,0
            128.20486,26.77181,0
            128.20483,26.77189,0
            128.20483,26.77191,0
            128.20475,26.77224,0
            128.20466,26.77272,0
            128.20456,26.7734,0
            128.20454,26.77361,0
            128.20454,26.77387,0
            128.20457,26.77403,0
            128.20463,26.77421,0
            128.20475,26.77443,0
            128.20482,26.77453,0
            128.20489,26.7746,0
            128.20493,26.77465,0
            128.20506,26.77477,0
            128.20515,26.77483,0
            128.20533,26.77493,0
            128.20546,26.77499,0
            128.20551,26.775,0
            128.20556,26.77502,0
            128.20574,26.77507,0
            128.20666,26.77527,0
            128.20693,26.77535,0
            128.207,26.77538,0
            128.20713,26.77542,0
            128.20854,26.77607,0
            128.20857,26.77608,0
            128.20904,26.77631,0
            128.20916,26.77638,0
            128.20926,26.77645,0
            128.20933,26.77648,0
            128.20942,26.77655,0
            128.20949,26.77659,0
            128.20956,26.77664,0
            128.20963,26.7767,0
            128.20972,26.77676,0
            128.20975,26.77679,0
            128.21086,26.77772,0
            128.21098,26.77781,0
            128.21101,26.77784,0
            128.21118,26.77797,0
            128.21139,26.77815,0
            128.21147,26.77823,0
            128.21153,26.77828,0
            128.21168,26.77843,0
            128.21172,26.77848,0
            128.21176,26.77852,0
            128.21196,26.77877,0
            128.21261,26.7797,0
            128.21284,26.77999,0
            128.21285,26.78001,0
            128.213,26.78019,0
            128.21337,26.78059,0
            128.21339,26.78062,0
            128.21344,26.78067,0
            128.21401,26.78133,0
            128.21408,26.7814,0
            128.21412,26.78145,0
            128.21417,26.7815,0
            128.21421,26.78153,0
            128.21429,26.78161,0
            128.21434,26.78164,0
            128.21442,26.7817,0
            128.21465,26.78184,0
            128.21605,26.78244,0
            128.21622,26.78253,0
            128.2163,26.78258,0
            128.21654,26.78278,0
            128.21671,26.78297,0
            128.21694,26.7832,0
            128.21713,26.78335,0
            128.21728,26.78344,0
            128.21748,26.78353,0
            128.21767,26.7836,0
            128.21773,26.78361,0
            128.2181,26.78371,0
            128.21811,26.78371,0
            128.21837,26.7838,0
            128.2185,26.78386,0
            128.21862,26.78393,0
            128.21873,26.78401,0
            128.21886,26.78414,0
            128.21891,26.78421,0
            128.21901,26.78438,0
            128.21914,26.78479,0
            128.21923,26.78516,0
            128.21926,26.78525,0
            128.21928,26.78528,0
            128.21935,26.78543,0
            128.21939,26.7855,0
            128.21951,26.78567,0
            128.21952,26.78568,0
            128.21954,26.78571,0
            128.22073,26.78707,0
            128.22098,26.78728,0
            128.22105,26.78732,0
            128.22112,26.78737,0
            128.22133,26.78748,0
            128.22164,26.7876,0
            128.22165,26.7876,0
            128.22291,26.78806,0
            128.22319,26.78819,0
            128.22325,26.78823,0
            128.22331,26.78826,0
            128.22342,26.78835,0
            128.22357,26.78849,0
            128.22373,26.78871,0
            128.22386,26.78897,0
            128.22387,26.789,0
            128.2239,26.78905,0
            128.22392,26.78911,0
            128.22407,26.78944,0
            128.2241,26.78953,0
            128.22414,26.78962,0
            128.22422,26.78993,0
            128.22432,26.79068,0
            128.22438,26.79092,0
            128.2244,26.79096,0
            128.22445,26.79109,0
            128.22447,26.79116,0
            128.22463,26.79147,0
            128.22482,26.79189,0
            128.2249,26.79219,0
            128.2253,26.79442,0
            128.2253,26.79445,0
            128.22538,26.79481,0
            128.22555,26.79574,0
            128.22559,26.79586,0
            128.22559,26.79587,0
            128.22568,26.79611,0
            128.22584,26.79638,0
            128.22602,26.79659,0
            128.22606,26.79662,0
            128.22608,26.79664,0
            128.2261,26.79665,0
            128.22614,26.79669,0
            128.22623,26.79675,0
            128.22623,26.79676,0
            128.22627,26.79678,0
            128.22631,26.79681,0
            128.22638,26.79684,0
            128.2264,26.79686,0
            128.22653,26.79693,0
            128.22657,26.79694,0
            128.22658,26.79694,0
            128.22735,26.79726,0
            128.22746,26.79729,0
            128.22756,26.79733,0
            128.22763,26.79734,0
            128.22767,26.79736,0
            128.22784,26.79739,0
            128.22789,26.79739,0
            128.22798,26.7974,0
            128.22818,26.7974,0
            128.22863,26.79736,0
            128.22988,26.7972,0
            128.22993,26.7972,0
            128.23071,26.7971,0
            128.231,26.79708,0
            128.23129,26.79708,0
            128.23151,26.79712,0
            128.23156,26.79714,0
            128.23165,26.79716,0
            128.23194,26.79729,0
            128.23208,26.79741,0
            128.23214,26.79745,0
            128.23228,26.79759,0
            128.23233,26.79766,0
            128.23235,26.79768,0
            128.23237,26.79771,0
            128.23238,26.79774,0
            128.23245,26.79787,0
            128.23251,26.79804,0
            128.23253,26.79816,0
            128.23254,26.79819,0
            128.23254,26.79828,0
            128.23255,26.79832,0
            128.23257,26.79893,0
            128.23256,26.79902,0
            128.23256,26.7992,0
            128.2325,26.79967,0
            128.23242,26.80004,0
            128.23239,26.80013,0
            128.23236,26.80018,0
            128.23235,26.80021,0
            128.23222,26.8004,0
            128.23203,26.80058,0
            128.23164,26.8009,0
            128.23148,26.80109,0
            128.23138,26.80124,0
            128.23106,26.80188,0
            128.23098,26.8021,0
            128.23095,26.80225,0
            128.23093,26.80247,0
            128.23091,26.80382,0
            128.23092,26.80397,0
            128.23098,26.80422,0
            128.23107,26.80444,0
            128.23118,26.80462,0
            128.23119,26.80463,0
            128.23128,26.80476,0
            128.23144,26.80496,0
            128.23247,26.80612,0
            128.23292,26.80666,0
            128.23296,26.8067,0
            128.23375,26.80783,0
            128.23389,26.80805,0
            128.23391,26.80811,0
            128.234,26.80831,0
            128.23424,26.80901,0
            128.23424,26.80902,0
            128.23428,26.80913,0
            128.23433,26.80932,0
            128.23435,26.80954,0
            128.23436,26.80958,0
            128.23436,26.80962,0
            128.23434,26.80976,0
            128.23434,26.80978,0
            128.23431,26.80996,0
            128.23416,26.81053,0
            128.23411,26.81085,0
            128.23411,26.81101,0
            128.23414,26.81123,0
            128.23419,26.81143,0
            128.23422,26.81149,0
            128.23422,26.8115,0
            128.23424,26.81156,0
            128.23447,26.81197,0
            128.23448,26.81198,0
            128.23504,26.81294,0
            128.23511,26.81304,0
            128.23525,26.81328,0
            128.2353,26.81338,0
            128.23547,26.81364,0
            128.23573,26.81396,0
            128.23664,26.8149,0
            128.23676,26.81504,0
            128.23733,26.81563,0
            128.23746,26.81581,0
            128.23759,26.81604,0
            128.23759,26.81605,0
            128.23766,26.8162,0
            128.23766,26.81622,0
            128.23772,26.81639,0
            128.23776,26.81655,0
            128.23776,26.81657,0
            128.23798,26.81737,0
            128.23803,26.81752,0
            128.23805,26.81761,0
            128.23805,26.81762,0
            128.23813,26.81782,0
            128.23815,26.81789,0
            128.23819,26.81796,0
            128.23822,26.81804,0
            128.23826,26.81812,0
            128.23827,26.81815,0
            128.23832,26.81824,0
            128.23835,26.81828,0
            128.23838,26.81834,0
            128.23845,26.81844,0
            128.23854,26.8186,0
            128.23855,26.81861,0
            128.23957,26.82013,0
            128.23972,26.82029,0
            128.23992,26.82046,0
            128.24034,26.82073,0
            128.24053,26.82084,0
            128.24058,26.82086,0
            128.24122,26.82127,0
            128.24158,26.82154,0
            128.24185,26.82178,0
            128.24199,26.82192,0
            128.24267,26.82254,0
            128.24273,26.82262,0
            128.24279,26.82268,0
            128.2428,26.8227,0
            128.24295,26.82291,0
            128.24301,26.82304,0
            128.24304,26.82309,0
            128.24306,26.82315,0
            128.2431,26.82323,0
            128.24323,26.82355,0
            128.24329,26.82366,0
            128.2433,26.82369,0
            128.24344,26.82395,0
            128.24353,26.82409,0
            128.24414,26.82493,0
            128.24421,26.82501,0
            128.24427,26.8251,0
            128.24433,26.82517,0
            128.24457,26.82555,0
            128.24466,26.82571,0
            128.24467,26.82575,0
            128.24471,26.82581,0
            128.24484,26.82606,0
            128.2457,26.82828,0
            128.24574,26.82846,0
            128.24647,26.83106,0
            128.24656,26.83148,0
            128.24671,26.83204,0
            128.24677,26.83217,0
            128.24677,26.83219,0
            128.24684,26.83232,0
            128.24687,26.83239,0
            128.24693,26.8325,0
            128.24693,26.83251,0
            128.24702,26.83266,0
            128.24742,26.83317,0
            128.24749,26.83324,0
            128.2476,26.83339,0
            128.24761,26.83339,0
            128.24769,26.83352,0
            128.2477,26.83355,0
            128.24772,26.83357,0
            128.24778,26.8337,0
            128.24778,26.83372,0
            128.24799,26.83416,0
            128.24808,26.83426,0
            128.24817,26.83432,0
            128.24851,26.83473,0
            128.24918,26.83548,0
            128.2493,26.83563,0
            128.24969,26.83604,0
            128.24983,26.83617,0
            128.24989,26.83624,0
            128.25061,26.83722,0
            128.25066,26.83736,0
            128.25077,26.83761,0
            128.2508,26.8377,0
            128.25084,26.83778,0
            128.25096,26.83812,0
            128.25097,26.83813,0
            128.251,26.83822,0
            128.25118,26.83856,0
            128.2513,26.83873,0
            128.25136,26.8388,0
            128.25148,26.83892,0
            128.25158,26.839,0
            128.25183,26.83915,0
            128.25197,26.83922,0
            128.25222,26.83938,0
            128.25229,26.83944,0
            128.25236,26.83949,0
            128.25247,26.8396,0
            128.25255,26.8397,0
            128.25258,26.83973,0
            128.25258,26.83974,0
            128.25261,26.83978,0
            128.25267,26.83988,0
            128.25272,26.83999,0
            128.25279,26.84024,0
            128.25282,26.8404,0
            128.25285,26.8405,0
            128.25294,26.84091,0
            128.25295,26.84093,0
            128.25296,26.84098,0
            128.25298,26.84103,0
            128.25305,26.84134,0
            128.25319,26.84184,0
            128.25321,26.84195,0
            128.25346,26.84292,0
            128.25359,26.84372,0
            128.25363,26.84413,0
            128.25385,26.84909,0
            128.25384,26.84916,0
            128.25383,26.84941,0
            128.25378,26.84973,0
            128.25373,26.84993,0
            128.25355,26.85083,0
            128.25355,26.85088,0
            128.25354,26.85094,0
            128.25354,26.85098,0
            128.2535,26.8512,0
            128.25348,26.85125,0
            128.25338,26.85161,0
            128.25333,26.85186,0
            128.25328,26.85228,0
            128.25327,26.85232,0
            128.25292,26.85329,0
            128.2529,26.85336,0
            128.2528,26.85357,0
            128.25272,26.8537,0
            128.25238,26.85416,0
            128.25232,26.85422,0
            128.2521,26.85448,0
            128.25207,26.8545,0
            128.25158,26.85492,0
            128.25155,26.85493,0
            128.25115,26.8552,0
            128.25099,26.85527,0
            128.25088,26.85533,0
            128.25058,26.85547,0
            128.25017,26.85561,0
            128.24988,26.85568,0
            128.24948,26.85575,0
            128.24942,26.85577,0
            128.24928,26.85578,0
            128.24848,26.85588,0
            128.24832,26.85589,0
            128.24828,26.8559,0
            128.24794,26.85593,0
            128.24723,26.85605,0
            128.24665,26.8562,0
            128.24628,26.85634,0
            128.24609,26.85644,0
            128.24584,26.85663,0
            128.2458,26.85667,0
            128.24575,26.85671,0
            128.24559,26.85687,0
            128.24532,26.85724,0
            128.24531,26.85725,0
            128.24525,26.85737,0
            128.24523,26.8574,0
            128.24511,26.85773,0
            128.24508,26.85784,0
            128.24503,26.8581,0
            128.24503,26.85815,0
            128.24502,26.85823,0
            128.24502,26.85854,0
            128.24504,26.85875,0
            128.2451,26.85906,0
            128.24529,26.8597,0
            128.24547,26.86018,0
            128.2455,26.86024,0
            128.2455,26.86025,0
            128.24623,26.86208,0
            128.24635,26.8623,0
            128.24655,26.86259,0
            128.24661,26.86269,0
            128.24681,26.86293,0
            128.24683,26.86294,0
            128.24697,26.86308,0
            128.24717,26.86326,0
            128.24741,26.86344,0
            128.24782,26.86371,0
            128.2479,26.86377,0
            128.24813,26.86392,0
            128.24953,26.86491,0
            128.24955,26.86492,0
            128.2496,26.86496,0
            128.24971,26.86501,0
            128.24972,26.86502,0
            128.252,26.8666,0
            128.25206,26.86666,0
            128.25332,26.86753,0
            128.25355,26.86765,0
            128.25381,26.86776,0
            128.25411,26.86784,0
            128.25439,26.86787,0
            128.25464,26.86787,0
            128.25494,26.86784,0
            128.25522,26.86777,0
            128.25557,26.86762,0
            128.25588,26.86741,0
            128.25604,26.86728,0
            128.25685,26.86647,0
            128.25692,26.86638,0
            128.25702,26.86631,0
            128.25739,26.86594,0
            128.25747,26.86585,0
            128.2584,26.86491,0
            128.25888,26.86435,0
            128.25917,26.86397,0
            128.25959,26.86332,0
            128.26001,26.86262,0
            128.26013,26.86245,0
            128.26035,26.86202,0
            128.26049,26.86169,0
            128.2611,26.86,0
            128.26125,26.85951,0
            128.2613,26.85922,0
            128.2613,26.8591,0
            128.26131,26.85903,0
            128.26131,26.859,0
            128.26127,26.85886,0
            128.26125,26.85871,0
            128.2612,26.85846,0
            128.26115,26.85833,0
            128.26113,26.85823,0
            128.26105,26.85804,0
            128.26063,26.85734,0
            128.26054,26.85716,0
            128.26044,26.85699,0
            128.26025,26.85652,0
            128.26019,26.85631,0
            128.26037,26.8563,0
            128.26035,26.85625,0
            128.26035,26.85616,0
            128.26037,26.85612,0
            128.26038,26.85609,0
            128.26044,26.85603,0
            128.26053,26.85596,0
            128.26057,26.85594,0
            128.26064,26.85594,0
            128.26066,26.85595,0
            128.26074,26.85603,0
            128.26079,26.85609,0
            128.26085,26.85614,0
            128.26098,26.85622,0
            128.2612,26.85627,0
            128.26145,26.8564,0
            128.26148,26.85643,0
            128.26168,26.85658,0
            128.26179,26.85665,0
            128.26184,26.85667,0
            128.26201,26.85678,0
            128.26223,26.85699,0
            128.2623,26.85711,0
            128.26233,26.8571,0
            128.26238,26.85707,0
            128.26243,26.85705,0
            128.26255,26.85697,0
            128.26256,26.85696,0
            128.26257,26.85694,0
            128.26258,26.85693,0
            128.26258,26.85689,0
            128.26257,26.85687,0
            128.26258,26.85689,0
            128.26258,26.85693,0
            128.26257,26.85694,0
            128.26256,26.85696,0
            128.26255,26.85697,0
            128.26243,26.85705,0
            128.26238,26.85707,0
            128.26233,26.8571,0
            128.2623,26.85711,0
            128.26223,26.85699,0
            128.26201,26.85678,0
            128.26184,26.85667,0
            128.26179,26.85665,0
            128.26168,26.85658,0
            128.26148,26.85643,0
            128.26145,26.8564,0
            128.2612,26.85627,0
            128.26098,26.85622,0
            128.26085,26.85614,0
            128.26079,26.85609,0
            128.26074,26.85603,0
            128.26066,26.85595,0
            128.26064,26.85594,0
            128.26057,26.85594,0
            128.26053,26.85596,0
            128.26044,26.85603,0
            128.26038,26.85609,0
            128.26037,26.85612,0
            128.26035,26.85616,0
            128.26035,26.85625,0
            128.26037,26.8563,0
            128.26019,26.85631,0
            128.26019,26.85615,0
            128.26013,26.8559,0
            128.26006,26.85549,0
            128.26003,26.85537,0
            128.26003,26.85535,0
            128.25995,26.85501,0
            128.25993,26.85496,0
            128.25989,26.8548,0
            128.25976,26.85444,0
            128.25958,26.85408,0
            128.25945,26.85386,0
            128.25939,26.85379,0
            128.25934,26.85371,0
            128.25926,26.85361,0
            128.25923,26.85359,0
            128.25912,26.85345,0
            128.25885,26.85317,0
            128.25884,26.85315,0
            128.25864,26.85296,0
            128.25851,26.85286,0
            128.25847,26.85282,0
            128.25821,26.85263,0
            128.25819,26.85261,0
            128.25771,26.85227,0
            128.25744,26.85202,0
            128.2573,26.85184,0
            128.25722,26.85168,0
            128.25721,26.85164,0
            128.25716,26.8515,0
            128.25714,26.85127,0
            128.25715,26.85116,0
            128.25717,26.85106,0
            128.25727,26.85076,0
            128.2576,26.85,0
            128.25761,26.84999,0
            128.25792,26.84932,0
            128.25793,26.84928,0
            128.25799,26.84919,0
            128.258,26.84916,0
            128.25812,26.84898,0
            128.25819,26.8489,0
            128.25822,26.84885,0
            128.25834,26.84873,0
            128.25835,26.84871,0
            128.25863,26.84848,0
            128.25865,26.84847,0
            128.25878,26.84838,0
            128.25879,26.84837,0
            128.25887,26.84832,0
            128.25901,26.84825,0
            128.2592,26.84817,0
            128.2596,26.84804,0
            128.25971,26.84802,0
            128.2599,26.84797,0
            128.26137,26.84766,0
            128.26167,26.84761,0
            128.26212,26.8475,0
            128.26239,26.84742,0
            128.26263,26.84731,0
            128.26274,26.84724,0
            128.26278,26.84722,0
            128.26296,26.84709,0
            128.26303,26.84703,0
            128.26304,26.84701,0
            128.26316,26.84689,0
            128.2633,26.8467,0
            128.26336,26.84663,0
            128.26349,26.84634,0
            128.26355,26.84613,0
            128.26358,26.84594,0
            128.26358,26.84588,0
            128.26359,26.84586,0
            128.26359,26.84566,0
            128.26356,26.84521,0
            128.26351,26.84479,0
            128.2635,26.84461,0
            128.26342,26.8439,0
            128.26342,26.84385,0
            128.26337,26.84337,0
            128.26333,26.84319,0
            128.2633,26.8431,0
            128.26328,26.843,0
            128.26325,26.84292,0
            128.26323,26.84289,0
            128.26321,26.84284,0
            128.26312,26.84268,0
            128.2631,26.84266,0
            128.2631,26.84265,0
            128.26307,26.84262,0
            128.26301,26.84253,0
            128.26295,26.84247,0
            128.26291,26.84242,0
            128.2628,26.84233,0
            128.26273,26.84226,0
            128.26223,26.84187,0
            128.26217,26.84181,0
            128.26204,26.84165,0
            128.26199,26.84154,0
            128.26196,26.84149,0
            128.26195,26.84144,0
            128.26193,26.84138,0
            128.26192,26.84133,0
            128.26192,26.84127,0
            128.26191,26.84122,0
            128.26191,26.84111,0
            128.26195,26.84094,0
            128.26198,26.84086,0
            128.26206,26.84071,0
            128.26212,26.84064,0
            128.26222,26.84054,0
            128.26231,26.84047,0
            128.26239,26.84042,0
            128.26246,26.84039,0
            128.26253,26.84035,0
            128.26274,26.8403,0
            128.26298,26.84027,0
            128.26326,26.84025,0
            128.26356,26.84019,0
            128.26371,26.84015,0
            128.26376,26.84013,0
            128.26383,26.84011,0
            128.26389,26.84008,0
            128.2639,26.84008,0
            128.26409,26.83998,0
            128.26422,26.83989,0
            128.26423,26.83988,0
            128.26439,26.83977,0
            128.26454,26.83965,0
            128.2647,26.83954,0
            128.26478,26.83947,0
            128.26512,26.83921,0
            128.26516,26.83919,0
            128.26548,26.83893,0
            128.26591,26.83849,0
            128.26609,26.83825,0
            128.2661,26.83823,0
            128.26732,26.83654,0
            128.26734,26.83652,0
            128.26743,26.8364,0
            128.26746,26.83637,0
            128.26748,26.83634,0
            128.26755,26.83627,0
            128.26758,26.83623,0
            128.26761,26.83621,0
            128.26772,26.8361,0
            128.26785,26.83599,0
            128.26792,26.83595,0
            128.26799,26.8359,0
            128.26804,26.83588,0
            128.2681,26.83584,0
            128.26839,26.83571,0
            128.2684,26.83571,0
            128.26911,26.83541,0
            128.26912,26.8354,0
            128.26919,26.83536,0
            128.26926,26.83531,0
            128.26929,26.8353,0
            128.26935,26.83526,0
            128.26944,26.83518,0
            128.26947,26.83516,0
            128.26953,26.83509,0
            128.26957,26.83506,0
            128.26967,26.83495,0
            128.26978,26.83478,0
            128.26988,26.83459,0
            128.26988,26.83458,0
            128.26989,26.83455,0
            128.26992,26.83449,0
            128.27011,26.83384,0
            128.2702,26.83363,0
            128.27025,26.83354,0
            128.27027,26.83352,0
            128.27036,26.83338,0
            128.27064,26.83309,0
            128.27065,26.83309,0
            128.27079,26.83297,0
            128.27139,26.83253,0
            128.27141,26.83251,0
            128.27153,26.83243,0
            128.27168,26.83229,0
            128.2717,26.83226,0
            128.27174,26.83223,0
            128.27183,26.83213,0
            128.2719,26.83203,0
            128.27204,26.8318,0
            128.27206,26.83174,0
            128.27224,26.83142,0
            128.2723,26.83133,0
            128.27245,26.83114,0
            128.2726,26.83103,0
            128.27274,26.83095,0
            128.27286,26.83091,0
            128.27287,26.8309,0
            128.27294,26.83088,0
            128.27307,26.83086,0
            128.27327,26.83086,0
            128.27357,26.8309,0
            128.27398,26.83103,0
            128.27416,26.83107,0
            128.27418,26.83107,0
            128.27423,26.83108,0
            128.27444,26.83108,0
            128.27457,26.83105,0
            128.27458,26.83105,0
            128.2746,26.83104,0
            128.27464,26.83103,0
            128.27469,26.83101,0
            128.27476,26.83097,0
            128.27479,26.83096,0
            128.27488,26.83089,0
            128.27492,26.83087,0
            128.27507,26.83076,0
            128.27513,26.8307,0
            128.27531,26.83056,0
            128.27538,26.83052,0
            128.27543,26.83048,0
            128.27546,26.83047,0
            128.27548,26.83045,0
            128.27552,26.83044,0
            128.27555,26.83042,0
            128.27568,26.83038,0
            128.27571,26.83038,0
            128.27574,26.83037,0
            128.27578,26.83037,0
            128.27583,26.83036,0
            128.27594,26.83036,0
            128.276,26.83037,0
            128.27604,26.83037,0
            128.27612,26.83039,0
            128.27647,26.83053,0
            128.27683,26.83072,0
            128.27701,26.83078,0
            128.27702,26.83078,0
            128.27709,26.8308,0
            128.27718,26.83081,0
            128.27736,26.83081,0
            128.27755,26.83079,0
            128.27778,26.83075,0
            128.27797,26.83073,0
            128.27802,26.83072,0
            128.27816,26.83072,0
            128.2782,26.83073,0
            128.27826,26.83073,0
            128.27837,26.83076,0
            128.27841,26.83078,0
            128.27845,26.83079,0
            128.27855,26.83084,0
            128.27857,26.83086,0
            128.27859,26.83087,0
            128.27868,26.83094,0
            128.2788,26.83106,0
            128.27938,26.83177,0
            128.27945,26.83184,0
            128.27946,26.83184,0
            128.2796,26.83196,0
            128.27961,26.83198,0
            128.27968,26.83202,0
            128.27973,26.83206,0
            128.27976,26.83207,0
            128.27982,26.83211,0
            128.27988,26.83214,0
            128.27992,26.83217,0
            128.27995,26.83218,0
            128.28003,26.83222,0
            128.28011,26.83225,0
            128.28012,26.83226,0
            128.28023,26.8323,0
            128.28029,26.83231,0
            128.28035,26.83233,0
            128.28053,26.83237,0
            128.28067,26.83239,0
            128.28072,26.83239,0
            128.28077,26.8324,0
            128.28125,26.8324,0
            128.28166,26.83238,0
            128.28174,26.83237,0
            128.28179,26.83237,0
            128.28187,26.83236,0
            128.28195,26.83236,0
            128.28207,26.83234,0
            128.28214,26.83232,0
            128.28215,26.83232,0
            128.28224,26.8323,0
            128.2823,26.83227,0
            128.28236,26.83225,0
            128.28238,26.83223,0
            128.28241,26.83222,0
            128.28247,26.83219,0
            128.28249,26.83217,0
            128.2826,26.83209,0
            128.28269,26.832,0
            128.28272,26.83196,0
            128.28288,26.83169,0
            128.28299,26.83144,0
            128.28306,26.83131,0
            128.28312,26.83123,0
            128.28315,26.8312,0
            128.28317,26.83117,0
            128.28318,26.83117,0
            128.2832,26.83114,0
            128.28332,26.83104,0
            128.28339,26.83101,0
            128.28346,26.83097,0
            128.28361,26.83093,0
            128.28372,26.83091,0
            128.28389,26.83091,0
            128.28392,26.83092,0
            128.28404,26.83094,0
            128.28416,26.83099,0
            128.28417,26.83099,0
            128.28431,26.83108,0
            128.28445,26.83123,0
            128.28451,26.83133,0
            128.28453,26.8314,0
            128.28455,26.83144,0
            128.28463,26.83175,0
            128.28466,26.83183,0
            128.28467,26.83187,0
            128.28469,26.8319,0
            128.28473,26.83199,0
            128.28481,26.83211,0
            128.28495,26.83223,0
            128.28504,26.83228,0
            128.28509,26.8323,0
            128.2851,26.83232,0
            128.28541,26.83242,0
            128.28611,26.8326,0
            128.28649,26.83272,0
            128.28661,26.83278,0
            128.2867,26.83284,0
            128.28682,26.83294,0
            128.28709,26.83328,0
            128.28716,26.83341,0
            128.28722,26.8335,0
            128.28728,26.83368,0
            128.28729,26.83373,0
            128.28729,26.83396,0
            128.28728,26.83403,0
            128.28726,26.83409,0
            128.28725,26.83411,0
            128.28724,26.83416,0
            128.28719,26.8343,0
            128.2871,26.83446,0
            128.28702,26.83458,0
            128.287,26.83462,0
            128.28689,26.83477,0
            128.28687,26.83479,0
            128.28679,26.83491,0
            128.28664,26.83519,0
            128.28654,26.83542,0
            128.28652,26.8355,0
            128.28652,26.83556,0
            128.28651,26.83561,0
            128.28651,26.83577,0
            128.28652,26.83581,0
            128.28652,26.83588,0
            128.28655,26.83598,0
            128.28655,26.83601,0
            128.28657,26.83607,0
            128.2866,26.83613,0
            128.28661,26.83616,0
            128.28661,26.83617,0
            128.28669,26.83632,0
            128.2868,26.83647,0
            128.2868,26.83648,0
            128.28698,26.83669,0
            128.28727,26.83696,0
            128.28756,26.8372,0
            128.28775,26.8374,0
            128.28776,26.83743,0
            128.28778,26.83747,0
            128.28784,26.83755,0
            128.2879,26.83767,0
            128.28811,26.83823,0
            128.28812,26.83828,0
            128.28822,26.83849,0
            128.28826,26.83854,0
            128.28834,26.83868,0
            128.28846,26.83882,0
            128.28847,26.83884,0
            128.28869,26.83904,0
            128.28888,26.83917,0
            128.28919,26.83932,0
            128.2918,26.84021,0
            128.29241,26.84049,0
            128.29259,26.84059,0
            128.29267,26.84065,0
            128.29278,26.84071,0
            128.29278,26.84072,0
            128.29299,26.84084,0
            128.29312,26.8409,0
            128.29317,26.84093,0
            128.29347,26.84104,0
            128.29364,26.84109,0
            128.29382,26.84113,0
            128.2941,26.84121,0
            128.29424,26.84126,0
            128.29444,26.84135,0
            128.29473,26.84153,0
            128.29477,26.84155,0
            128.29539,26.84203,0
            128.29544,26.84208,0
            128.29581,26.84238,0
            128.2959,26.84244,0
            128.29619,26.84268,0
            128.29639,26.84283,0
            128.29647,26.8429,0
            128.29663,26.84301,0
            128.29676,26.84307,0
            128.2969,26.8431,0
            128.29694,26.8431,0
            128.29698,26.84311,0
            128.29703,26.8431,0
            128.29706,26.8431,0
            128.2971,26.84309,0
            128.29712,26.84309,0
            128.2972,26.84307,0
            128.29728,26.84302,0
            128.29729,26.84302,0
            128.29731,26.843,0
            128.29733,26.84299,0
            128.29735,26.84297,0
            128.29736,26.84297,0
            128.29737,26.84295,0
            128.29739,26.84294,0
            128.29744,26.84287,0
            128.29746,26.84282,0
            128.29747,26.84281,0
            128.29749,26.84274,0
            128.29749,26.84269,0
            128.2975,26.84265,0
            128.2975,26.84261,0
            128.29749,26.84258,0
            128.29749,26.84255,0
            128.29748,26.84253,0
            128.29746,26.84245,0
            128.2974,26.84232,0
            128.29704,26.84176,0
            128.29703,26.84175,0
            128.29696,26.84159,0
            128.29685,26.84112,0
            128.29683,26.84089,0
            128.29681,26.8404,0
            128.2968,26.8394,0
            128.29678,26.83918,0
            128.29677,26.83914,0
            128.29677,26.83912,0
            128.29676,26.83905,0
            128.29672,26.83895,0
            128.29671,26.8389,0
            128.29661,26.83871,0
            128.29644,26.83843,0
            128.29641,26.83835,0
            128.2964,26.8383,0
            128.2964,26.83829,0
            128.29638,26.8382,0
            128.29638,26.83809,0
            128.29639,26.83804,0
            128.29642,26.83796,0
            128.29665,26.83745,0
            128.29673,26.83722,0
            128.29682,26.83687,0
            128.29683,26.8368,0
            128.29689,26.83665,0
            128.29691,26.83662,0
            128.29702,26.83649,0
            128.29707,26.83645,0
            128.29709,26.83644,0
            128.29715,26.83639,0
            128.29731,26.83628,0
            128.29734,26.83625,0
            128.29738,26.83622,0
            128.2974,26.8362,0
            128.29742,26.83617,0
            128.29747,26.83612,0
            128.2975,26.83606,0
            128.2975,26.83604,0
            128.29752,26.83602,0
            128.29752,26.836,0
            128.29754,26.83596,0
            128.29756,26.83589,0
            128.29758,26.83585,0
            128.29763,26.83572,0
            128.29764,26.83567,0
            128.29771,26.83552,0
            128.29778,26.8354,0
            128.29788,26.83527,0
            128.29797,26.83518,0
            128.29799,26.83515,0
            128.29802,26.83512,0
            128.29821,26.83498,0
            128.2984,26.83488,0
            128.29912,26.8346,0
            128.29913,26.8346,0
            128.29959,26.83443,0
            128.29971,26.83441,0
            128.29978,26.83439,0
            128.29988,26.83439,0
            128.30004,26.83441,0
            128.30007,26.83441,0
            128.30012,26.83442,0
            128.30024,26.83446,0
            128.30032,26.8345,0
            128.30054,26.83463,0
            128.30099,26.83498,0
            128.30102,26.83499,0
            128.30105,26.83501,0
            128.30108,26.83502,0
            128.30109,26.83502,0
            128.30112,26.83503,0
            128.30128,26.83503,0
            128.3013,26.83504,0
            128.30135,26.83505,0
            128.30139,26.83505,0
            128.30142,26.83506,0
            128.30146,26.83505,0
            128.30153,26.83505,0
            128.30155,26.83504,0
            128.30158,26.83504,0
            128.30168,26.83501,0
            128.30171,26.83499,0
            128.30174,26.83498,0
            128.30183,26.83492,0
            128.30186,26.83489,0
            128.30192,26.83485,0
            128.30192,26.83484,0
            128.30201,26.83475,0
            128.30254,26.83401,0
            128.30255,26.83399,0
            128.30276,26.83368,0
            128.30284,26.83353,0
            128.30284,26.83352,0
            128.30287,26.83344,0
            128.30288,26.8334,0
            128.30288,26.83324,0
            128.30285,26.83309,0
            128.30282,26.83299,0
            128.30267,26.83269,0
            128.30262,26.83256,0
            128.3026,26.83252,0
            128.30256,26.8324,0
            128.30254,26.83229,0
            128.30254,26.83204,0
            128.30262,26.83136,0
            128.30268,26.83102,0
            128.30268,26.831,0
            128.30271,26.83092,0
            128.30273,26.83084,0
            128.30274,26.83083,0
            128.30278,26.83074,0
            128.3028,26.83068,0
            128.30282,26.83066,0
            128.30286,26.83059,0
            128.30289,26.83055,0
            128.30294,26.83046,0
            128.30327,26.83002,0
            128.3033,26.82996,0
            128.30333,26.82993,0
            128.30342,26.82977,0
            128.30344,26.82972,0
            128.30348,26.82958,0
            128.30349,26.82951,0
            128.30348,26.8289,0
            128.30352,26.82871,0
            128.30387,26.82792,0
            128.30389,26.82786,0
            128.30397,26.82771,0
            128.304,26.82764,0
            128.304,26.82763,0
            128.30401,26.82762,0
            128.30409,26.82747,0
            128.3041,26.82744,0
            128.30438,26.827,0
            128.30449,26.82685,0
            128.30451,26.82681,0
            128.30467,26.82659,0
            128.3047,26.82654,0
            128.30481,26.82639,0
            128.30482,26.82637,0
            128.30536,26.82568,0
            128.30547,26.82552,0
            128.3055,26.82549,0
            128.30554,26.8254,0
            128.30561,26.82529,0
            128.30595,26.82456,0
            128.30596,26.82455,0
            128.30598,26.8245,0
            128.30598,26.82448,0
            128.30599,26.82446,0
            128.30599,26.82443,0
            128.30604,26.82414,0
            128.30606,26.8241,0
            128.3062,26.82389,0
            128.30628,26.82381,0
            128.30638,26.82374,0
            128.30676,26.82351,0
            128.30681,26.82347,0
            128.30692,26.82341,0
            128.30693,26.82341,0
            128.30697,26.82339,0
            128.30703,26.82337,0
            128.30709,26.82336,0
            128.30712,26.82335,0
            128.30891,26.82313,0
            128.30895,26.82313,0
            128.30933,26.82306,0
            128.30961,26.82299,0
            128.31018,26.82281,0
            128.31024,26.82278,0
            128.3103,26.82276,0
            128.31034,26.82274,0
            128.31036,26.82272,0
            128.31037,26.82272,0
            128.31043,26.82268,0
            128.31045,26.82266,0
            128.31048,26.82264,0
            128.31053,26.82259,0
            128.31054,26.82257,0
            128.3106,26.82251,0
            128.31064,26.82245,0
            128.31072,26.8223,0
            128.31074,26.82222,0
            128.31086,26.82194,0
            128.31091,26.82186,0
            128.31116,26.82156,0
            128.31142,26.82137,0
            128.31172,26.82121,0
            128.31186,26.82117,0
            128.31191,26.82115,0
            128.3129,26.82089,0
            128.31317,26.8208,0
            128.31333,26.82073,0
            128.31355,26.8206,0
            128.31378,26.82041,0
            128.31393,26.82023,0
            128.31406,26.81995,0
            128.31406,26.81994,0
            128.31412,26.81973,0
            128.31444,26.81834,0
            128.31445,26.81826,0
            128.31454,26.81793,0
            128.31458,26.81782,0
            128.31459,26.81778,0
            128.31461,26.81776,0
            128.31462,26.81772,0
            128.31464,26.8177,0
            128.31464,26.81769,0
            128.31466,26.81766,0
            128.31469,26.81763,0
            128.31476,26.81754,0
            128.31479,26.81752,0
            128.31482,26.81749,0
            128.31488,26.81745,0
            128.3149,26.81743,0
            128.315,26.81737,0
            128.31524,26.8172,0
            128.31533,26.81712,0
            128.31535,26.81711,0
            128.31537,26.81708,0
            128.31541,26.81704,0
            128.31543,26.81701,0
            128.31545,26.81699,0
            128.31546,26.81696,0
            128.31548,26.81694,0
            128.31552,26.81686,0
            128.31552,26.81684,0
            128.31555,26.81676,0
            128.31556,26.81669,0
            128.31557,26.81667,0
            128.31557,26.81655,0
            128.31558,26.81649,0
            128.31557,26.81601,0
            128.31558,26.81599,0
            128.31558,26.81596,0
            128.31559,26.81592,0
            128.31559,26.81589,0
            128.31564,26.81568,0
            128.31566,26.81563,0
            128.31567,26.81558,0
            128.31571,26.81546,0
            128.31573,26.81536,0
            128.31608,26.81424,0
            128.31611,26.81412,0
            128.31613,26.81407,0
            128.31633,26.8134,0
            128.31633,26.81337,0
            128.3164,26.81319,0
            128.31643,26.81314,0
            128.31643,26.81313,0
            128.31653,26.81299,0
            128.31657,26.81296,0
            128.31662,26.81291,0
            128.31667,26.81289,0
            128.3167,26.81287,0
            128.31671,26.81286,0
            128.31675,26.81284,0
            128.3168,26.81283,0
            128.31684,26.81281,0
            128.31697,26.81279,0
            128.317,26.81279,0
            128.31703,26.81278,0
            128.31708,26.81279,0
            128.31712,26.81279,0
            128.3173,26.81282,0
            128.31747,26.81288,0
            128.31775,26.81303,0
            128.31806,26.81316,0
            128.3183,26.8132,0
            128.31851,26.81317,0
            128.31856,26.81315,0
            128.31867,26.81309,0
            128.31868,26.81309,0
            128.31875,26.81304,0
            128.31885,26.81294,0
            128.31893,26.81282,0
            128.31898,26.81268,0
            128.31898,26.81264,0
            128.31899,26.81263,0
            128.31899,26.8125,0
            128.31897,26.81244,0
            128.31896,26.81237,0
            128.31892,26.81226,0
            128.3188,26.81203,0
            128.31873,26.81192,0
            128.31802,26.81066,0
            128.31787,26.81042,0
            128.31764,26.81,0
            128.31763,26.80999,0
            128.31754,26.80983,0
            128.31747,26.80962,0
            128.31747,26.80955,0
            128.31748,26.80947,0
            128.3175,26.8094,0
            128.3175,26.80939,0
            128.31752,26.80935,0
            128.31754,26.80929,0
            128.31767,26.80905,0
            128.31772,26.80889,0
            128.31773,26.80882,0
            128.31769,26.80857,0
            128.31739,26.80786,0
            128.31739,26.80785,0
            128.3172,26.80739,0
            128.31683,26.80626,0
            128.31683,26.80625,0
            128.3168,26.80613,0
            128.3168,26.80595,0
            128.31681,26.80592,0
            128.31681,26.80588,0
            128.31683,26.80579,0
            128.31684,26.80577,0
            128.31685,26.80573,0
            128.3169,26.80563,0
            128.31691,26.8056,0
            128.31694,26.80554,0
            128.317,26.80545,0
            128.31729,26.80493,0
            128.31732,26.8049,0
            128.31749,26.80459,0
            128.3175,26.80458,0
            128.31754,26.80452,0
            128.31758,26.80443,0
            128.31762,26.80436,0
            128.31765,26.80432,0
            128.31768,26.80425,0
            128.31768,26.80424,0
            128.31772,26.80416,0
            128.31772,26.80414,0
            128.31774,26.80411,0
            128.31776,26.80405,0
            128.31779,26.80391,0
            128.31779,26.80387,0
            128.31781,26.80378,0
            128.31781,26.8037,0
            128.31782,26.80364,0
            128.31784,26.80328,0
            128.31785,26.8032,0
            128.31784,26.80309,0
            128.31784,26.80303,0
            128.31782,26.80291,0
            128.31776,26.80267,0
            128.31771,26.80251,0
            128.3177,26.80242,0
            128.3177,26.80234,0
            128.31771,26.80227,0
            128.31773,26.8022,0
            128.31783,26.80201,0
            128.31803,26.80172,0
            128.31812,26.80155,0
            128.31818,26.80137,0
            128.3182,26.80121,0
            128.3182,26.8005,0
            128.31822,26.80026,0
            128.31826,26.80012,0
            128.31827,26.80006,0
            128.31852,26.79944,0
            128.31856,26.79937,0
            128.31862,26.79922,0
            128.31866,26.79914,0
            128.31868,26.79911,0
            128.3187,26.79906,0
            128.31899,26.79865,0
            128.319,26.79865,0
            128.31904,26.79857,0
            128.31908,26.79844,0
            128.31909,26.79839,0
            128.31909,26.79826,0
            128.31905,26.79813,0
            128.31903,26.79809,0
            128.31891,26.79794,0
            128.31889,26.79793,0
            128.31883,26.79787,0
            128.31859,26.79769,0
            128.31857,26.79769,0
            128.31843,26.79758,0
            128.3178,26.79718,0
            128.31776,26.79716,0
            128.31769,26.79711,0
            128.31763,26.79708,0
            128.31762,26.79707,0
            128.31751,26.797,0
            128.31744,26.79694,0
            128.31738,26.7969,0
            128.31718,26.79666,0
            128.31706,26.79645,0
            128.31698,26.79611,0
            128.31698,26.79592,0
            128.31699,26.7959,0
            128.31705,26.79542,0
            128.31705,26.79515,0
            128.31703,26.79502,0
            128.31703,26.795,0
            128.31696,26.79465,0
            128.31691,26.79448,0
            128.31689,26.79437,0
            128.3168,26.79403,0
            128.31668,26.79339,0
            128.31668,26.79335,0
            128.3166,26.79284,0
            128.3166,26.7928,0
            128.31656,26.79248,0
            128.31655,26.79244,0
            128.31653,26.79226,0
            128.31653,26.79222,0
            128.31652,26.79221,0
            128.31651,26.79196,0
            128.31652,26.7919,0
            128.31652,26.79184,0
            128.31653,26.79178,0
            128.31653,26.79173,0
            128.31654,26.79168,0
            128.31654,26.79166,0
            128.31659,26.79149,0
            128.31661,26.79144,0
            128.31664,26.79139,0
            128.31665,26.79135,0
            128.31667,26.79132,0
            128.31668,26.79129,0
            128.31675,26.79117,0
            128.31676,26.79116,0
            128.3168,26.79108,0
            128.31706,26.79074,0
            128.31709,26.79071,0
            128.31732,26.79042,0
            128.31739,26.79032,0
            128.31743,26.79025,0
            128.31747,26.79016,0
            128.31748,26.79015,0
            128.31754,26.78996,0
            128.31756,26.78987,0
            128.31756,26.7896,0
            128.31755,26.78957,0
            128.31752,26.78926,0
            128.31751,26.78924,0
            128.3175,26.78918,0
            128.31748,26.78913,0
            128.31747,26.78908,0
            128.31746,26.78907,0
            128.31745,26.78904,0
            128.31738,26.78893,0
            128.31728,26.78881,0
            128.31724,26.78877,0
            128.31722,26.78876,0
            128.31709,26.78865,0
            128.31643,26.78829,0
            128.31637,26.78825,0
            128.31631,26.7882,0
            128.3163,26.7882,0
            128.31625,26.78816,0
            128.31621,26.78812,0
            128.31616,26.78808,0
            128.31614,26.78807,0
            128.31604,26.78796,0
            128.31588,26.78774,0
            128.31579,26.78754,0
            128.31577,26.78746,0
            128.31576,26.78745,0
            128.31572,26.78724,0
            128.31561,26.78598,0
            128.31561,26.78588,0
            128.31562,26.78577,0
            128.31562,26.78567,0
            128.31567,26.78549,0
            128.3157,26.78544,0
            128.31572,26.78539,0
            128.3158,26.78526,0
            128.31585,26.7852,0
            128.31594,26.78512,0
            128.31607,26.78503,0
            128.31631,26.78492,0
            128.31651,26.78488,0
            128.31661,26.78487,0
            128.31664,26.78486,0
            128.3167,26.78486,0
            128.31679,26.78485,0
            128.31696,26.78485,0
            128.31785,26.7848,0
            128.31798,26.7848,0
            128.31822,26.78477,0
            128.31849,26.78471,0
            128.31885,26.78459,0
            128.31978,26.78424,0
            128.31985,26.7842,0
            128.31995,26.78413,0
            128.32008,26.784,0
            128.32012,26.78395,0
            128.3202,26.7838,0
            128.32025,26.78362,0
            128.32025,26.78357,0
            128.32026,26.78351,0
            128.32026,26.78338,0
            128.32024,26.78314,0
            128.32025,26.78288,0
            128.32026,26.78283,0
            128.32028,26.78279,0
            128.32029,26.78273,0
            128.32035,26.78255,0
            128.32044,26.78238,0
            128.32046,26.78233,0
            128.32049,26.78229,0
            128.3207,26.78192,0
            128.32094,26.78162,0
            128.32097,26.7816,0
            128.32108,26.78149,0
            128.32163,26.78104,0
            128.3217,26.781,0
            128.32187,26.78093,0
            128.32192,26.78092,0
            128.32196,26.78092,0
            128.32202,26.78091,0
            128.32218,26.78091,0
            128.32232,26.78093,0
            128.32241,26.78096,0
            128.32251,26.78098,0
            128.32256,26.781,0
            128.32259,26.781,0
            128.32272,26.78104,0
            128.32278,26.78104,0
            128.32284,26.78105,0
            128.3229,26.78105,0
            128.32294,26.78104,0
            128.32298,26.78104,0
            128.32312,26.78101,0
            128.32318,26.78098,0
            128.32322,26.78097,0
            128.32327,26.78094,0
            128.3233,26.78093,0
            128.32339,26.78088,0
            128.32344,26.78084,0
            128.32421,26.78037,0
            128.32422,26.78036,0
            128.32433,26.78029,0
            128.32448,26.78017,0
            128.32456,26.78009,0
            128.32464,26.77999,0
            128.32466,26.77994,0
            128.32467,26.77993,0
            128.32469,26.7799,0
            128.32475,26.77974,0
            128.32477,26.77965,0
            128.32477,26.77962,0
            128.32481,26.77937,0
            128.32483,26.77913,0
            128.32492,26.77843,0
            128.32493,26.77811,0
            128.32491,26.77805,0
            128.32489,26.77796,0
            128.32487,26.7779,0
            128.32484,26.77786,0
            128.32482,26.77781,0
            128.32479,26.77778,0
            128.32473,26.7777,0
            128.32462,26.77761,0
            128.32454,26.77756,0
            128.32446,26.77753,0
            128.32445,26.77752,0
            128.32437,26.77749,0
            128.32428,26.77747,0
            128.3236,26.77739,0
            128.32356,26.77739,0
            128.3234,26.77737,0
            128.32334,26.77737,0
            128.3231,26.77734,0
            128.3228,26.77728,0
            128.32262,26.77719,0
            128.32255,26.77714,0
            128.32251,26.77712,0
            128.32228,26.77687,0
            128.32218,26.77674,0
            128.3221,26.77665,0
            128.32199,26.7765,0
            128.32191,26.77635,0
            128.3218,26.77606,0
            128.32168,26.77569,0
            128.32157,26.77549,0
            128.32143,26.77527,0
            128.32142,26.77526,0
            128.32141,26.77523,0
            128.32137,26.77518,0
            128.32131,26.77512,0
            128.32129,26.77509,0
            128.32126,26.77507,0
            128.32121,26.77502,0
            128.32115,26.77498,0
            128.32112,26.77495,0
            128.32101,26.7749,0
            128.32094,26.77486,0
            128.32082,26.77482,0
            128.32073,26.7748,0
            128.32069,26.7748,0
            128.3206,26.77479,0
            128.32045,26.77479,0
            128.32028,26.77482,0
            128.32025,26.77482,0
            128.32017,26.77485,0
            128.31992,26.77492,0
            128.31987,26.77494,0
            128.31983,26.77495,0
            128.3198,26.77495,0
            128.31973,26.77497,0
            128.31967,26.77497,0
            128.31965,26.77498,0
            128.31946,26.77498,0
            128.31886,26.77489,0
            128.31872,26.77489,0
            128.31855,26.77491,0
            128.31845,26.77493,0
            128.31813,26.77497,0
            128.31808,26.77497,0
            128.31802,26.77498,0
            128.31788,26.77498,0
            128.31778,26.77496,0
            128.31774,26.77496,0
            128.31768,26.77494,0
            128.31758,26.77492,0
            128.3175,26.77489,0
            128.31742,26.77487,0
            128.31716,26.77477,0
            128.31715,26.77476,0
            128.3169,26.77469,0
            128.31672,26.77469,0
            128.31657,26.77472,0
            128.31645,26.77478,0
            128.31631,26.77488,0
            128.31624,26.77494,0
            128.31613,26.77506,0
            128.31607,26.7751,0
            128.31605,26.77512,0
            128.31589,26.77521,0
            128.3157,26.77526,0
            128.31564,26.77527,0
            128.31475,26.77524,0
            128.3147,26.77523,0
            128.31451,26.77521,0
            128.31444,26.77519,0
            128.31442,26.77519,0
            128.31429,26.77515,0
            128.31425,26.77513,0
            128.31424,26.77513,0
            128.31408,26.77504,0
            128.31406,26.77502,0
            128.31399,26.77497,0
            128.31385,26.77483,0
            128.31381,26.77477,0
            128.3131,26.77398,0
            128.3129,26.77368,0
            128.3128,26.77351,0
            128.31274,26.77338,0
            128.31271,26.77323,0
            128.31271,26.77312,0
            128.31272,26.77302,0
            128.31277,26.77285,0
            128.31279,26.77282,0
            128.31281,26.77277,0
            128.31286,26.77269,0
            128.31287,26.77268,0
            128.3129,26.77263,0
            128.31308,26.77241,0
            128.3131,26.7724,0
            128.31312,26.77237,0
            128.31317,26.77232,0
            128.3133,26.77213,0
            128.31337,26.77193,0
            128.31337,26.77192,0
            128.31339,26.77185,0
            128.31339,26.77178,0
            128.3134,26.77171,0
            128.3134,26.77167,0
            128.31339,26.7716,0
            128.31335,26.77145,0
            128.31332,26.77137,0
            128.31327,26.77129,0
            128.31323,26.77124,0
            128.31318,26.77116,0
            128.31305,26.77101,0
            128.3129,26.77086,0
            128.31274,26.77067,0
            128.31266,26.77056,0
            128.31261,26.77045,0
            128.31256,26.77031,0
            128.31253,26.77015,0
            128.31249,26.76981,0
            128.31249,26.76977,0
            128.31245,26.76943,0
            128.31244,26.76925,0
            128.31237,26.7686,0
            128.31237,26.76841,0
            128.31238,26.76837,0
            128.31238,26.76834,0
            128.31242,26.7682,0
            128.3125,26.76803,0
            128.31257,26.76794,0
            128.31261,26.76787,0
            128.31265,26.76783,0
            128.3128,26.76764,0
            128.31284,26.76758,0
            128.31287,26.76755,0
            128.31292,26.76745,0
            128.31294,26.76742,0
            128.31296,26.76736,0
            128.31298,26.76732,0
            128.31301,26.76722,0
            128.31302,26.76716,0
            128.31302,26.76711,0
            128.31303,26.76706,0
            128.31303,26.76701,0
            128.31302,26.76697,0
            128.31302,26.76693,0
            128.31298,26.76676,0
            128.31298,26.76674,0
            128.31296,26.7667,0
            128.31278,26.76617,0
            128.31278,26.76615,0
            128.31277,26.76613,0
            128.31275,26.76605,0
            128.31275,26.76601,0
            128.31274,26.76595,0
            128.31274,26.76591,0
            128.31275,26.76586,0
            128.31275,26.76583,0
            128.31277,26.76567,0
            128.31278,26.76565,0
            128.31286,26.7653,0
            128.31294,26.7648,0
            128.31296,26.76454,0
            128.31298,26.76442,0
            128.31299,26.76404,0
            128.31298,26.76392,0
            128.31283,26.76317,0
            128.31283,26.76316,0
            128.31278,26.763,0
            128.31277,26.76298,0
            128.31276,26.76294,0
            128.31265,26.76275,0
            128.31259,26.76267,0
            128.31247,26.76248,0
            128.31242,26.76238,0
            128.3124,26.76235,0
            128.31239,26.76234,0
            128.31228,26.76205,0
            128.31217,26.76182,0
            128.31212,26.76175,0
            128.31208,26.76172,0
            128.31203,26.76167,0
            128.3119,26.76159,0
            128.31178,26.76156,0
            128.31174,26.76156,0
            128.31171,26.76155,0
            128.31165,26.76155,0
            128.31161,26.76156,0
            128.31159,26.76156,0
            128.31153,26.76157,0
            128.31138,26.76161,0
            128.31087,26.76183,0
            128.3105,26.76197,0
            128.31012,26.76208,0
            128.31001,26.76212,0
            128.30897,26.76242,0
            128.30874,26.76245,0
            128.30853,26.76244,0
            128.30838,26.76239,0
            128.30826,26.76234,0
            128.30818,26.76229,0
            128.30813,26.76225,0
            128.30808,26.7622,0
            128.30806,26.76217,0
            128.30804,26.76215,0
            128.30796,26.76202,0
            128.30791,26.76188,0
            128.3079,26.76182,0
            128.3079,26.76166,0
            128.30791,26.76158,0
            128.30797,26.76138,0
            128.308,26.76132,0
            128.30813,26.76097,0
            128.30818,26.76074,0
            128.30818,26.76061,0
            128.30813,26.76042,0
            128.30808,26.7603,0
            128.30805,26.76027,0
            128.30799,26.76019,0
            128.30795,26.76016,0
            128.30789,26.7601,0
            128.30785,26.76008,0
            128.30779,26.76004,0
            128.30761,26.75997,0
            128.30759,26.75997,0
            128.30749,26.75994,0
            128.30738,26.75993,0
            128.30728,26.75993,0
            128.30703,26.75996,0
            128.30658,26.76005,0
            128.30645,26.76009,0
            128.30635,26.76013,0
            128.3062,26.76021,0
            128.30578,26.76055,0
            128.30561,26.76067,0
            128.30555,26.7607,0
            128.30553,26.76072,0
            128.30551,26.76072,0
            128.30547,26.76074,0
            128.30539,26.76077,0
            128.30534,26.76078,0
            128.30533,26.76079,0
            128.3053,26.7608,0
            128.30526,26.7608,0
            128.30518,26.76082,0
            128.30484,26.7608,0
            128.30437,26.7607,0
            128.30434,26.7607,0
            128.30414,26.76066,0
            128.30387,26.76059,0
            128.30368,26.76051,0
            128.30354,26.76043,0
            128.30335,26.76025,0
            128.30331,26.7602,0
            128.30328,26.76015,0
            128.30327,26.76014,0
            128.30294,26.75967,0
            128.30283,26.75949,0
            128.30276,26.75932,0
            128.30274,26.75925,0
            128.30274,26.75902,0
            128.30276,26.75896,0
            128.3028,26.75873,0
            128.3028,26.75867,0
            128.30277,26.75857,0
            128.30273,26.75848,0
            128.30268,26.75841,0
            128.30264,26.75837,0
            128.30262,26.75836,0
            128.3026,26.75834,0
            128.30255,26.75831,0
            128.30233,26.75823,0
            128.30229,26.75821,0
            128.30222,26.75819,0
            128.3021,26.75814,0
            128.30208,26.75812,0
            128.302,26.75807,0
            128.30196,26.75803,0
            128.30192,26.758,0
            128.30183,26.75791,0
            128.30181,26.75788,0
            128.30171,26.75767,0
            128.30169,26.75761,0
            128.30147,26.75712,0
            128.30092,26.75602,0
            128.30085,26.75586,0
            128.30083,26.75577,0
            128.30081,26.75571,0
            128.30081,26.75567,0
            128.3008,26.75563,0
            128.3008,26.75556,0
            128.30081,26.75553,0
            128.30081,26.75549,0
            128.30082,26.75541,0
            128.30086,26.75528,0
            128.301,26.75504,0
            128.30106,26.75488,0
            128.30109,26.75475,0
            128.30109,26.75471,0
            128.3011,26.75463,0
            128.30108,26.75445,0
            128.30106,26.75437,0
            128.30101,26.75424,0
            128.30089,26.75398,0
            128.30085,26.75387,0
            128.30082,26.75372,0
            128.30081,26.75371,0
            128.30073,26.75295,0
            128.30061,26.75226,0
            128.30061,26.75219,0
            128.30058,26.752,0
            128.30058,26.75197,0
            128.30053,26.7518,0
            128.30053,26.75178,0
            128.30047,26.75166,0
            128.30039,26.75153,0
            128.30035,26.75148,0
            128.30034,26.75146,0
            128.30024,26.75135,0
            128.30002,26.75118,0
            128.29992,26.75112,0
            128.2997,26.75103,0
            128.29956,26.751,0
            128.29953,26.75099,0
            128.29933,26.75097,0
            128.29922,26.75097,0
            128.29897,26.75099,0
            128.29821,26.75121,0
            128.29802,26.75125,0
            128.29797,26.75125,0
            128.2979,26.75126,0
            128.29781,26.75126,0
            128.29765,26.75124,0
            128.29758,26.75122,0
            128.29748,26.75118,0
            128.2974,26.75112,0
            128.29739,26.75112,0
            128.29727,26.75101,0
            128.29717,26.75088,0
            128.29709,26.75071,0
            128.29699,26.75045,0
            128.29685,26.75017,0
            128.29676,26.75002,0
            128.29676,26.75001,0
            128.29665,26.74989,0
            128.29663,26.74988,0
            128.29658,26.74983,0
            128.2965,26.74978,0
            128.29647,26.74977,0
            128.29639,26.74973,0
            128.29621,26.74966,0
            128.29547,26.74942,0
            128.29528,26.74934,0
            128.29525,26.74932,0
            128.29518,26.74929,0
            128.29512,26.74923,0
            128.29508,26.7492,0
            128.29504,26.74915,0
            128.295,26.74911,0
            128.29497,26.74906,0
            128.29487,26.74894,0
            128.29478,26.74886,0
            128.29469,26.74881,0
            128.29465,26.74878,0
            128.2945,26.74874,0
            128.29445,26.74874,0
            128.2944,26.74873,0
            128.29417,26.74873,0
            128.2941,26.74874,0
            128.29328,26.74879,0
            128.29309,26.74879,0
            128.29305,26.74878,0
            128.29291,26.74873,0
            128.29285,26.7487,0
            128.29282,26.74869,0
            128.2928,26.74867,0
            128.29279,26.74867,0
            128.29277,26.74865,0
            128.29274,26.74863,0
            128.29263,26.74852,0
            128.29261,26.74849,0
            128.29259,26.74847,0
            128.29258,26.74844,0
            128.29256,26.74841,0
            128.29255,26.74837,0
            128.29252,26.74831,0
            128.29247,26.74811,0
            128.2924,26.74791,0
            128.29233,26.74777,0
            128.29225,26.74765,0
            128.29213,26.74752,0
            128.29209,26.74749,0
            128.29203,26.74743,0
            128.29184,26.74721,0
            128.2916,26.74689,0
            128.29126,26.74639,0
            128.29114,26.74625,0
            128.29104,26.74616,0
            128.29087,26.74605,0
            128.29064,26.74598,0
            128.29057,26.74598,0
            128.29049,26.74597,0
            128.2903,26.74599,0
            128.29009,26.74604,0
            128.28974,26.74618,0
            128.28955,26.74624,0
            128.28928,26.7463,0
            128.2891,26.74631,0
            128.28885,26.74631,0
            128.28835,26.74627,0
            128.288,26.74619,0
            128.28647,26.74552,0
            128.28643,26.74549,0
            128.28626,26.74539,0
            128.28607,26.74522,0
            128.286,26.74513,0
            128.28598,26.74509,0
            128.28595,26.74505,0
            128.28589,26.74494,0
            128.2858,26.74467,0
            128.28578,26.74463,0
            128.28547,26.74357,0
            128.28544,26.74343,0
            128.28544,26.74325,0
            128.28546,26.74312,0
            128.28558,26.74291,0
            128.28577,26.74275,0
            128.28578,26.74275,0
            128.28586,26.74269,0
            128.28611,26.74254,0
            128.28615,26.74251,0
            128.28647,26.74232,0
            128.28656,26.74225,0
            128.28664,26.7422,0
            128.28672,26.74212,0
            128.28677,26.74208,0
            128.28688,26.74197,0
            128.28689,26.74195,0
            128.28696,26.74186,0
            128.28704,26.74172,0
            128.28713,26.74151,0
            128.2873,26.74092,0
            128.28731,26.7409,0
            128.28735,26.74078,0
            128.28742,26.74065,0
            128.2875,26.74054,0
            128.28756,26.74048,0
            128.28771,26.74037,0
            128.28801,26.7402,0
            128.28935,26.73951,0
            128.28965,26.73934,0
            128.28976,26.73925,0
            128.28985,26.73916,0
            128.28987,26.73912,0
            128.2899,26.73908,0
            128.28992,26.73903,0
            128.28996,26.73896,0
            128.28997,26.73892,0
            128.28997,26.73889,0
            128.28998,26.73886,0
            128.29,26.73876,0
            128.29,26.73873,0
            128.28999,26.73869,0
            128.28999,26.73864,0
            128.28998,26.73857,0
            128.28994,26.7384,0
            128.28943,26.73685,0
            128.28939,26.7367,0
            128.28937,26.73666,0
            128.28928,26.7364,0
            128.28917,26.73616,0
            128.28912,26.73609,0
            128.28906,26.73598,0
            128.28893,26.7358,0
            128.28879,26.73563,0
            128.28822,26.73504,0
            128.28794,26.73473,0
            128.28789,26.73466,0
            128.28787,26.73464,0
            128.28775,26.73447,0
            128.28773,26.73442,0
            128.2877,26.73437,0
            128.28768,26.73431,0
            128.28766,26.73428,0
            128.28765,26.73423,0
            128.28762,26.73414,0
            128.28761,26.73409,0
            128.28759,26.73404,0
            128.28759,26.73399,0
            128.28757,26.73387,0
            128.28755,26.73356,0
            128.28755,26.73345,0
            128.28753,26.73319,0
            128.28753,26.73306,0
            128.2875,26.73259,0
            128.2875,26.73249,0
            128.28749,26.73241,0
            128.28749,26.73229,0
            128.28752,26.732,0
            128.28755,26.73188,0
            128.28758,26.7317,0
            128.28767,26.7313,0
            128.28769,26.73117,0
            128.28772,26.73106,0
            128.28773,26.73099,0
            128.28778,26.73079,0
            128.28783,26.73064,0
            128.28787,26.73056,0
            128.28803,26.73034,0
            128.2883,26.73004,0
            128.28841,26.7299,0
            128.28851,26.72974,0
            128.28853,26.72969,0
            128.28856,26.72965,0
            128.28861,26.72952,0
            128.28866,26.72942,0
            128.2887,26.72931,0
            128.28882,26.72904,0
            128.28887,26.72885,0
            128.28889,26.72869,0
            128.28889,26.72848,0
            128.28888,26.72832,0
            128.28885,26.72813,0
            128.28878,26.72744,0
            128.28878,26.72739,0
            128.28876,26.72727,0
            128.28875,26.72709,0
            128.28874,26.72707,0
            128.28872,26.72691,0
            128.28864,26.72664,0
            128.28853,26.72639,0
            128.28843,26.72622,0
            128.28828,26.72601,0
            128.28827,26.72599,0
            128.28795,26.72553,0
            128.2879,26.72542,0
            128.28789,26.72537,0
            128.28789,26.72536,0
            128.28787,26.72528,0
            128.28787,26.72514,0
            128.28788,26.72505,0
            128.28793,26.72492,0
            128.28799,26.72481,0
            128.28811,26.72466,0
            128.28814,26.72463,0
            128.28817,26.72461,0
            128.28829,26.72451,0
            128.28853,26.72434,0
            128.28856,26.72431,0
            128.2886,26.72428,0
            128.2887,26.72415,0
            128.28877,26.72404,0
            128.28881,26.72392,0
            128.28882,26.72387,0
            128.28883,26.72347,0
            128.28882,26.72338,0
            128.28882,26.72334,0
            128.28881,26.72329,0
            128.2888,26.72328,0
            128.2888,26.72324,0
            128.28876,26.72311,0
            128.28871,26.72301,0
            128.28867,26.72295,0
            128.28866,26.72294,0
            128.28863,26.72289,0
            128.28841,26.72265,0
            128.288,26.72212,0
            128.28789,26.72196,0
            128.28769,26.72162,0
            128.28751,26.72127,0
            128.28737,26.72093,0
            128.28721,26.72059,0
            128.28701,26.72009,0
            128.287,26.72001,0
            128.28698,26.71992,0
            128.28697,26.71984,0
            128.28697,26.71971,0
            128.28698,26.71968,0
            128.28699,26.71961,0
            128.28702,26.7195,0
            128.28708,26.71937,0
            128.2871,26.71934,0
            128.28711,26.71931,0
            128.28718,26.71918,0
            128.28718,26.71917,0
            128.28733,26.71894,0
            128.28737,26.7189,0
            128.2874,26.71886,0
            128.28761,26.71874,0
            128.28839,26.71851,0
            128.28849,26.71847,0
            128.28857,26.71843,0
            128.28866,26.71837,0
            128.28867,26.71837,0
            128.28872,26.71833,0
            128.28886,26.71819,0
            128.28891,26.71812,0
            128.28895,26.71805,0
            128.289,26.71793,0
            128.28905,26.71778,0
            128.28907,26.71765,0
            128.28907,26.71753,0
            128.28906,26.71745,0
            128.28904,26.71737,0
            128.28901,26.7173,0
            128.28894,26.71719,0
            128.28882,26.71707,0
            128.28843,26.71678,0
            128.28825,26.71667,0
            128.288,26.71655,0
            128.28757,26.71639,0
            128.28726,26.71626,0
            128.28706,26.71615,0
            128.28699,26.71612,0
            128.28646,26.71584,0
            128.28633,26.71601,0
            128.28646,26.71584,0
            128.28638,26.7158,0
            128.28632,26.71578,0
            128.28624,26.71574,0
            128.28608,26.71569,0
            128.28587,26.71564,0
            128.2855,26.71559,0
            128.28535,26.71558,0
            128.28517,26.71558,0
            128.28499,26.71562,0
            128.28487,26.71567,0
            128.28463,26.71581,0
            128.28449,26.71591,0
            128.28402,26.7162,0
            128.28353,26.71654,0
            128.28334,26.71673,0
            128.28328,26.71681,0
            128.28315,26.71701,0
            128.28302,26.71731,0
            128.28293,26.71749,0
            128.28278,26.7177,0
            128.28258,26.7179,0
            128.2825,26.71795,0
            128.28242,26.71797,0
            128.28238,26.71797,0
            128.28235,26.71798,0
            128.28221,26.71795,0
            128.28211,26.71789,0
            128.28206,26.71783,0
            128.28203,26.71777,0
            128.28197,26.71768,0
            128.28193,26.71755,0
            128.28193,26.71752,0
            128.28192,26.71748,0
            128.28193,26.71744,0
            128.28193,26.71734,0
            128.28202,26.71709,0
            128.28204,26.71698,0
            128.28205,26.71695,0
            128.28205,26.71684,0
            128.28203,26.71676,0
            128.28203,26.71673,0
            128.28202,26.71671,0
            128.28201,26.71666,0
            128.28197,26.71656,0
            128.28197,26.71655,0
            128.28181,26.71609,0
            128.28171,26.71588,0
            128.28165,26.71581,0
            128.28163,26.71576,0
            128.28159,26.71571,0
            128.28142,26.71545,0
            128.28131,26.71533,0
            128.28129,26.71532,0
            128.28126,26.71529,0
            128.28106,26.71514,0
            128.28101,26.71511,0
            128.28099,26.71509,0
            128.28096,26.71507,0
            128.28085,26.71495,0
            128.28082,26.7149,0
            128.28076,26.71482,0
            128.28063,26.71457,0
            128.28057,26.71448,0
            128.28052,26.71442,0
            128.28042,26.71432,0
            128.28031,26.71423,0
            128.28015,26.71413,0
            128.28013,26.71411,0
            128.27997,26.714,0
            128.27993,26.71396,0
            128.27966,26.71377,0
            128.27911,26.71302,0
            128.27903,26.71294,0
            128.27898,26.71291,0
            128.27894,26.7129,0
            128.27893,26.7129,0
            128.27888,26.71288,0
            128.27884,26.71288,0
            128.27879,26.71287,0
            128.27873,26.71287,0
            128.27871,26.71288,0
            128.27863,26.7129,0
            128.27843,26.71297,0
            128.27841,26.71297,0
            128.27834,26.71299,0
            128.2783,26.71301,0
            128.27827,26.71301,0
            128.27825,26.71302,0
            128.2781,26.71302,0
            128.27805,26.713,0
            128.27801,26.71299,0
            128.278,26.71298,0
            128.2779,26.71291,0
            128.27782,26.71283,0
            128.2778,26.7128,0
            128.27778,26.71278,0
            128.2777,26.71266,0
            128.27762,26.71249,0
            128.27762,26.71246,0
            128.27761,26.71243,0
            128.27761,26.71241,0
            128.27762,26.71237,0
            128.27762,26.71236,0
            128.27764,26.71229,0
            128.27764,26.71227,0
            128.27766,26.71224,0
            128.27768,26.71219,0
            128.27778,26.71204,0
            128.27782,26.71196,0
            128.27783,26.71193,0
            128.27788,26.71183,0
            128.27789,26.71179,0
            128.27789,26.71177,0
            128.2779,26.71175,0
            128.2779,26.71172,0
            128.27791,26.71167,0
            128.27791,26.7116,0
            128.27789,26.71152,0
            128.27789,26.71149,0
            128.27781,26.71122,0
            128.2778,26.71116,0
            128.2778,26.71112,0
            128.27779,26.71108,0
            128.2778,26.71105,0
            128.2778,26.71102,0
            128.27782,26.71098,0
            128.27787,26.71091,0
            128.27796,26.71082,0
            128.27811,26.71071,0
            128.27823,26.71064,0
            128.27855,26.71042,0
            128.27856,26.71042,0
            128.27879,26.71027,0
            128.27904,26.71016,0
            128.27922,26.71011,0
            128.2793,26.7101,0
            128.27937,26.71008,0
            128.27957,26.71006,0
            128.27966,26.71006,0
            128.27976,26.71007,0
            128.27982,26.71007,0
            128.27984,26.71008,0
            128.27994,26.71009,0
            128.28027,26.71016,0
            128.28074,26.7103,0
            128.28085,26.71034,0
            128.28098,26.71037,0
            128.28113,26.71039,0
            128.28121,26.71039,0
            128.28135,26.71037,0
            128.28149,26.71033,0
            128.28154,26.71031,0
            128.28155,26.7103,0
            128.28164,26.71025,0
            128.28172,26.71019,0
            128.28179,26.71012,0
            128.28188,26.70999,0
            128.2819,26.70995,0
            128.28191,26.70992,0
            128.28191,26.70991,0
            128.28193,26.70986,0
            128.28195,26.70974,0
            128.28195,26.70967,0
            128.28193,26.70952,0
            128.2819,26.7094,0
            128.2819,26.70937,0
            128.28187,26.70929,0
            128.28175,26.70888,0
            128.28173,26.70884,0
            128.28167,26.70862,0
            128.28164,26.70855,0
            128.28161,26.70845,0
            128.2815,26.70818,0
            128.28146,26.70812,0
            128.28143,26.70804,0
            128.2812,26.70763,0
            128.28116,26.70754,0
            128.28113,26.70749,0
            128.28111,26.70743,0
            128.2811,26.70741,0
            128.28105,26.70722,0
            128.28099,26.70671,0
            128.28096,26.70654,0
            128.2809,26.70645,0
            128.28086,26.70637,0
            128.28083,26.70633,0
            128.28058,26.70609,0
            128.28054,26.70606,0
            128.28049,26.70601,0
            128.28037,26.70584,0
            128.28028,26.70564,0
            128.28028,26.70563,0
            128.28007,26.70495,0
            128.28,26.70476,0
            128.27997,26.70472,0
            128.27991,26.70459,0
            128.27987,26.70455,0
            128.27985,26.70452,0
            128.27973,26.70439,0
            128.27969,26.70436,0
            128.27965,26.70432,0
            128.27947,26.70419,0
            128.27916,26.70401,0
            128.27907,26.70398,0
            128.27891,26.70394,0
            128.27861,26.70391,0
            128.27828,26.70394,0
            128.27818,26.70396,0
            128.27796,26.70403,0
            128.27787,26.70407,0
            128.2773,26.70438,0
            128.27715,26.70445,0
            128.2771,26.70446,0
            128.27709,26.70447,0
            128.27696,26.7045,0
            128.27672,26.70452,0
            128.27645,26.70452,0
            128.2763,26.70451,0
            128.27611,26.70447,0
            128.27592,26.7044,0
            128.27588,26.70439,0
            128.2758,26.70434,0
            128.27574,26.70431,0
            128.27546,26.70409,0
            128.27543,26.70405,0
            128.27534,26.70396,0
            128.27525,26.70385,0
            128.2752,26.70377,0
            128.27519,26.70377,0
            128.27512,26.70364,0
            128.27488,26.70291,0
            128.27461,26.702,0
            128.27459,26.70197,0
            128.27445,26.70149,0
            128.27427,26.70095,0
            128.27388,26.69966,0
            128.27374,26.69926,0
            128.27367,26.69912,0
            128.27359,26.69899,0
            128.27351,26.69889,0
            128.27342,26.69876,0
            128.27332,26.69864,0
            128.27315,26.69848,0
            128.27311,26.69846,0
            128.27285,26.69828,0
            128.27265,26.69816,0
            128.27246,26.69807,0
            128.27075,26.69746,0
            128.27049,26.69735,0
            128.27008,26.69714,0
            128.2697,26.69689,0
            128.2693,26.69656,0
            128.26821,26.69556,0
            128.26812,26.69549,0
            128.265,26.69273,0
            128.26487,26.69263,0
            128.26474,26.69255,0
            128.26444,26.69243,0
            128.26419,26.69238,0
            128.2639,26.69236,0
            128.26346,26.69243,0
            128.26324,26.69252,0
            128.26311,26.69259,0
            128.26298,26.69268,0
            128.26281,26.69283,0
            128.26271,26.69295,0
            128.26261,26.69311,0
            128.26256,26.69321,0
            128.26102,26.69717,0
            128.26081,26.69762,0
            128.2608,26.69763,0
            128.26014,26.69887,0
            128.26001,26.69905,0
            128.25989,26.69919,0
            128.25974,26.69933,0
            128.25954,26.69949,0
            128.25941,26.69957,0
            128.25909,26.69973,0
            128.25908,26.69973,0
            128.25895,26.69978,0
            128.2589,26.69979,0
            128.25886,26.69981,0
            128.25856,26.69987,0
            128.25851,26.69987,0
            128.25669,26.70006,0
            128.25649,26.70007,0
            128.25613,26.70007,0
            128.2544,26.69989,0
            128.25383,26.69985,0
            128.25325,26.69987,0
            128.25296,26.69991,0
            128.25264,26.69997,0
            128.25118,26.70038,0
            128.25101,26.70044,0
            128.25087,26.70051,0
            128.25065,26.70067,0
            128.25055,26.70079,0
            128.25045,26.70094,0
            128.25041,26.70099,0
            128.2504,26.70102,0
            128.25034,26.70113,0
            128.25033,26.70114,0
            128.25031,26.70115,0
            128.25028,26.70118,0
            128.25027,26.70118,0
            128.25026,26.70119,0
            128.25025,26.70119,0
            128.25018,26.70123,0
            128.25017,26.70124,0
            128.24999,26.70152,0
            128.24963,26.70218,0
            128.24961,26.7022,0
            128.24949,26.70238,0
            128.24943,26.70245,0
            128.24917,26.70266,0
            128.24903,26.70273,0
            128.24879,26.70281,0
            128.24868,26.70283,0
            128.24862,26.70285,0
            128.24655,26.70319,0
            128.24636,26.70323,0
            128.24357,26.70368,0
            128.24348,26.70368,0
            128.24336,26.70369,0
            128.24321,26.70368,0
            128.24306,26.70366,0
            128.24295,26.70363,0
            128.24276,26.70354,0
            128.24267,26.70348,0
            128.24254,26.70337,0
            128.24249,26.70331,0
            128.24243,26.70322,0
            128.24238,26.70313,0
            128.24232,26.70295,0
            128.2423,26.7028,0
            128.24231,26.70234,0
            128.24237,26.70163,0
            128.24237,26.70106,0
            128.24234,26.70077,0
            128.24224,26.70036,0
            128.24201,26.69972,0
            128.24184,26.69939,0
            128.24175,26.69924,0
            128.24169,26.69911,0
            128.24158,26.69891,0
            128.24146,26.69861,0
            128.24137,26.69822,0
            128.24135,26.69795,0
            128.24141,26.69661,0
            128.24137,26.6963,0
            128.24133,26.69621,0
            128.24129,26.69608,0
            128.24124,26.69596,0
            128.24106,26.69566,0
            128.24093,26.69547,0
            128.24037,26.6948,0
            128.24035,26.69479,0
            128.24031,26.69474,0
            128.24011,26.69453,0
            128.24003,26.69446,0
            128.23995,26.69437,0
            128.23993,26.69436,0
            128.23959,26.69401,0
            128.23943,26.69379,0
            128.23942,26.69377,0
            128.23939,26.69373,0
            128.23938,26.6937,0
            128.23936,26.69367,0
            128.23934,26.6936,0
            128.23932,26.69356,0
            128.23929,26.69345,0
            128.23927,26.69334,0
            128.23927,26.69327,0
            128.23926,26.69319,0
            128.23926,26.69288,0
            128.23928,26.69267,0
            128.23928,26.69253,0
            128.23927,26.69251,0
            128.23927,26.69247,0
            128.23924,26.69237,0
            128.23924,26.69235,0
            128.2392,26.69228,0
            128.23915,26.69221,0
            128.23907,26.69213,0
            128.23894,26.69205,0
            128.2389,26.69204,0
            128.23885,26.69202,0
            128.23877,26.692,0
            128.23868,26.69199,0
            128.23864,26.69199,0
            128.23825,26.69195,0
            128.23814,26.69195,0
            128.23792,26.69193,0
            128.23784,26.69193,0
            128.23782,26.69192,0
            128.23777,26.69192,0
            128.23769,26.69191,0
            128.23762,26.69191,0
            128.23756,26.6919,0
            128.23728,26.69188,0
            128.23704,26.69183,0
            128.23683,26.69175,0
            128.23673,26.6917,0
            128.23654,26.69158,0
            128.23647,26.69152,0
            128.23644,26.69151,0
            128.23622,26.69136,0
            128.23616,26.69131,0
            128.23599,26.69119,0
            128.23596,26.69118,0
            128.23583,26.69107,0
            128.23579,26.69105,0
            128.23576,26.69102,0
            128.23573,26.69098,0
            128.23569,26.69094,0
            128.23563,26.69085,0
            128.23562,26.69081,0
            128.2356,26.69077,0
            128.23558,26.69069,0
            128.23558,26.69065,0
            128.23557,26.69058,0
            128.23558,26.69057,0
            128.23558,26.69051,0
            128.23559,26.69042,0
            128.23564,26.6902,0
            128.23565,26.6901,0
            128.23573,26.68971,0
            128.23573,26.68953,0
            128.23571,26.68943,0
            128.23563,26.68923,0
            128.23561,26.6892,0
            128.2355,26.68907,0
            128.23543,26.68901,0
            128.23526,26.6889,0
            128.23503,26.6888,0
            128.23495,26.68878,0
            128.23484,26.68874,0
            128.23476,26.6887,0
            128.23469,26.68868,0
            128.23468,26.68867,0
            128.23463,26.68865,0
            128.23438,26.68852,0
            128.23421,26.68839,0
            128.23414,26.68832,0
            128.23408,26.68827,0
            128.23389,26.68808,0
            128.23383,26.68803,0
            128.23365,26.68785,0
            128.23362,26.68781,0
            128.23358,26.68777,0
            128.23353,26.6877,0
            128.2335,26.68764,0
            128.2335,26.68763,0
            128.23348,26.68758,0
            128.23346,26.68751,0
            128.23346,26.68734,0
            128.23348,26.68722,0
            128.23351,26.68713,0
            128.23354,26.68693,0
            128.23354,26.68686,0
            128.23353,26.6868,0
            128.23353,26.68674,0
            128.23352,26.68672,0
            128.23348,26.68657,0
            128.23346,26.68654,0
            128.23314,26.68581,0
            128.23299,26.68539,0
            128.23296,26.68528,0
            128.23293,26.68507,0
            128.23295,26.68497,0
            128.23299,26.68486,0
            128.23307,26.68474,0
            128.2332,26.68463,0
            128.23353,26.68445,0
            128.23438,26.68407,0
            128.23471,26.68394,0
            128.23509,26.68377,0
            128.23513,26.68376,0
            128.2352,26.68373,0
            128.23527,26.68369,0
            128.23534,26.68364,0
            128.23542,26.68357,0
            128.23556,26.68347,0
            128.23558,26.68346,0
            128.23581,26.68329,0
            128.23589,26.68324,0
            128.23624,26.68308,0
            128.23625,26.68307,0
            128.23642,26.683,0
            128.23643,26.68299,0
            128.23679,26.68285,0
            128.23698,26.6828,0
            128.23708,26.68279,0
            128.23723,26.68279,0
            128.23767,26.68284,0
            128.23771,26.68285,0
            128.23778,26.68285,0
            128.23796,26.68283,0
            128.23804,26.68281,0
            128.23824,26.68272,0
            128.23833,26.68265,0
            128.23842,26.68256,0
            128.23849,26.68247,0
            128.23852,26.68241,0
            128.23859,26.68222,0
            128.23873,26.68175,0
            128.23873,26.68174,0
            128.23889,26.68123,0
            128.23894,26.68101,0
            128.23896,26.68077,0
            128.23896,26.68065,0
            128.23894,26.68052,0
            128.23888,26.68031,0
            128.23885,26.68017,0
            128.23884,26.68017,0
            128.23881,26.68,0
            128.23879,26.6798,0
            128.23881,26.67963,0
            128.23886,26.67944,0
            128.23897,26.6792,0
            128.23903,26.67911,0
            128.2392,26.67881,0
            128.23925,26.67864,0
            128.23925,26.67863,0
            128.23927,26.67858,0
            128.23928,26.6785,0
            128.23928,26.67824,0
            128.23923,26.67786,0
            128.23921,26.67777,0
            128.23921,26.67769,0
            128.2392,26.67761,0
            128.2392,26.67735,0
            128.23924,26.67709,0
            128.23933,26.67672,0
            128.23934,26.67665,0
            128.23936,26.67657,0
            128.23938,26.67643,0
            128.23938,26.67635,0
            128.23939,26.6763,0
            128.23939,26.67621,0
            128.23938,26.67615,0
            128.23938,26.6761,0
            128.23934,26.67585,0
            128.23934,26.67583,0
            128.23933,26.67581,0
            128.23922,26.67528,0
            128.23911,26.67489,0
            128.23899,26.67467,0
            128.23889,26.67453,0
            128.23876,26.67438,0
            128.2387,26.67433,0
            128.23863,26.67426,0
            128.23859,26.67421,0
            128.23848,26.67411,0
            128.23831,26.67388,0
            128.23827,26.67379,0
            128.23826,26.67374,0
            128.23825,26.67372,0
            128.23822,26.67362,0
            128.23821,26.67356,0
            128.23821,26.67343,0
            128.23823,26.6733,0
            128.23827,26.67317,0
            128.23836,26.67298,0
            128.23839,26.67294,0
            128.2385,26.67275,0
            128.23855,26.67268,0
            128.23857,26.67264,0
            128.2386,26.6726,0
            128.23861,26.67257,0
            128.23863,26.67254,0
            128.23869,26.67241,0
            128.23872,26.6723,0
            128.23874,26.67225,0
            128.23874,26.67222,0
            128.23875,26.67218,0
            128.23875,26.67204,0
            128.23872,26.67188,0
            128.23868,26.67176,0
            128.23863,26.67166,0
            128.2386,26.67162,0
            128.23858,26.67158,0
            128.23842,26.67138,0
            128.23828,26.67124,0
            128.23807,26.671,0
            128.23783,26.67076,0
            128.23773,26.67068,0
            128.23771,26.67067,0
            128.23768,26.67064,0
            128.23748,26.67051,0
            128.23721,26.67037,0
            128.23713,26.67034,0
            128.23708,26.67031,0
            128.23689,26.67022,0
            128.23686,26.67021,0
            128.23684,26.67019,0
            128.23681,26.67018,0
            128.23667,26.6701,0
            128.23651,26.66998,0
            128.23643,26.6699,0
            128.23642,26.6699,0
            128.23632,26.66976,0
            128.23631,26.66975,0
            128.23624,26.6696,0
            128.23624,26.66958,0
            128.23622,26.66955,0
            128.23621,26.66951,0
            128.23621,26.66947,0
            128.2362,26.66943,0
            128.2362,26.66941,0
            128.23619,26.66938,0
            128.23619,26.6693,0
            128.2362,26.66923,0
            128.2362,26.66921,0
            128.23622,26.66913,0
            128.23623,26.66911,0
            128.23623,26.66908,0
            128.23627,26.66897,0
            128.23639,26.66875,0
            128.23666,26.66838,0
            128.23676,26.66822,0
            128.23681,26.66812,0
            128.23683,26.66806,0
            128.23684,26.668,0
            128.23685,26.66799,0
            128.23687,26.66785,0
            128.23686,26.66781,0
            128.23686,26.66777,0
            128.23684,26.66762,0
            128.23676,26.66738,0
            128.23672,26.6673,0
            128.23661,26.66701,0
            128.2366,26.66696,0
            128.23659,26.66695,0
            128.23658,26.66692,0
            128.23655,26.66677,0
            128.23654,26.66676,0
            128.23652,26.66663,0
            128.23652,26.66657,0
            128.23651,26.66651,0
            128.23651,26.66642,0
            128.2365,26.66633,0
            128.2365,26.66589,0
            128.23651,26.66587,0
            128.23651,26.66582,0
            128.23653,26.66574,0
            128.23653,26.66571,0
            128.23654,26.6657,0
            128.23654,26.66569,0
            128.23657,26.66558,0
            128.2366,26.66552,0
            128.2366,26.66551,0
            128.23666,26.6654,0
            128.23675,26.66528,0
            128.23694,26.66511,0
            128.23705,26.66504,0
            128.23731,26.6649,0
            128.23739,26.66487,0
            128.23744,26.66484,0
            128.2375,26.66482,0
            128.23758,26.66478,0
            128.23762,26.66477,0
            128.23768,26.66474,0
            128.23791,26.66468,0
            128.23794,26.66468,0
            128.23797,26.66467,0
            128.23806,26.66467,0
            128.2381,26.66466,0
            128.23818,26.66467,0
            128.23827,26.66467,0
            128.23844,26.66469,0
            128.23847,26.6647,0
            128.23886,26.66478,0
            128.23901,26.66482,0
            128.23907,26.66483,0
            128.23911,26.66485,0
            128.23925,26.66488,0
            128.23958,26.665,0
            128.23961,26.66502,0
            128.23964,26.66503,0
            128.23966,26.66505,0
            128.23969,26.66506,0
            128.23973,26.66508,0
            128.23982,26.66515,0
            128.23994,26.66522,0
            128.24005,26.6653,0
            128.2401,26.66535,0
            128.24033,26.66552,0
            128.24037,26.66554,0
            128.24038,26.66555,0
            128.24057,26.66565,0
            128.24059,26.66565,0
            128.24061,26.66566,0
            128.24083,26.66572,0
            128.2409,26.66572,0
            128.24094,26.66573,0
            128.24103,26.66573,0
            128.24107,26.66572,0
            128.24114,26.66572,0
            128.2413,26.66569,0
            128.24134,26.66567,0
            128.2414,26.66566,0
            128.24236,26.66531,0
            128.24256,26.66526,0
            128.2426,26.66526,0
            128.24268,26.66524,0
            128.24301,26.66524,0
            128.24307,26.66525,0
            128.24311,26.66525,0
            128.24319,26.66527,0
            128.24324,26.66527,0
            128.24327,26.66528,0
            128.2436,26.66534,0
            128.24379,26.66536,0
            128.24396,26.66536,0
            128.244,26.66535,0
            128.24404,26.66535,0
            128.24426,26.6653,0
            128.2443,26.66528,0
            128.24431,26.66528,0
            128.24447,26.66519,0
            128.24448,26.66518,0
            128.24452,26.66516,0
            128.24459,26.66511,0
            128.24461,26.66508,0
            128.24465,26.66505,0
            128.24474,26.66496,0
            128.24475,26.66494,0
            128.24477,26.66492,0
            128.24505,26.66452,0
            128.24522,26.66431,0
            128.24527,26.66427,0
            128.24538,26.66416,0
            128.24634,26.66338,0
            128.24636,26.66337,0
            128.2464,26.66333,0
            128.24649,26.66326,0
            128.24651,26.66325,0
            128.24665,26.66313,0
            128.24667,26.66312,0
            128.24674,26.66307,0
            128.24678,26.66305,0
            128.24679,26.66304,0
            128.24683,26.66302,0
            128.24684,26.66301,0
            128.24686,26.663,0
            128.24692,26.66298,0
            128.24695,26.66296,0
            128.24714,26.6629,0
            128.24717,26.6629,0
            128.2472,26.66289,0
            128.24722,26.66289,0
            128.24725,26.66288,0
            128.24736,26.66288,0
            128.24742,26.66287,0
            128.24747,26.66288,0
            128.24751,26.66288,0
            128.24773,26.66292,0
            128.24785,26.66295,0
            128.24792,26.66298,0
            128.24799,26.663,0
            128.24804,26.66302,0
            128.24811,26.66304,0
            128.24842,26.66317,0
            128.24892,26.66335,0
            128.24899,26.66336,0
            128.24911,26.66339,0
            128.2492,26.6634,0
            128.24923,26.66339,0
            128.24931,26.66338,0
            128.24935,26.66338,0
            128.24939,26.66337,0
            128.24941,26.66336,0
            128.24945,26.66335,0
            128.24949,26.66333,0
            128.24955,26.66331,0
            128.24957,26.66329,0
            128.24961,26.66326,0
            128.24963,26.66324,0
            128.24965,26.66323,0
            128.24972,26.66316,0
            128.24974,26.66313,0
            128.24974,26.66312,0
            128.24977,26.66309,0
            128.24981,26.66302,0
            128.24987,26.66286,0
            128.24988,26.6628,0
            128.2499,26.66274,0
            128.24996,26.66239,0
            128.24998,26.66233,0
            128.25002,26.66213,0
            128.25007,26.66196,0
            128.25009,26.66191,0
            128.25009,26.66189,0
            128.2501,26.66189,0
            128.2501,26.66187,0
            128.25016,26.66173,0
            128.25018,26.6617,0
            128.25018,26.66169,0
            128.25043,26.66122,0
            128.25046,26.66118,0
            128.25049,26.66111,0
            128.2505,26.6611,0
            128.25053,26.66105,0
            128.25062,26.66085,0
            128.25062,26.66084,0
            128.25066,26.66066,0
            128.25066,26.66051,0
            128.25065,26.66046,0
            128.25063,26.66042,0
            128.25062,26.66038,0
            128.2506,26.66035,0
            128.25059,26.66032,0
            128.25053,26.66023,0
            128.25049,26.6602,0
            128.25046,26.66016,0
            128.25035,26.66008,0
            128.25032,26.66007,0
            128.25027,26.66004,0
            128.25022,26.66002,0
            128.25021,26.66002,0
            128.2502,26.66001,0
            128.25015,26.66,0
            128.25002,26.65996,0
            128.24954,26.65988,0
            128.24948,26.65988,0
            128.24942,26.65986,0
            128.2492,26.65981,0
            128.24905,26.65976,0
            128.2488,26.65965,0
            128.24869,26.65959,0
            128.24846,26.65944,0
            128.24837,26.65937,0
            128.24721,26.65861,0
            128.2472,26.6586,0
            128.24717,26.65859,0
            128.24708,26.65853,0
            128.24705,26.6585,0
            128.24701,26.65848,0
            128.24676,26.65832,0
            128.24671,26.65828,0
            128.24661,26.65822,0
            128.24648,26.65812,0
            128.24636,26.65804,0
            128.2463,26.65798,0
            128.24626,26.65795,0
            128.24618,26.65787,0
            128.24617,26.65785,0
            128.24615,26.65783,0
            128.24614,26.65781,0
            128.24613,26.6578,0
            128.24612,26.65778,0
            128.24611,26.65777,0
            128.24609,26.65771,0
            128.24607,26.65767,0
            128.24604,26.65757,0
            128.24604,26.65753,0
            128.24603,26.6575,0
            128.24603,26.65746,0
            128.24604,26.65742,0
            128.24604,26.65738,0
            128.24609,26.65723,0
            128.24615,26.65714,0
            128.24617,26.65712,0
            128.24618,26.6571,0
            128.24622,26.65706,0
            128.24633,26.65697,0
            128.2464,26.65693,0
            128.24655,26.65687,0
            128.24666,26.65684,0
            128.24696,26.65678,0
            128.24702,26.65678,0
            128.24711,26.65676,0
            128.24722,26.65675,0
            128.24738,26.65671,0
            128.24741,26.65671,0
            128.24742,26.6567,0
            128.24745,26.6567,0
            128.2475,26.65668,0
            128.24755,26.65667,0
            128.24759,26.65665,0
            128.24761,26.65665,0
            128.24762,26.65664,0
            128.24766,26.65662,0
            128.24779,26.65657,0
            128.24784,26.65653,0
            128.24798,26.65645,0
            128.248,26.65643,0
            128.24813,26.65633,0
            128.2483,26.65618,0
            128.24831,26.65616,0
            128.24845,26.65603,0
            128.24848,26.65601,0
            128.24864,26.65585,0
            128.24881,26.65563,0
            128.24883,26.65559,0
            128.24886,26.65555,0
            128.24888,26.6555,0
            128.24894,26.65539,0
            128.24899,26.65525,0
            128.249,26.65521,0
            128.249,26.65518,0
            128.24901,26.65516,0
            128.24902,26.65512,0
            128.24902,26.65506,0
            128.24903,26.65502,0
            128.24903,26.65498,0
            128.24904,26.65497,0
            128.24904,26.6548,0
            128.24905,26.65474,0
            128.24905,26.65459,0
            128.24904,26.65452,0
            128.24904,26.65438,0
            128.24903,26.65431,0
            128.24902,26.65406,0
            128.249,26.65396,0
            128.249,26.65392,0
            128.24895,26.65371,0
            128.24893,26.65368,0
            128.24891,26.65361,0
            128.24881,26.65343,0
            128.24878,26.65339,0
            128.24875,26.65336,0
            128.24872,26.65332,0
            128.24868,26.65328,0
            128.24866,26.65325,0
            128.24852,26.65312,0
            128.24846,26.65308,0
            128.24844,26.65306,0
            128.24786,26.65264,0
            128.24782,26.65262,0
            128.24752,26.6524,0
            128.24741,26.65234,0
            128.24715,26.65222,0
            128.24692,26.65215,0
            128.24691,26.65215,0
            128.24689,26.65214,0
            128.24687,26.65214,0
            128.24684,26.65213,0
            128.24682,26.65213,0
            128.24681,26.65212,0
            128.2466,26.65207,0
            128.24657,26.65207,0
            128.24651,26.65205,0
            128.24648,26.65205,0
            128.24644,26.65204,0
            128.24643,26.65204,0
            128.24635,26.65202,0
            128.24632,26.65202,0
            128.24628,26.65201,0
            128.24626,26.65201,0
            128.24623,26.652,0
            128.24614,26.652,0
            128.24609,26.65199,0
            128.24571,26.65199,0
            128.24563,26.652,0
            128.24553,26.652,0
            128.24547,26.65201,0
            128.24528,26.65201,0
            128.24524,26.652,0
            128.24515,26.652,0
            128.24513,26.65199,0
            128.24509,26.65199,0
            128.245,26.65197,0
            128.24499,26.65196,0
            128.24494,26.65195,0
            128.24485,26.65191,0
            128.24476,26.65186,0
            128.24469,26.65181,0
            128.24465,26.65177,0
            128.24462,26.65175,0
            128.24461,26.65173,0
            128.24456,26.65168,0
            128.24449,26.65159,0
            128.24441,26.65147,0
            128.24432,26.6513,0
            128.2443,26.65128,0
            128.24428,26.65125,0
            128.24426,26.6512,0
            128.24399,26.65074,0
            128.24394,26.65063,0
            128.24389,26.65055,0
            128.24386,26.65049,0
            128.24383,26.65046,0
            128.24381,26.65042,0
            128.24371,26.6503,0
            128.24367,26.65026,0
            128.24359,26.6502,0
            128.24356,26.65017,0
            128.2435,26.65013,0
            128.24335,26.65005,0
            128.24301,26.64993,0
            128.243,26.64993,0
            128.24287,26.64988,0
            128.24286,26.64988,0
            128.24283,26.64986,0
            128.24278,26.64984,0
            128.24277,26.64984,0
            128.24261,26.64976,0
            128.24249,26.64966,0
            128.24245,26.64961,0
            128.24241,26.64957,0
            128.24232,26.64942,0
            128.24229,26.64935,0
            128.24225,26.64928,0
            128.24223,26.64923,0
            128.24223,26.64922,0
            128.24221,26.64916,0
            128.24189,26.6484,0
            128.24186,26.64831,0
            128.24182,26.64823,0
            128.24168,26.64789,0
            128.24165,26.6478,0
            128.24161,26.64772,0
            128.24159,26.64765,0
            128.24154,26.64755,0
            128.24153,26.64751,0
            128.24145,26.64735,0
            128.24142,26.64731,0
            128.24139,26.64724,0
            128.24119,26.64697,0
            128.24113,26.64691,0
            128.24105,26.64681,0
            128.24101,26.64677,0
            128.24091,26.64665,0
            128.2409,26.64663,0
            128.24089,26.64662,0
            128.24083,26.64653,0
            128.24082,26.64649,0
            128.2408,26.64645,0
            128.24079,26.64642,0
            128.24077,26.64638,0
            128.24075,26.64629,0
            128.24075,26.64624,0
            128.24074,26.64621,0
            128.24074,26.64613,0
            128.24075,26.64609,0
            128.24077,26.64592,0
            128.24086,26.64559,0
            128.24086,26.64558,0
            128.24089,26.64544,0
            128.2409,26.64542,0
            128.2409,26.64538,0
            128.24091,26.6453,0
            128.24091,26.64513,0
            128.24088,26.64499,0
            128.24085,26.64492,0
            128.24085,26.6449,0
            128.24084,26.64487,0
            128.24077,26.64475,0
            128.24063,26.64455,0
            128.24047,26.64435,0
            128.24047,26.64434,0
            128.2403,26.64413,0
            128.24024,26.64404,0
            128.24014,26.64385,0
            128.24011,26.64374,0
            128.2401,26.64373,0
            128.24008,26.64361,0
            128.24008,26.64358,0
            128.24007,26.64356,0
            128.24007,26.64341,0
            128.24008,26.64338,0
            128.24008,26.64332,0
            128.24021,26.64251,0
            128.24021,26.64248,0
            128.24028,26.64206,0
            128.24028,26.64202,0
            128.2403,26.64191,0
            128.24031,26.6418,0
            128.24036,26.64154,0
            128.24036,26.64148,0
            128.24038,26.64141,0
            128.24039,26.64132,0
            128.24039,26.64127,0
            128.2404,26.64124,0
            128.24041,26.64117,0
            128.24041,26.64101,0
            128.2404,26.64097,0
            128.2404,26.64095,0
            128.24038,26.64088,0
            128.24034,26.64081,0
            128.24033,26.64078,0
            128.24031,26.64075,0
            128.24025,26.64069,0
            128.24022,26.64065,0
            128.24007,26.64053,0
            128.24002,26.6405,0
            128.23997,26.64046,0
            128.23989,26.64041,0
            128.23977,26.64031,0
            128.2397,26.64022,0
            128.23968,26.64018,0
            128.23965,26.64014,0
            128.23962,26.64008,0
            128.23962,26.64007,0
            128.2396,26.63998,0
            128.2396,26.63982,0
            128.23961,26.6398,0
            128.23962,26.63975,0
            128.23965,26.63967,0
            128.2397,26.63958,0
            128.23973,26.63954,0
            128.23974,26.63951,0
            128.23978,26.63946,0
            128.23983,26.63938,0
            128.23992,26.63927,0
            128.23997,26.63919,0
            128.24001,26.63914,0
            128.24001,26.63913,0
            128.24004,26.63909,0
            128.24007,26.63906,0
            128.24013,26.63897,0
            128.24015,26.63892,0
            128.24021,26.63882,0
            128.24021,26.63881,0
            128.24023,26.63877,0
            128.24025,26.63871,0
            128.24026,26.63864,0
            128.24026,26.6386,0
            128.24027,26.63856,0
            128.24024,26.63838,0
            128.24023,26.63835,0
            128.24021,26.63831,0
            128.2402,26.63828,0
            128.24017,26.63822,0
            128.24016,26.63821,0
            128.24011,26.63814,0
            128.24004,26.63807,0
            128.24002,26.63806,0
            128.24,26.63804,0
            128.23993,26.638,0
            128.2399,26.63799,0
            128.23988,26.63797,0
            128.23986,26.63797,0
            128.23983,26.63795,0
            128.2398,26.63795,0
            128.23976,26.63793,0
            128.2397,26.63791,0
            128.23969,26.63791,0
            128.23937,26.63784,0
            128.23934,26.63784,0
            128.23924,26.63781,0
            128.23923,26.6378,0
            128.23919,26.63779,0
            128.23915,26.63777,0
            128.23904,26.63773,0
            128.23902,26.63771,0
            128.23901,26.63771,0
            128.23889,26.63762,0
            128.23882,26.63755,0
            128.23877,26.63748,0
            128.23874,26.63745,0
            128.23865,26.63732,0
            128.23864,26.63731,0
            128.23848,26.63708,0
            128.23814,26.63665,0
            128.23807,26.63655,0
            128.23787,26.63636,0
            128.23781,26.63632,0
            128.23776,26.6363,0
            128.23773,26.63628,0
            128.23768,26.63626,0
            128.2376,26.63624,0
            128.23756,26.63624,0
            128.23752,26.63623,0
            128.2374,26.63623,0
            128.23737,26.63624,0
            128.23733,26.63624,0
            128.23729,26.63625,0
            128.23725,26.63627,0
            128.2372,26.63628,0
            128.23714,26.63631,0
            128.23712,26.63633,0
            128.23706,26.63636,0
            128.237,26.63642,0
            128.23687,26.63651,0
            128.23678,26.63659,0
            128.23658,26.63673,0
            128.23643,26.6368,0
            128.2364,26.63682,0
            128.23633,26.63684,0
            128.23628,26.63686,0
            128.23618,26.63688,0
            128.23591,26.63688,0
            128.23578,26.63685,0
            128.23576,26.63684,0
            128.23566,26.63681,0
            128.23559,26.63678,0
            128.23559,26.63677,0
            128.23556,26.63676,0
            128.23534,26.63664,0
            128.23525,26.63657,0
            128.23516,26.63652,0
            128.23515,26.63652,0
            128.23508,26.63647,0
            128.23495,26.6364,0
            128.2348,26.63636,0
            128.23475,26.63634,0
            128.23464,26.63633,0
            128.23441,26.63633,0
            128.23433,26.63634,0
            128.2343,26.63635,0
            128.23424,26.63636,0
            128.23411,26.6364,0
            128.23399,26.63642,0
            128.23398,26.63643,0
            128.23355,26.63655,0
            128.23266,26.63671,0
            128.23237,26.63674,0
            128.23214,26.63674,0
            128.23205,26.63673,0
            128.232,26.63673,0
            128.23195,26.63672,0
            128.23177,26.63666,0
            128.23173,26.63664,0
            128.23172,26.63663,0
            128.23163,26.63658,0
            128.23155,26.63652,0
            128.23143,26.6364,0
            128.2312,26.63611,0
            128.23103,26.63592,0
            128.23099,26.63589,0
            128.23094,26.63584,0
            128.23076,26.63571,0
            128.23062,26.63564,0
            128.23056,26.63562,0
            128.23055,26.63561,0
            128.2305,26.63559,0
            128.23045,26.63558,0
            128.23034,26.63554,0
            128.23018,26.63551,0
            128.23015,26.63551,0
            128.2292,26.63539,0
            128.22917,26.63539,0
            128.2291,26.63538,0
            128.22904,26.63536,0
            128.22899,26.63535,0
            128.22882,26.63529,0
            128.22872,26.63523,0
            128.22869,26.63522,0
            128.22849,26.63507,0
            128.22837,26.63495,0
            128.22796,26.63439,0
            128.22787,26.63424,0
            128.2278,26.6341,0
            128.22778,26.63407,0
            128.22776,26.634,0
            128.22772,26.6339,0
            128.22771,26.63385,0
            128.22767,26.63373,0
            128.22756,26.63324,0
            128.22751,26.63308,0
            128.22745,26.63294,0
            128.22735,26.6328,0
            128.22729,26.63273,0
            128.22719,26.63264,0
            128.22698,26.63252,0
            128.22679,26.63246,0
            128.2267,26.63245,0
            128.22666,26.63244,0
            128.22644,26.63244,0
            128.2264,26.63245,0
            128.22637,26.63245,0
            128.2263,26.63247,0
            128.22624,26.63248,0
            128.22609,26.63254,0
            128.22593,26.63262,0
            128.2255,26.63292,0
            128.2254,26.633,0
            128.22508,26.63322,0
            128.22501,26.63325,0
            128.225,26.63325,0
            128.22494,26.63328,0
            128.22469,26.63337,0
            128.22464,26.63338,0
            128.22462,26.63339,0
            128.2237,26.63357,0
            128.22349,26.6336,0
            128.22168,26.63395,0
            128.22165,26.63396,0
            128.22136,26.63401,0
            128.22109,26.63407,0
            128.22084,26.6341,0
            128.2206,26.6341,0
            128.22043,26.63409,0
            128.2202,26.63404,0
            128.21989,26.63394,0
            128.21788,26.63306,0
            128.21743,26.63277,0
            128.21718,26.63258,0
            128.21688,26.63227,0
            128.21639,26.63162,0
            128.21617,26.63128,0
            128.21589,26.6309,0
            128.21572,26.63074,0
            128.21562,26.63068,0
            128.21546,26.63063,0
            128.21539,26.63062,0
            128.2153,26.63062,0
            128.21519,26.63063,0
            128.215,26.63068,0
            128.21428,26.63099,0
            128.21416,26.63103,0
            128.21397,26.63108,0
            128.21393,26.63108,0
            128.21373,26.63112,0
            128.21311,26.63115,0
            128.21293,26.63115,0
            128.21288,26.63116,0
            128.21206,26.63119,0
            128.2117,26.63119,0
            128.21153,26.63118,0
            128.21144,26.63115,0
            128.21135,26.63113,0
            128.21117,26.63105,0
            128.21108,26.631,0
            128.21091,26.63086,0
            128.21031,26.63031,0
            128.21018,26.63013,0
            128.21015,26.63008,0
            128.21015,26.63007,0
            128.21011,26.63001,0
            128.21004,26.62977,0
            128.21002,26.62967,0
            128.20999,26.62959,0
            128.20994,26.62949,0
            128.2099,26.62945,0
            128.20987,26.6294,0
            128.20983,26.62936,0
            128.20966,26.62924,0
            128.20952,26.62916,0
            128.20896,26.62889,0
            128.2089,26.62887,0
            128.20884,26.62886,0
            128.20878,26.62884,0
            128.20869,26.62883,0
            128.20861,26.62883,0
            128.20849,26.62884,0
            128.20743,26.62911,0
            128.20742,26.62911,0
            128.20503,26.62975,0
            128.20481,26.62984,0
            128.20381,26.63033,0
            128.20378,26.63034,0
            128.20342,26.63051,0
            128.20314,26.6306,0
            128.20306,26.63061,0
            128.20302,26.63061,0
            128.20298,26.63062,0
            128.20284,26.63062,0
            128.20261,26.6306,0
            128.20035,26.6301,0
            128.20028,26.63009,0
            128.19991,26.63,0
            128.19983,26.62999,0
            128.19972,26.62996,0
            128.19956,26.6299,0
            128.1993,26.62978,0
            128.19844,26.62918,0
            128.19761,26.62864,0
            128.1975,26.62858,0
            128.19735,26.62852,0
            128.19716,26.62846,0
            128.19694,26.62842,0
            128.19658,26.62842,0
            128.19621,26.6285,0
            128.19523,26.62887,0
            128.19498,26.62895,0
            128.1945,26.62907,0
            128.19436,26.62909,0
            128.19403,26.62911,0
            128.19383,26.62911,0
            128.19342,26.62907,0
            128.19335,26.62905,0
            128.1933,26.62905,0
            128.19285,26.62894,0
            128.19009,26.62807,0
            128.19003,26.62806,0
            128.18996,26.62804,0
            128.18988,26.62803,0
            128.18977,26.62803,0
            128.1897,26.62802,0
            128.18961,26.62802,0
            128.18914,26.62806,0
            128.18892,26.62806,0
            128.1889,26.62805,0
            128.18886,26.62805,0
            128.18862,26.628,0
            128.18728,26.62741,0
            128.18722,26.62739,0
            128.18698,26.62725,0
            128.18689,26.62718,0
            128.18686,26.62715,0
            128.18683,26.62713,0
            128.18678,26.62708,0
            128.1867,26.62702,0
            128.18622,26.62658,0
            128.18597,26.6264,0
            128.18584,26.62632,0
            128.1847,26.62574,0
            128.18465,26.62572,0
            128.18397,26.62538,0
            128.18391,26.62536,0
            128.18379,26.6253,0
            128.18366,26.62526,0
            128.18365,26.62526,0
            128.18359,26.62524,0
            128.18343,26.62521,0
            128.18322,26.62521,0
            128.18308,26.62523,0
            128.18302,26.62525,0
            128.18297,26.62526,0
            128.18293,26.62528,0
            128.18292,26.62528,0
            128.18287,26.6253,0
            128.1828,26.62534,0
            128.18267,26.6254,0
            128.18077,26.62654,0
            128.18055,26.62666,0
            128.18028,26.62676,0
            128.18024,26.62676,0
            128.18002,26.6268,0
            128.17992,26.62681,0
            128.17985,26.62681,0
            128.17953,26.62678,0
            128.17936,26.62675,0
            128.17906,26.62672,0
            128.17895,26.6267,0
            128.17653,26.62643,0
            128.17644,26.62643,0
            128.17633,26.62644,0
            128.17624,26.62644,0
            128.17622,26.62645,0
            128.17612,26.62646,0
            128.17583,26.62654,0
            128.17563,26.62663,0
            128.17544,26.62673,0
            128.17515,26.62694,0
            128.1749,26.6271,0
            128.17477,26.6272,0
            128.1741,26.62764,0
            128.17366,26.62785,0
            128.17338,26.62794,0
            128.17318,26.62799,0
            128.17297,26.62803,0
            128.172,26.62816,0
            128.17185,26.62817,0
            128.17149,26.62824,0
            128.17125,26.62833,0
            128.1709,26.62853,0
            128.17085,26.62855,0
            128.17082,26.62857,0
            128.1706,26.62867,0
            128.1705,26.6287,0
            128.17049,26.6287,0
            128.17044,26.62872,0
            128.17036,26.62873,0
            128.17025,26.62876,0
            128.16856,26.62894,0
            128.16759,26.62897,0
            128.16617,26.62894,0
            128.1643,26.62881,0
            128.16426,26.6288,0
            128.16403,26.6288,0
            128.16394,26.62881,0
            128.16386,26.62881,0
            128.16383,26.62882,0
            128.16374,26.62883,0
            128.16358,26.62887,0
            128.16354,26.62889,0
            128.16353,26.62889,0
            128.16346,26.62891,0
            128.16328,26.62899,0
            128.16319,26.62905,0
            128.16313,26.62908,0
            128.16303,26.62915,0
            128.16301,26.62917,0
            128.16295,26.62921,0
            128.16218,26.62987,0
            128.16199,26.63,0
            128.16198,26.63002,0
            128.16182,26.63012,0
            128.16135,26.63045,0
            128.16134,26.63045,0
            128.1612,26.63055,0
            128.16118,26.63056,0
            128.16051,26.63102,0
            128.16021,26.63121,0
            128.1602,26.63122,0
            128.16005,26.63131,0
            128.16004,26.63132,0
            128.15995,26.63137,0
            128.15981,26.63143,0
            128.15968,26.6315,0
            128.15937,26.63161,0
            128.15912,26.63167,0
            128.15869,26.63174,0
            128.15858,26.63174,0
            128.15819,26.63177,0
            128.15811,26.63177,0
            128.15806,26.63178,0
            128.15561,26.63187,0
            128.15539,26.63186,0
            128.15532,26.63185,0
            128.15515,26.63184,0
            128.15493,26.63181,0
            128.15459,26.63173,0
            128.15447,26.63168,0
            128.15434,26.63164,0
            128.15417,26.63157,0
            128.15382,26.6314,0
            128.15319,26.63104,0
            128.15267,26.6308,0
            128.15234,26.6307,0
            128.15224,26.63068,0
            128.15216,26.63065,0
            128.15163,26.63053,0
            128.14899,26.63001,0
            128.14866,26.62992,0
            128.1486,26.62989,0
            128.14854,26.62987,0
            128.14845,26.62983,0
            128.14832,26.62975,0
            128.14826,26.62972,0
            128.1481,26.62959,0
            128.14801,26.6295,0
            128.14798,26.62946,0
            128.14793,26.62941,0
            128.14786,26.6293,0
            128.14775,26.6291,0
            128.14771,26.62898,0
            128.1477,26.62891,0
            128.14759,26.62854,0
            128.14757,26.62845,0
            128.14752,26.62832,0
            128.1475,26.62825,0
            128.1474,26.62805,0
            128.14734,26.62795,0
            128.14733,26.62792,0
            128.14721,26.62775,0
            128.14706,26.62759,0
            128.14685,26.62741,0
            128.14684,26.62739,0
            128.14671,26.62729,0
            128.14669,26.62727,0
            128.1466,26.62721,0
            128.1463,26.62695,0
            128.14615,26.6268,0
            128.14608,26.62672,0
            128.14601,26.62662,0
            128.14588,26.62639,0
            128.14574,26.62602,0
            128.14571,26.62589,0
            128.14565,26.62573,0
            128.14562,26.62559,0
            128.1456,26.62555,0
            128.14557,26.62539,0
            128.14552,26.62488,0
            128.14552,26.62463,0
            128.14547,26.62398,0
            128.14547,26.62386,0
            128.14546,26.6238,0
            128.14544,26.62353,0
            128.14539,26.62313,0
            128.14539,26.62308,0
            128.14533,26.62261,0
            128.14533,26.62238,0
            128.14535,26.62229,0
            128.14538,26.62221,0
            128.14538,26.62219,0
            128.14541,26.62214,0
            128.14547,26.62201,0
            128.1455,26.62197,0
            128.1456,26.62187,0
            128.1458,26.62172,0
            128.1459,26.62166,0
            128.1459,26.62165,0
            128.1461,26.62153,0
            128.14618,26.62149,0
            128.14641,26.62133,0
            128.14649,26.62125,0
            128.14653,26.62122,0
            128.14655,26.62118,0
            128.14662,26.62109,0
            128.14672,26.62092,0
            128.14677,26.62082,0
            128.14677,26.6208,0
            128.14689,26.62048,0
            128.14712,26.61978,0
            128.14723,26.61952,0
            128.14731,26.61937,0
            128.14754,26.61901,0
            128.14768,26.61886,0
            128.14865,26.61794,0
            128.14881,26.61772,0
            128.14887,26.61757,0
            128.1489,26.61738,0
            128.14887,26.61711,0
            128.14883,26.61698,0
            128.14874,26.61679,0
            128.14853,26.6164,0
            128.14851,26.61633,0
            128.14848,26.61626,0
            128.14843,26.61606,0
            128.14843,26.61588,0
            128.14846,26.61568,0
            128.14848,26.61561,0
            128.14856,26.61542,0
            128.14872,26.61513,0
            128.14914,26.61444,0
            128.14925,26.61429,0
            128.14943,26.61409,0
            128.14955,26.61394,0
            128.14961,26.61388,0
            128.14978,26.61363,0
            128.14979,26.61359,0
            128.14982,26.61354,0
            128.14982,26.61352,0
            128.14984,26.61347,0
            128.14987,26.61333,0
            128.14987,26.61328,0
            128.14988,26.61324,0
            128.14987,26.61318,0
            128.14987,26.61309,0
            128.14986,26.61303,0
            128.14985,26.613,0
            128.14985,26.61299,0
            128.14984,26.61294,0
            128.14981,26.61287,0
            128.14978,26.61282,0
            128.14976,26.61277,0
            128.14964,26.61259,0
            128.14948,26.61243,0
            128.14944,26.6124,0
            128.14938,26.61233,0
            128.14903,26.61206,0
            128.14804,26.61138,0
            128.14768,26.61122,0
            128.14756,26.61118,0
            128.14737,26.61113,0
            128.14729,26.6111,0
            128.14673,26.61096,0
            128.14671,26.61095,0
            128.14499,26.6105,0
            128.14485,26.61045,0
            128.14481,26.61044,0
            128.14464,26.61036,0
            128.14463,26.61035,0
            128.14456,26.61031,0
            128.14447,26.61024,0
            128.1444,26.61016,0
            128.14439,26.61016,0
            128.14437,26.61013,0
            128.14433,26.61009,0
            128.14429,26.61003,0
            128.14417,26.60974,0
            128.14413,26.60956,0
            128.14404,26.60903,0
            128.14395,26.60882,0
            128.14386,26.60867,0
            128.14381,26.6086,0
            128.14366,26.60844,0
            128.14326,26.60808,0
            128.14317,26.60798,0
            128.1431,26.60788,0
            128.14309,26.60785,0
            128.14303,26.60772,0
            128.14302,26.60771,0
            128.14299,26.60759,0
            128.14299,26.60745,0
            128.14301,26.60733,0
            128.14307,26.60715,0
            128.14311,26.6071,0
            128.14314,26.60704,0
            128.14316,26.60702,0
            128.14318,26.60699,0
            128.14322,26.60695,0
            128.14326,26.6069,0
            128.14328,26.60689,0
            128.14334,26.60683,0
            128.14384,26.60646,0
            128.14404,26.60633,0
            128.14406,26.60631,0
            128.14437,26.60609,0
            128.14439,26.60607,0
            128.1452,26.60548,0
            128.14524,26.60543,0
            128.14529,26.60539,0
            128.14535,26.60533,0
            128.14547,26.60514,0
            128.14552,26.60502,0
            128.14556,26.60485,0
            128.14556,26.60468,0
            128.14552,26.60451,0
            128.1455,26.60446,0
            128.14542,26.60431,0
            128.14528,26.60413,0
            128.14524,26.6041,0
            128.14518,26.60404,0
            128.14513,26.604,0
            128.14502,26.60393,0
            128.14468,26.60375,0
            128.14415,26.60361,0
            128.14366,26.60351,0
            128.14347,26.60346,0
            128.14327,26.60342,0
            128.14324,26.60341,0
            128.14308,26.60338,0
            128.14269,26.60328,0
            128.14227,26.60319,0
            128.14222,26.60317,0
            128.14214,26.60316,0
            128.14175,26.60307,0
            128.14174,26.60307,0
            128.14155,26.60302,0
            128.14153,26.60301,0
            128.14141,26.60297,0
            128.14136,26.60296,0
            128.14128,26.60293,0
            128.1406,26.60262,0
            128.14027,26.6025,0
            128.13997,26.60246,0
            128.13987,26.60246,0
            128.13961,26.6025,0
            128.13934,26.6026,0
            128.13904,26.60277,0
            128.13867,26.60302,0
            128.13853,26.6031,0
            128.13825,26.60323,0
            128.13802,26.60331,0
            128.13783,26.60336,0
            128.13705,26.60352,0
            128.13681,26.6036,0
            128.13661,26.60368,0
            128.1365,26.60375,0
            128.13638,26.60381,0
            128.13634,26.60385,0
            128.13618,26.60396,0
            128.13578,26.60434,0
            128.13576,26.60435,0
            128.13525,26.60486,0
            128.13498,26.60516,0
            128.13452,26.60587,0
            128.13389,26.60693,0
            128.13377,26.6071,0
            128.13353,26.60735,0
            128.13336,26.60748,0
            128.13324,26.60756,0
            128.13307,26.60765,0
            128.1328,26.60776,0
            128.13263,26.60781,0
            128.13248,26.60784,0
            128.13214,26.60787,0
            128.13193,26.60785,0
            128.13185,26.60785,0
            128.1309,26.60769,0
            128.13089,26.60768,0
            128.13046,26.60761,0
            128.13027,26.60755,0
            128.1302,26.60752,0
            128.13013,26.6075,0
            128.12995,26.6074,0
            128.12994,26.6074,0
            128.12982,26.60731,0
            128.12972,26.60721,0
            128.12948,26.6069,0
            128.12886,26.60589,0
            128.12872,26.60569,0
            128.12861,26.60556,0
            128.12854,26.60549,0
            128.12838,26.60538,0
            128.12825,26.60531,0
            128.12806,26.60525,0
            128.12786,26.60521,0
            128.12666,26.6051,0
            128.12644,26.60512,0
            128.12639,26.60512,0
            128.12629,26.60514,0
            128.12608,26.60521,0
            128.12597,26.60526,0
            128.12575,26.6054,0
            128.12522,26.60582,0
            128.12503,26.60593,0
            128.1249,26.60599,0
            128.12474,26.60603,0
            128.12463,26.60604,0
            128.12446,26.60603,0
            128.12428,26.606,0
            128.12413,26.60594,0
            128.12401,26.60587,0
            128.12382,26.60574,0
            128.12371,26.60561,0
            128.12367,26.60554,0
            128.12365,26.60552,0
            128.12351,26.60515,0
            128.12348,26.60503,0
            128.12342,26.60485,0
            128.12342,26.60483,0
            128.12333,26.6045,0
            128.1233,26.60433,0
            128.12329,26.6043,0
            128.12326,26.60407,0
            128.12326,26.60383,0
            128.1233,26.60341,0
            128.12341,26.60297,0
            128.12359,26.60255,0
            128.12464,26.60078,0
            128.12466,26.60073,0
            128.12508,26.59989,0
            128.12533,26.59925,0
            128.12533,26.59924,0
            128.12559,26.59862,0
            128.12569,26.59845,0
            128.12575,26.59833,0
            128.12606,26.59786,0
            128.12612,26.5978,0
            128.12618,26.59772,0
            128.12654,26.59733,0
            128.12686,26.59703,0
            128.12705,26.5968,0
            128.1272,26.59653,0
            128.12726,26.59634,0
            128.12728,26.59623,0
            128.1273,26.59603,0
            128.1273,26.5955,0
            128.12731,26.59543,0
            128.12731,26.59538,0
            128.12732,26.59532,0
            128.12734,26.59527,0
            128.12735,26.59521,0
            128.12737,26.59516,0
            128.12739,26.59509,0
            128.12744,26.59497,0
            128.12745,26.59496,0
            128.12747,26.59491,0
            128.1276,26.59472,0
            128.12761,26.59469,0
            128.12783,26.59437,0
            128.1279,26.59425,0
            128.12795,26.59413,0
            128.12796,26.59412,0
            128.12834,26.59301,0
            128.12838,26.59293,0
            128.12842,26.59283,0
            128.1285,26.59267,0
            128.12861,26.59251,0
            128.12864,26.59245,0
            128.12874,26.59231,0
            128.12886,26.59212,0
            128.12892,26.59205,0
            128.12897,26.59198,0
            128.12898,26.59196,0
            128.12976,26.59098,0
            128.1298,26.59094,0
            128.12988,26.59082,0
            128.1299,26.59076,0
            128.12992,26.59072,0
            128.12993,26.59067,0
            128.12993,26.59054,0
            128.12992,26.59047,0
            128.12992,26.59042,0
            128.12987,26.59015,0
            128.12987,26.59012,0
            128.12986,26.59008,0
            128.12985,26.59006,0
            128.12984,26.59001,0
            128.12982,26.58997,0
            128.12974,26.58985,0
            128.12971,26.58982,0
            128.12962,26.58976,0
            128.12958,26.58974,0
            128.12955,26.58973,0
            128.12951,26.58971,0
            128.12947,26.5897,0
            128.12943,26.5897,0
            128.12929,26.58968,0
            128.12871,26.58967,0
            128.12867,26.58966,0
            128.1286,26.58966,0
            128.12853,26.58964,0
            128.12851,26.58964,0
            128.12849,26.58963,0
            128.12841,26.58961,0
            128.12838,26.58959,0
            128.12833,26.58957,0
            128.12827,26.58952,0
            128.12825,26.58951,0
            128.12806,26.58933,0
            128.12803,26.58932,0
            128.12802,26.5893,0
            128.12799,26.58929,0
            128.12794,26.58926,0
            128.12791,26.58925,0
            128.12787,26.58923,0
            128.12783,26.58922,0
            128.12781,26.58921,0
            128.12779,26.58921,0
            128.12771,26.58919,0
            128.12767,26.58919,0
            128.12765,26.58918,0
            128.12763,26.58918,0
            128.12751,26.58913,0
            128.12748,26.5891,0
            128.12746,26.58909,0
            128.12741,26.58904,0
            128.1274,26.58902,0
            128.12738,26.589,0
            128.12734,26.58892,0
            128.12733,26.58889,0
            128.12733,26.58885,0
            128.12732,26.58883,0
            128.1273,26.58803,0
            128.12731,26.588,0
            128.12731,26.58798,0
            128.12732,26.58796,0
            128.12732,26.58794,0
            128.12733,26.58792,0
            128.12734,26.58791,0
            128.12735,26.58788,0
            128.12736,26.58787,0
            128.12736,26.58786,0
            128.12738,26.58784,0
            128.12741,26.58779,0
            128.12743,26.58778,0
            128.12749,26.58772,0
            128.12754,26.5877,0
            128.12756,26.58768,0
            128.12758,26.58767,0
            128.12762,26.58766,0
            128.12765,26.58764,0
            128.12788,26.58757,0
            128.12793,26.58755,0
            128.12794,26.58755,0
            128.12801,26.58751,0
            128.12811,26.58741,0
            128.12812,26.58739,0
            128.12813,26.58738,0
            128.12813,26.58736,0
            128.12815,26.58731,0
            128.12815,26.58728,0
            128.12816,26.58725,0
            128.12816,26.58715,0
            128.12815,26.58713,0
            128.12815,26.58711,0
            128.12806,26.58692,0
            128.12804,26.58684,0
            128.12804,26.58677,0
            128.12805,26.58674,0
            128.12805,26.58673,0
            128.12806,26.58671,0
            128.12806,26.58669,0
            128.12809,26.58663,0
            128.12811,26.5866,0
            128.12814,26.58657,0
            128.12814,26.58656,0
            128.12849,26.58628,0
            128.12858,26.58617,0
            128.12861,26.58614,0
            128.12865,26.58608,0
            128.12866,26.58605,0
            128.12868,26.58602,0
            128.12869,26.58597,0
            128.12872,26.58589,0
            128.12875,26.58578,0
            128.12878,26.58558,0
            128.12879,26.58554,0
            128.12879,26.58548,0
            128.12878,26.58546,0
            128.12878,26.58541,0
            128.12873,26.58527,0
            128.12871,26.58523,0
            128.12854,26.58498,0
            128.12849,26.58493,0
            128.12844,26.58485,0
            128.12838,26.58478,0
            128.12836,26.58475,0
            128.12816,26.58455,0
            128.12784,26.58427,0
            128.12782,26.58426,0
            128.12769,26.58416,0
            128.12766,26.58413,0
            128.12763,26.58412,0
            128.12761,26.5841,0
            128.12757,26.58408,0
            128.12756,26.58408,0
            128.12753,26.58407,0
            128.12747,26.58404,0
            128.12739,26.58402,0
            128.12738,26.58401,0
            128.12733,26.584,0
            128.12727,26.584,0
            128.12724,26.58399,0
            128.12707,26.58399,0
            128.12691,26.58402,0
            128.12689,26.58403,0
            128.12685,26.58404,0
            128.1264,26.58421,0
            128.12636,26.58423,0
            128.12625,26.58427,0
            128.12622,26.58429,0
            128.12614,26.58432,0
            128.12605,26.58438,0
            128.12604,26.58438,0
            128.12573,26.5846,0
            128.12565,26.58467,0
            128.12555,26.58473,0
            128.12552,26.58474,0
            128.12548,26.58476,0
            128.12536,26.58479,0
            128.12531,26.58479,0
            128.12527,26.5848,0
            128.12521,26.58479,0
            128.12516,26.58479,0
            128.12501,26.58475,0
            128.12497,26.58473,0
            128.12496,26.58473,0
            128.12486,26.58467,0
            128.12485,26.58466,0
            128.12482,26.58464,0
            128.12481,26.58462,0
            128.1247,26.58453,0
            128.12459,26.58442,0
            128.12456,26.5844,0
            128.1245,26.58434,0
            128.124,26.58396,0
            128.12396,26.58392,0
            128.12395,26.58392,0
            128.1239,26.58389,0
            128.12382,26.58383,0
            128.12348,26.58364,0
            128.12245,26.58317,0
            128.12241,26.58314,0
            128.12239,26.58312,0
            128.12236,26.5831,0
            128.12233,26.58306,0
            128.1223,26.58303,0
            128.12225,26.58296,0
            128.12224,26.58292,0
            128.12222,26.58289,0
            128.12221,26.58286,0
            128.12221,26.58282,0
            128.1222,26.58279,0
            128.1222,26.58272,0
            128.12219,26.58261,0
            128.1222,26.58224,0
            128.12219,26.58222,0
            128.12219,26.58218,0
            128.12215,26.58202,0
            128.12205,26.58186,0
            128.12204,26.58185,0
            128.12185,26.58159,0
            128.12184,26.58159,0
            128.12094,26.5804,0
            128.12083,26.58024,0
            128.12075,26.58014,0
            128.12065,26.57995,0
            128.1206,26.57981,0
            128.12058,26.57968,0
            128.12058,26.57954,0
            128.1206,26.57941,0
            128.12063,26.57931,0
            128.12072,26.57914,0
            128.1208,26.57901,0
            128.12118,26.57849,0
            128.12132,26.57834,0
            128.1214,26.57827,0
            128.12156,26.57816,0
            128.12238,26.57769,0
            128.12239,26.57769,0
            128.12267,26.57749,0
            128.12328,26.57688,0
            128.12334,26.57681,0
            128.1234,26.5767,0
            128.12342,26.57665,0
            128.12343,26.5766,0
            128.12345,26.57654,0
            128.12345,26.57634,0
            128.12342,26.57578,0
            128.1234,26.57568,0
            128.12333,26.57548,0
            128.12324,26.57532,0
            128.12319,26.57525,0
            128.12308,26.57513,0
            128.12295,26.57503,0
            128.12285,26.57493,0
            128.12276,26.57482,0
            128.12266,26.57463,0
            128.1223,26.57357,0
            128.12222,26.57337,0
            128.12214,26.57322,0
            128.12207,26.57313,0
            128.12193,26.57303,0
            128.12176,26.57296,0
            128.12158,26.57294,0
            128.12147,26.57294,0
            128.12128,26.57299,0
            128.12123,26.57302,0
            128.12114,26.57305,0
            128.12078,26.57321,0
            128.12054,26.5733,0
            128.1204,26.57334,0
            128.12015,26.57339,0
            128.12,26.57341,0
            128.11958,26.57341,0
            128.11955,26.5734,0
            128.11941,26.57339,0
            128.11921,26.57335,0
            128.11903,26.5733,0
            128.11873,26.57318,0
            128.11867,26.57315,0
            128.11861,26.57311,0
            128.11857,26.57309,0
            128.11836,26.57295,0
            128.11819,26.5728,0
            128.1181,26.57271,0
            128.11791,26.57248,0
            128.11781,26.57232,0
            128.11781,26.57231,0
            128.11773,26.57216,0
            128.11763,26.57185,0
            128.11759,26.57162,0
            128.11759,26.57152,0
            128.11758,26.57145,0
            128.11754,26.56986,0
            128.1175,26.56946,0
            128.11748,26.56911,0
            128.11747,26.56908,0
            128.11736,26.56774,0
            128.11736,26.56765,0
            128.11735,26.56765,0
            128.11734,26.56748,0
            128.11731,26.56729,0
            128.11731,26.56726,0
            128.11728,26.56713,0
            128.11721,26.56698,0
            128.11719,26.56695,0
            128.11717,26.5669,0
            128.11714,26.56687,0
            128.11711,26.56683,0
            128.11699,26.56671,0
            128.11694,26.56667,0
            128.11671,26.56654,0
            128.11651,26.56647,0
            128.11594,26.56623,0
            128.11582,26.56616,0
            128.11574,26.56608,0
            128.11567,26.56598,0
            128.11565,26.56593,0
            128.11563,26.5659,0
            128.1156,26.56578,0
            128.1156,26.56574,0
            128.11559,26.5657,0
            128.11559,26.56566,0
            128.11561,26.56557,0
            128.11561,26.56554,0
            128.11563,26.5655,0
            128.11564,26.56546,0
            128.11566,26.56542,0
            128.11567,26.56541,0
            128.11573,26.56529,0
            128.11576,26.56525,0
            128.11675,26.56351,0
            128.11682,26.56335,0
            128.11686,26.56318,0
            128.11686,26.56312,0
            128.11687,26.56309,0
            128.11687,26.56305,0
            128.11686,26.56301,0
            128.11686,26.56295,0
            128.11682,26.56279,0
            128.11672,26.5626,0
            128.11664,26.56248,0
            128.1161,26.56179,0
            128.11608,26.56177,0
            128.11562,26.56118,0
            128.11559,26.56115,0
            128.11493,26.5603,0
            128.11492,26.5603,0
            128.11488,26.56026,0
            128.11471,26.56012,0
            128.11455,26.56003,0
            128.11445,26.55999,0
            128.11444,26.55999,0
            128.11427,26.55992,0
            128.11398,26.55982,0
            128.11395,26.5598,0
            128.11393,26.55978,0
            128.11389,26.55976,0
            128.1138,26.55969,0
            128.11377,26.55964,0
            128.11376,26.55963,0
            128.1137,26.55954,0
            128.11367,26.55943,0
            128.11365,26.55886,0
            128.11363,26.55878,0
            128.11363,26.55876,0
            128.11361,26.5587,0
            128.1136,26.55868,0
            128.11358,26.55866,0
            128.11356,26.55863,0
            128.11349,26.55856,0
            128.11346,26.55854,0
            128.11338,26.55851,0
            128.11337,26.55851,0
            128.11333,26.55849,0
            128.11328,26.55848,0
            128.11314,26.55848,0
            128.11303,26.5585,0
            128.113,26.55852,0
            128.11296,26.55853,0
            128.11282,26.55861,0
            128.11281,26.55861,0
            128.11268,26.55868,0
            128.1126,26.55871,0
            128.11256,26.55873,0
            128.1125,26.55875,0
            128.11244,26.55876,0
            128.11232,26.55876,0
            128.11228,26.55875,0
            128.11224,26.55875,0
            128.11214,26.55872,0
            128.11199,26.55862,0
            128.11197,26.5586,0
            128.1119,26.55849,0
            128.11189,26.55846,0
            128.11188,26.5584,0
            128.11187,26.55837,0
            128.11187,26.55833,0
            128.11189,26.55824,0
            128.11189,26.55822,0
            128.1119,26.55819,0
            128.11192,26.55816,0
            128.11196,26.55802,0
            128.11196,26.55798,0
            128.11195,26.55795,0
            128.11194,26.55789,0
            128.1119,26.55779,0
            128.11188,26.55776,0
            128.11184,26.55772,0
            128.11182,26.55769,0
            128.11107,26.55701,0
            128.11085,26.55678,0
            128.11082,26.55673,0
            128.11061,26.55649,0
            128.11001,26.55573,0
            128.10999,26.55572,0
            128.10992,26.55563,0
            128.10991,26.55561,0
            128.10988,26.55557,0
            128.10984,26.5555,0
            128.10984,26.55549,0
            128.1098,26.55542,0
            128.10975,26.55521,0
            128.10975,26.55507,0
            128.10973,26.55482,0
            128.10973,26.55467,0
            128.10972,26.55456,0
            128.10969,26.55438,0
            128.10968,26.55436,0
            128.10965,26.55422,0
            128.10965,26.5542,0
            128.10934,26.55326,0
            128.10917,26.55289,0
            128.10891,26.55239,0
            128.10889,26.55236,0
            128.10872,26.55203,0
            128.1087,26.552,0
            128.1083,26.55125,0
            128.10819,26.55099,0
            128.10813,26.55079,0
            128.10809,26.55051,0
            128.10806,26.5504,0
            128.10804,26.55036,0
            128.10802,26.5503,0
            128.108,26.55027,0
            128.10798,26.55022,0
            128.10797,26.55021,0
            128.10794,26.55016,0
            128.10791,26.55013,0
            128.10782,26.55002,0
            128.10674,26.54928,0
            128.1067,26.54924,0
            128.10658,26.54916,0
            128.10641,26.54908,0
            128.10622,26.54896,0
            128.1056,26.54864,0
            128.10543,26.54854,0
            128.10532,26.54845,0
            128.10516,26.5483,0
            128.10508,26.5482,0
            128.10494,26.54798,0
            128.10479,26.54779,0
            128.10473,26.54774,0
            128.10465,26.54766,0
            128.10449,26.54754,0
            128.10369,26.54708,0
            128.10338,26.54688,0
            128.10334,26.54684,0
            128.10332,26.54684,0
            128.10178,26.54571,0
            128.10095,26.54518,0
            128.10075,26.54503,0
            128.10062,26.5449,0
            128.10018,26.54428,0
            128.10011,26.54416,0
            128.09996,26.54394,0
            128.09989,26.54386,0
            128.09975,26.54375,0
            128.09971,26.54373,0
            128.09967,26.5437,0
            128.09955,26.54364,0
            128.09946,26.54361,0
            128.09927,26.54357,0
            128.09904,26.54355,0
            128.09889,26.54355,0
            128.09869,26.54358,0
            128.09851,26.54363,0
            128.09835,26.54365,0
            128.0983,26.54365,0
            128.09808,26.54363,0
            128.09796,26.54359,0
            128.09783,26.54353,0
            128.09778,26.5435,0
            128.09775,26.54349,0
            128.09766,26.54342,0
            128.0976,26.54336,0
            128.09759,26.54334,0
            128.09746,26.54315,0
            128.09737,26.54306,0
            128.09734,26.54301,0
            128.09722,26.54291,0
            128.09705,26.54282,0
            128.09689,26.54276,0
            128.09688,26.54276,0
            128.09681,26.54274,0
            128.09659,26.54271,0
            128.09641,26.54272,0
            128.09634,26.54274,0
            128.09629,26.54274,0
            128.09614,26.54277,0
            128.09596,26.54278,0
            128.09575,26.54276,0
            128.09566,26.54274,0
            128.09544,26.54267,0
            128.09517,26.54256,0
            128.09483,26.54237,0
            128.09479,26.54234,0
            128.09476,26.54231,0
            128.09473,26.54229,0
            128.09466,26.54222,0
            128.09445,26.54204,0
            128.0944,26.54199,0
            128.09408,26.54178,0
            128.09278,26.54121,0
            128.09259,26.54114,0
            128.09207,26.54091,0
            128.09136,26.54065,0
            128.09134,26.54065,0
            128.0913,26.54063,0
            128.09127,26.54062,0
            128.09125,26.5406,0
            128.09121,26.54058,0
            128.0912,26.54058,0
            128.09117,26.54056,0
            128.09114,26.54055,0
            128.09101,26.54046,0
            128.09095,26.54043,0
            128.09056,26.54008,0
            128.0905,26.54004,0
            128.09048,26.54002,0
            128.09045,26.54,0
            128.09043,26.53998,0
            128.09039,26.53996,0
            128.09037,26.53994,0
            128.09033,26.53992,0
            128.09025,26.53989,0
            128.09022,26.53987,0
            128.0902,26.53987,0
            128.09016,26.53985,0
            128.09012,26.53984,0
            128.0901,26.53984,0
            128.09002,26.53982,0
            128.08999,26.53982,0
            128.08996,26.53981,0
            128.08977,26.53981,0
            128.08965,26.53984,0
            128.08961,26.53984,0
            128.08958,26.53985,0
            128.08957,26.53986,0
            128.08942,26.53989,0
            128.08907,26.54,0
            128.08904,26.54002,0
            128.08886,26.54009,0
            128.08873,26.54015,0
            128.08866,26.54019,0
            128.08863,26.5402,0
            128.08859,26.54022,0
            128.0885,26.54025,0
            128.08837,26.54028,0
            128.08821,26.5403,0
            128.08799,26.5403,0
            128.08798,26.54029,0
            128.08795,26.54029,0
            128.08725,26.54014,0
            128.0872,26.54014,0
            128.08716,26.54013,0
            128.08695,26.54013,0
            128.08679,26.54016,0
            128.0867,26.54019,0
            128.08656,26.54025,0
            128.08652,26.54028,0
            128.08645,26.54032,0
            128.08637,26.54038,0
            128.08623,26.54052,0
            128.08622,26.54054,0
            128.08594,26.54095,0
            128.08585,26.5411,0
            128.0858,26.54117,0
            128.08572,26.54135,0
            128.08569,26.54148,0
            128.08569,26.54152,0
            128.08568,26.54158,0
            128.08568,26.54173,0
            128.0858,26.54273,0
            128.0858,26.5428,0
            128.08579,26.54286,0
            128.08579,26.54291,0
            128.08576,26.54307,0
            128.08573,26.54312,0
            128.08567,26.54325,0
            128.08555,26.54341,0
            128.08513,26.54388,0
            128.08508,26.54392,0
            128.08505,26.54396,0
            128.08475,26.54422,0
            128.08467,26.54427,0
            128.08458,26.54434,0
            128.08453,26.54436,0
            128.08441,26.54447,0
            128.08439,26.54448,0
            128.08431,26.54456,0
            128.08422,26.5447,0
            128.08414,26.54489,0
            128.08412,26.545,0
            128.08412,26.54519,0
            128.08413,26.54526,0
            128.08419,26.54547,0
            128.08419,26.54569,0
            128.08416,26.54581,0
            128.08416,26.54584,0
            128.08415,26.54585,0
            128.08415,26.54587,0
            128.08413,26.5459,0
            128.08412,26.54593,0
            128.08406,26.54605,0
            128.08358,26.54681,0
            128.08347,26.54701,0
            128.08324,26.5475,0
            128.08311,26.54767,0
            128.08298,26.5478,0
            128.08295,26.54782,0
            128.08293,26.54784,0
            128.08287,26.54788,0
            128.08281,26.54793,0
            128.08279,26.54793,0
            128.08262,26.54805,0
            128.0822,26.54829,0
            128.08217,26.5483,0
            128.08198,26.5484,0
            128.08195,26.54841,0
            128.08192,26.54844,0
            128.08191,26.54844,0
            128.08184,26.54849,0
            128.0818,26.54853,0
            128.08176,26.54856,0
            128.08168,26.54865,0
            128.08159,26.54881,0
            128.08152,26.54903,0
            128.08152,26.54905,0
            128.08151,26.5491,0
            128.08151,26.54922,0
            128.08152,26.54926,0
            128.08152,26.5493,0
            128.08154,26.54937,0
            128.08158,26.54957,0
            128.0816,26.54962,0
            128.08161,26.54969,0
            128.08163,26.54974,0
            128.0817,26.55006,0
            128.08171,26.55013,0
            128.08171,26.55028,0
            128.0817,26.55033,0
            128.0817,26.55039,0
            128.08167,26.55048,0
            128.08166,26.55053,0
            128.08157,26.55073,0
            128.08148,26.5509,0
            128.08147,26.55093,0
            128.08129,26.55125,0
            128.08129,26.55126,0
            128.08094,26.5519,0
            128.08087,26.55199,0
            128.08087,26.552,0
            128.08064,26.55229,0
            128.08019,26.55279,0
            128.08012,26.5529,0
            128.07966,26.55343,0
            128.07964,26.55346,0
            128.07901,26.55413,0
            128.0787,26.55453,0
            128.07868,26.55457,0
            128.0786,26.55469,0
            128.07799,26.55578,0
            128.07789,26.55601,0
            128.07781,26.55625,0
            128.07779,26.55634,0
            128.07777,26.55638,0
            128.07774,26.55651,0
            128.07768,26.5567,0
            128.07755,26.55693,0
            128.07741,26.55707,0
            128.07732,26.55714,0
            128.07724,26.55719,0
            128.07681,26.55741,0
            128.07666,26.55751,0
            128.07662,26.55753,0
            128.07597,26.55797,0
            128.07593,26.55799,0
            128.07579,26.55808,0
            128.07552,26.55818,0
            128.07547,26.55818,0
            128.07542,26.55819,0
            128.0754,26.55819,0
            128.07537,26.5582,0
            128.0752,26.5582,0
            128.07501,26.55817,0
            128.07494,26.55815,0
            128.07469,26.55804,0
            128.07397,26.55765,0
            128.07388,26.55759,0
            128.07358,26.55743,0
            128.07329,26.55733,0
            128.07326,26.55733,0
            128.07322,26.55732,0
            128.07312,26.55731,0
            128.07304,26.55731,0
            128.07297,26.55732,0
            128.0729,26.55732,0
            128.07284,26.55733,0
            128.07282,26.55734,0
            128.0728,26.55734,0
            128.07276,26.55736,0
            128.07271,26.55737,0
            128.07267,26.55739,0
            128.07266,26.55739,0
            128.0724,26.55752,0
            128.07238,26.55754,0
            128.07232,26.55757,0
            128.07231,26.55758,0
            128.07204,26.55774,0
            128.07184,26.55784,0
            128.07176,26.55787,0
            128.07158,26.55791,0
            128.07155,26.55791,0
            128.07148,26.55792,0
            128.07131,26.55792,0
            128.07103,26.55788,0
            128.071,26.55787,0
            128.07094,26.55786,0
            128.06997,26.55751,0
            128.06974,26.55741,0
            128.06952,26.55733,0
            128.0693,26.55723,0
            128.06891,26.55709,0
            128.06876,26.55705,0
            128.06624,26.55665,0
            128.06571,26.55654,0
            128.0656,26.5565,0
            128.06533,26.55638,0
            128.06524,26.55631,0
            128.06517,26.55627,0
            128.06497,26.55608,0
            128.0649,26.55599,0
            128.06475,26.55573,0
            128.06467,26.55545,0
            128.06466,26.55538,0
            128.06465,26.55514,0
            128.0647,26.5546,0
            128.06477,26.55406,0
            128.06478,26.5539,0
            128.06479,26.55385,0
            128.06482,26.5535,0
            128.06483,26.55346,0
            128.06483,26.55315,0
            128.0648,26.55301,0
            128.06474,26.55287,0
            128.06467,26.55277,0
            128.06457,26.55266,0
            128.06447,26.55259,0
            128.06446,26.55258,0
            128.06438,26.55254,0
            128.06435,26.55252,0
            128.06421,26.55247,0
            128.06408,26.55244,0
            128.06402,26.55242,0
            128.06162,26.55202,0
            128.06143,26.55198,0
            128.06135,26.55197,0
            128.06126,26.55195,0
            128.06106,26.55189,0
            128.06104,26.55189,0
            128.06048,26.5517,0
            128.06025,26.5516,0
            128.06019,26.55158,0
            128.05994,26.55145,0
            128.05989,26.55143,0
            128.05986,26.55141,0
            128.05972,26.55134,0
            128.05971,26.55133,0
            128.05916,26.55102,0
            128.0591,26.55098,0
            128.05907,26.55097,0
            128.05906,26.55096,0
            128.05894,26.5509,0
            128.05889,26.55089,0
            128.05884,26.55087,0
            128.05861,26.55082,0
            128.05837,26.55082,0
            128.05826,26.55083,0
            128.05821,26.55084,0
            128.05808,26.55088,0
            128.05803,26.55089,0
            128.05792,26.55094,0
            128.05789,26.55096,0
            128.0578,26.551,0
            128.0573,26.55127,0
            128.057,26.55136,0
            128.05687,26.55138,0
            128.05671,26.55138,0
            128.05652,26.55135,0
            128.05645,26.55133,0
            128.0564,26.55131,0
            128.05633,26.55129,0
            128.05436,26.55054,0
            128.05403,26.55039,0
            128.05387,26.55029,0
            128.05373,26.55018,0
            128.05354,26.55,0
            128.0535,26.54995,0
            128.05273,26.54917,0
            128.05267,26.54912,0
            128.05261,26.54908,0
            128.05248,26.54902,0
            128.05243,26.54901,0
            128.05238,26.54899,0
            128.05224,26.54896,0
            128.05219,26.54896,0
            128.05213,26.54895,0
            128.05201,26.54895,0
            128.05187,26.54897,0
            128.05173,26.54901,0
            128.05101,26.54927,0
            128.05074,26.54933,0
            128.05066,26.54934,0
            128.05045,26.54934,0
            128.04972,26.54926,0
            128.0468,26.54883,0
            128.04645,26.54876,0
            128.04607,26.54865,0
            128.04533,26.54837,0
            128.04496,26.54825,0
            128.04494,26.54825,0
            128.04484,26.54822,0
            128.04468,26.5482,0
            128.0446,26.5482,0
            128.04442,26.54822,0
            128.0443,26.54825,0
            128.04418,26.54829,0
            128.0441,26.54833,0
            128.04409,26.54834,0
            128.04404,26.54836,0
            128.04384,26.54851,0
            128.04239,26.54995,0
            128.0421,26.55026,0
            128.04201,26.55037,0
            128.04193,26.55049,0
            128.04182,26.55068,0
            128.04178,26.55079,0
            128.04175,26.55085,0
            128.04169,26.55111,0
            128.04167,26.55128,0
            128.04167,26.55142,0
            128.0417,26.5517,0
            128.04178,26.552,0
            128.04179,26.55202,0
            128.04188,26.55231,0
            128.0422,26.55321,0
            128.04227,26.55349,0
            128.04228,26.55357,0
            128.04228,26.55377,0
            128.04227,26.55384,0
            128.04226,26.55386,0
            128.04226,26.5539,0
            128.04223,26.55397,0
            128.04222,26.55401,0
            128.04213,26.55416,0
            128.04194,26.55437,0
            128.04188,26.55441,0
            128.04187,26.55442,0
            128.04171,26.55451,0
            128.0417,26.55451,0
            128.04165,26.55453,0
            128.04152,26.55456,0
            128.04151,26.55456,0
            128.04147,26.55457,0
            128.04139,26.55458,0
            128.04115,26.55458,0
            128.04109,26.55457,0
            128.04085,26.5545,0
            128.04077,26.55446,0
            128.04073,26.55443,0
            128.04069,26.55441,0
            128.04054,26.55429,0
            128.04046,26.55421,0
            128.04036,26.55409,0
            128.03969,26.55314,0
            128.03965,26.55307,0
            128.03943,26.55275,0
            128.03919,26.55249,0
            128.0391,26.55242,0
            128.03886,26.55226,0
            128.03871,26.55218,0
            128.03861,26.55214,0
            128.0385,26.55211,0
            128.03849,26.5521,0
            128.03816,26.55202,0
            128.03622,26.5519,0
            128.03608,26.5519,0
            128.03594,26.55189,0
            128.03583,26.55189,0
            128.03578,26.55188,0
            128.03568,26.55188,0
            128.0356,26.55186,0
            128.03556,26.55186,0
            128.03548,26.55185,0
            128.0354,26.55183,0
            128.03533,26.55182,0
            128.03506,26.55173,0
            128.03482,26.55162,0
            128.03475,26.55158,0
            128.0347,26.55154,0
            128.03465,26.55151,0
            128.03448,26.55138,0
            128.03429,26.55119,0
            128.03418,26.55105,0
            128.03414,26.55098,0
            128.03412,26.55093,0
            128.03407,26.55089,0
            128.03407,26.55088,0
            128.03383,26.55057,0
            128.0334,26.54997,0
            128.03221,26.54818,0
            128.03219,26.54814,0
            128.03143,26.54708,0
            128.03134,26.54697,0
            128.03133,26.54695,0
            128.03129,26.5469,0
            128.03126,26.54685,0
            128.03115,26.5467,0
            128.03077,26.54611,0
            128.03076,26.54607,0
            128.03062,26.54573,0
            128.03052,26.54544,0
            128.03001,26.54288,0
            128.03001,26.54286,0
            128.0299,26.54228,0
            128.02989,26.54225,0
            128.02979,26.54178,0
            128.02997,26.5417,0
            128.03016,26.54163,0
            128.03088,26.54132,0
            128.03093,26.54129,0
            128.03167,26.54099,0
            128.03188,26.54088,0
            128.03208,26.54076,0
            128.03213,26.54071,0
            128.03229,26.54058,0
            128.03241,26.54046,0
            128.03316,26.53958,0
            128.0333,26.53943,0
            128.03337,26.53934,0
            128.03413,26.53848,0
            128.03444,26.53819,0
            128.0345,26.53815,0
            128.03452,26.53812,0
            128.03481,26.53792,0
            128.03515,26.53772,0
            128.03518,26.53771,0
            128.03532,26.53764,0
            128.03535,26.53763,0
            128.03549,26.53756,0
            128.03623,26.53726,0
            128.03623,26.53725,0
            128.0364,26.53718,0
            128.03667,26.53703,0
            128.0369,26.53686,0
            128.03706,26.53671,0
            128.0371,26.53666,0
            128.03715,26.53661,0
            128.03716,26.53659,0
            128.03722,26.53652,0
            128.03726,26.53646,0
            128.03731,26.5364,0
            128.03734,26.53633,0
            128.03738,26.53627,0
            128.03745,26.53612,0
            128.03755,26.53587,0
            128.03757,26.53579,0
            128.03783,26.53499,0
            128.03792,26.53477,0
            128.03802,26.53459,0
            128.03805,26.53452,0
            128.03818,26.53432,0
            128.03822,26.53427,0
            128.03825,26.53422,0
            128.03829,26.53418,0
            128.03832,26.53414,0
            128.03834,26.53412,0
            128.03837,26.53408,0
            128.03854,26.53389,0
            128.0386,26.53384,0
            128.03867,26.53377,0
            128.0387,26.53375,0
            128.03878,26.53367,0
            128.03891,26.53357,0
            128.03913,26.53342,0
            128.03939,26.53327,0
            128.03946,26.53324,0
            128.03961,26.53316,0
            128.03984,26.53307,0
            128.04011,26.53299,0
            128.04052,26.53289,0
            128.04127,26.53275,0
            128.04173,26.53264,0
            128.04189,26.53259,0
            128.04234,26.5324,0
            128.04254,26.53228,0
            128.04259,26.53224,0
            128.04271,26.53216,0
            128.04284,26.53204,0
            128.04286,26.53203,0
            128.04287,26.53201,0
            128.04291,26.53197,0
            128.04294,26.53193,0
            128.04299,26.53188,0
            128.04307,26.53177,0
            128.04308,26.53175,0
            128.04314,26.53167,0
            128.04323,26.53148,0
            128.04326,26.53143,0
            128.04327,26.53138,0
            128.04329,26.53133,0
            128.0433,26.53129,0
            128.04333,26.53121,0
            128.04336,26.53106,0
            128.04336,26.531,0
            128.04337,26.53095,0
            128.04337,26.5307,0
            128.04335,26.53056,0
            128.04334,26.53052,0
            128.04334,26.53048,0
            128.04332,26.5304,0
            128.04326,26.53022,0
            128.04316,26.52998,0
            128.04309,26.52987,0
            128.04305,26.52983,0
            128.043,26.52975,0
            128.04295,26.52969,0
            128.04289,26.5296,0
            128.04285,26.52957,0
            128.04269,26.52942,0
            128.04259,26.52935,0
            128.04258,26.52934,0
            128.04239,26.52921,0
            128.04229,26.52916,0
            128.04225,26.52913,0
            128.04195,26.52898,0
            128.04194,26.52898,0
            128.04169,26.52887,0
            128.0403,26.52832,0
            128.04026,26.52831,0
            128.04007,26.52824,0
            128.03999,26.5282,0
            128.03989,26.52817,0
            128.03926,26.52792,0
            128.03916,26.52789,0
            128.03886,26.52776,0
            128.03825,26.52754,0
            128.03713,26.52709,0
            128.03707,26.52706,0
            128.03657,26.52687,0
            128.03612,26.52666,0
            128.03528,26.52622,0
            128.03528,26.52621,0
            128.03483,26.52598,0
            128.03471,26.52591,0
            128.03467,26.52588,0
            128.03443,26.52576,0
            128.03385,26.5255,0
            128.03367,26.52545,0
            128.03347,26.52538,0
            128.03297,26.52527,0
            128.03271,26.52524,0
            128.03254,26.52521,0
            128.03203,26.52519,0
            128.0315,26.52522,0
            128.02987,26.52526,0
            128.02904,26.52525,0
            128.02878,26.52521,0
            128.02858,26.52519,0
            128.02838,26.52515,0
            128.02836,26.52515,0
            128.02818,26.52511,0
            128.02769,26.52497,0
            128.02617,26.52444,0
            128.02562,26.52429,0
            128.02554,26.52426,0
            128.02508,26.52415,0
            128.02418,26.52398,0
            128.02397,26.52396,0
            128.02385,26.52394,0
            128.02339,26.52389,0
            128.02318,26.52388,0
            128.0227,26.52383,0
            128.02237,26.52378,0
            128.02234,26.52377,0
            128.02224,26.52376,0
            128.02198,26.52369,0
            128.02196,26.52369,0
            128.02187,26.52367,0
            128.02179,26.52364,0
            128.02171,26.52362,0
            128.02141,26.52352,0
            128.02093,26.52331,0
            128.02082,26.52325,0
            128.02079,26.52324,0
            128.02012,26.52284,0
            128.02008,26.52281,0
            128.01818,26.52161,0
            128.01815,26.5216,0
            128.01799,26.5215,0
            128.01797,26.5215,0
            128.01784,26.52143,0
            128.01778,26.52141,0
            128.01765,26.52135,0
            128.01732,26.52124,0
            128.01671,26.52108,0
            128.01594,26.52095,0
            128.01586,26.52093,0
            128.01212,26.52031,0
            128.01204,26.52029,0
            128.00939,26.51985,0
            128.00846,26.51963,0
            128.00816,26.51954,0
            128.00757,26.51933,0
            128.00753,26.51932,0
            128.00707,26.51913,0
            128.00681,26.519,0
            128.0068,26.519,0
            128.00672,26.51895,0
            128.00654,26.51886,0
            128.00626,26.5187,0
            128.00578,26.5184,0
            128.00541,26.51813,0
            128.00536,26.5181,0
            128.00509,26.5179,0
            128.00478,26.51764,0
            128.0046,26.51746,0
            128.00446,26.51734,0
            128.00446,26.51733,0
            128.00415,26.51703,0
            128.00406,26.51693,0
            128.00324,26.51611,0
            128.00304,26.51593,0
            128.00168,26.51461,0
            128.00168,26.5146,0
            128.00142,26.51434,0
            128.00114,26.51411,0
            128.00091,26.51395,0
            128.0007,26.51383,0
            128.00033,26.51367,0
            128.00024,26.51364,0
            128.00022,26.51363,0
            127.99991,26.51354,0
            127.99986,26.51352,0
            127.997,26.5127,0
            127.99693,26.51267,0
            127.99664,26.51259,0
            127.99657,26.51256,0
            127.99645,26.51252,0
            127.99627,26.51244,0
            127.99626,26.51244,0
            127.99621,26.51241,0
            127.99612,26.51237,0
            127.99588,26.51224,0
            127.99584,26.5122,0
            127.99572,26.51213,0
            127.99569,26.5121,0
            127.99558,26.51202,0
            127.9955,26.51194,0
            127.99549,26.51194,0
            127.99535,26.51179,0
            127.9951,26.51143,0
            127.99507,26.5114,0
            127.99495,26.51122,0
            127.99492,26.51115,0
            127.99485,26.51102,0
            127.99412,26.50914,0
            127.99411,26.50913,0
            127.99408,26.50905,0
            127.99393,26.50877,0
            127.99371,26.50847,0
            127.99325,26.50798,0
            127.99297,26.50771,0
            127.99288,26.50761,0
            127.99284,26.50758,0
            127.99271,26.50746,0
            127.99217,26.50688,0
            127.99214,26.50686,0
            127.99211,26.50681,0
            127.99164,26.50626,0
            127.99161,26.50621,0
            127.99155,26.50613,0
            127.99152,26.50607,0
            127.99149,26.50603,0
            127.99138,26.50585,0
            127.99135,26.50577,0
            127.99133,26.50573,0
            127.99128,26.5056,0
            127.99126,26.50553,0
            127.99125,26.50552,0
            127.99124,26.50546,0
            127.99122,26.50539,0
            127.99119,26.50523,0
            127.99119,26.50511,0
            127.9912,26.50503,0
            127.9912,26.50499,0
            127.99122,26.50491,0
            127.99122,26.50488,0
            127.99124,26.50482,0
            127.99126,26.50471,0
            127.99128,26.50467,0
            127.99129,26.50463,0
            127.99132,26.50455,0
            127.99134,26.50451,0
            127.99135,26.5045,0
            127.99136,26.50447,0
            127.99138,26.50443,0
            127.99141,26.50439,0
            127.99145,26.50432,0
            127.99181,26.50392,0
            127.99199,26.50377,0
            127.99229,26.50355,0
            127.9924,26.50349,0
            127.99307,26.50303,0
            127.99311,26.50299,0
            127.99326,26.50287,0
            127.99333,26.5028,0
            127.99339,26.50272,0
            127.9935,26.5026,0
            127.99367,26.50232,0
            127.99377,26.50209,0
            127.99382,26.50192,0
            127.99386,26.50171,0
            127.99389,26.50145,0
            127.99389,26.50118,0
            127.99388,26.5011,0
            127.99388,26.50101,0
            127.99376,26.50017,0
            127.99374,26.5001,0
            127.99371,26.49988,0
            127.99369,26.49981,0
            127.99366,26.49956,0
            127.99363,26.49939,0
            127.99349,26.49796,0
            127.99343,26.49765,0
            127.99335,26.49738,0
            127.99316,26.4969,0
            127.9931,26.49678,0
            127.99298,26.49648,0
            127.99293,26.4964,0
            127.99279,26.49611,0
            127.99258,26.49561,0
            127.99245,26.49521,0
            127.99242,26.49506,0
            127.99233,26.49419,0
            127.99231,26.4941,0
            127.99228,26.49401,0
            127.99222,26.49387,0
            127.99214,26.49373,0
            127.99203,26.49359,0
            127.99178,26.49335,0
            127.99151,26.49317,0
            127.99116,26.49288,0
            127.99096,26.49263,0
            127.99077,26.49228,0
            127.99074,26.4922,0
            127.99052,26.4918,0
            127.99037,26.4916,0
            127.99025,26.49148,0
            127.99021,26.49145,0
            127.99015,26.49142,0
            127.9901,26.49138,0
            127.9895,26.49108,0
            127.98936,26.49099,0
            127.98926,26.49094,0
            127.98899,26.49077,0
            127.98894,26.49073,0
            127.9887,26.4905,0
            127.98842,26.49017,0
            127.98839,26.49012,0
            127.98813,26.48985,0
            127.98788,26.48966,0
            127.98772,26.48957,0
            127.98721,26.48936,0
            127.98691,26.48922,0
            127.98664,26.48906,0
            127.98626,26.48878,0
            127.98622,26.48874,0
            127.98523,26.48791,0
            127.98463,26.48753,0
            127.98359,26.487,0
            127.98353,26.48696,0
            127.98342,26.48691,0
            127.98162,26.48597,0
            127.98155,26.48594,0
            127.98067,26.48549,0
            127.98059,26.48544,0
            127.9799,26.4851,0
            127.97956,26.48496,0
            127.97948,26.48492,0
            127.97912,26.48484,0
            127.97883,26.48479,0
            127.97873,26.48479,0
            127.9775,26.48471,0
            127.9771,26.48465,0
            127.97702,26.48463,0
            127.97607,26.48449,0
            127.97599,26.48447,0
            127.97555,26.48441,0
            127.97535,26.48441,0
            127.97522,26.48442,0
            127.97508,26.48442,0
            127.97466,26.48453,0
            127.97399,26.48476,0
            127.9737,26.48483,0
            127.97357,26.48485,0
            127.97328,26.48487,0
            127.97294,26.48484,0
            127.97281,26.48482,0
            127.97246,26.48471,0
            127.97205,26.48453,0
            127.97198,26.48449,0
            127.97176,26.48439,0
            127.97131,26.48416,0
            127.9679,26.48257,0
            127.96789,26.48256,0
            127.96782,26.48253,0
            127.96772,26.48247,0
            127.96771,26.48247,0
            127.96761,26.48242,0
            127.96739,26.48227,0
            127.96738,26.48227,0
            127.96723,26.48218,0
            127.9671,26.48208,0
            127.96681,26.48177,0
            127.96659,26.48143,0
            127.96653,26.48132,0
            127.96653,26.4813,0
            127.9665,26.48124,0
            127.96637,26.48089,0
            127.96634,26.48076,0
            127.96629,26.48032,0
            127.96629,26.48016,0
            127.9664,26.47888,0
            127.96639,26.47877,0
            127.96635,26.47853,0
            127.96625,26.47817,0
            127.96616,26.47798,0
            127.966,26.47773,0
            127.96587,26.4775,0
            127.9658,26.4774,0
            127.96578,26.47736,0
            127.96559,26.47714,0
            127.96549,26.47705,0
            127.96535,26.47695,0
            127.96512,26.47683,0
            127.96486,26.47675,0
            127.96451,26.47666,0
            127.9643,26.47662,0
            127.96419,26.47661,0
            127.9638,26.47651,0
            127.96361,26.47643,0
            127.96336,26.4763,0
            127.96318,26.47622,0
            127.96317,26.47621,0
            127.96252,26.47584,0
            127.96247,26.47582,0
            127.96237,26.47576,0
            127.96209,26.47564,0
            127.96175,26.47555,0
            127.96168,26.47554,0
            127.96161,26.47554,0
            127.96152,26.47553,0
            127.96134,26.47553,0
            127.96029,26.47569,0
            127.96017,26.4757,0
            127.95797,26.47571,0
            127.95787,26.4757,0
            127.95733,26.47569,0
            127.95726,26.47568,0
            127.95656,26.47565,0
            127.95649,26.47564,0
            127.9564,26.47564,0
            127.95615,26.4756,0
            127.95601,26.47556,0
            127.95579,26.47547,0
            127.95565,26.47539,0
            127.95392,26.4742,0
            127.9539,26.47419,0
            127.95388,26.47419,0
            127.95387,26.47418,0
            127.95261,26.47333,0
            127.95233,26.47318,0
            127.95175,26.47291,0
            127.95108,26.47267,0
            127.95093,26.47264,0
            127.95022,26.47243,0
            127.95021,26.47243,0
            127.94867,26.47195,0
            127.9485,26.47192,0
            127.94821,26.47189,0
            127.94793,26.47189,0
            127.94789,26.4719,0
            127.94778,26.47191,0
            127.94756,26.47195,0
            127.94703,26.47209,0
            127.94671,26.47215,0
            127.94658,26.47216,0
            127.9463,26.47216,0
            127.94621,26.47215,0
            127.94615,26.47213,0
            127.94607,26.47212,0
            127.94598,26.4721,0
            127.94591,26.47207,0
            127.94584,26.47205,0
            127.94582,26.47204,0
            127.94576,26.47202,0
            127.94564,26.47196,0
            127.94564,26.47195,0
            127.94558,26.47192,0
            127.94547,26.47185,0
            127.94541,26.4718,0
            127.9454,26.4718,0
            127.94522,26.47167,0
            127.94467,26.47116,0
            127.94457,26.47109,0
            127.94454,26.47105,0
            127.94265,26.46973,0
            127.94236,26.46956,0
            127.94221,26.4695,0
            127.94211,26.46945,0
            127.94187,26.46937,0
            127.94168,26.46933,0
            127.94123,26.46921,0
            127.94111,26.46919,0
            127.93992,26.46892,0
            127.93981,26.46888,0
            127.9398,26.46888,0
            127.93944,26.46872,0
            127.93919,26.46851,0
            127.9388,26.46806,0
            127.93871,26.46794,0
            127.93762,26.46663,0
            127.93751,26.46654,0
            127.93724,26.46617,0
            127.93734,26.46614,0
            127.93746,26.46607,0
            127.93762,26.46596,0
            127.93785,26.46583,0
            127.93793,26.46575,0
            127.93809,26.46569,0
            127.93814,26.46566,0
            127.93828,26.4656,0
            127.93831,26.46558,0
            127.93841,26.46556,0
            127.93852,26.46551,0
            127.93857,26.46551,0
            127.93877,26.46548,0
            127.93919,26.46546,0
            127.93946,26.46546,0
            127.93997,26.46552,0
            127.94035,26.46558,0
            127.94041,26.46558,0
            127.94048,26.46557,0
            127.94057,26.46554,0
            127.9407,26.46548,0
            127.94078,26.46543,0
            127.94081,26.4654,0
            127.94121,26.46511,0
            127.94123,26.4651,0
            127.94137,26.465,0
            127.94203,26.46458,0
            127.94212,26.46448,0
            127.94214,26.46447,0
            127.94218,26.4644,0
            127.94218,26.46439,0
            127.94221,26.46435,0
            127.94226,26.46417,0
            127.94227,26.46411,0
            127.94228,26.46353,0
            127.94233,26.46321,0
            127.94233,26.46317,0
            127.94241,26.46286,0
            127.94242,26.46285,0
            127.94245,26.46272,0
            127.94251,26.46255,0
            127.94253,26.46252,0
            127.94254,26.46248,0
            127.94258,26.46239,0
            127.94261,26.46235,0
            127.9427,26.4622,0
            127.94272,26.46218,0
            127.94278,26.4621,0
            127.94348,26.4614,0
            127.94366,26.46115,0
            127.94374,26.46096,0
            127.94379,26.4608,0
            127.94382,26.46063,0
            127.94382,26.46031,0
            127.94396,26.4603,0
            127.94397,26.46029,0
            127.94399,26.46029,0
            127.94399,26.46028,0
            127.944,26.46028,0
            127.9446,26.45967,0
            127.94497,26.45995,0
            127.94501,26.46002,0
          </coordinates>
        </LineString>
      </Placemark>
      <Placemark>
        <name>Yanbaru Hostel</name>
        <styleUrl>#icon-1899-DB4436-nodesc</styleUrl>
        <Point>
          <coordinates>
            128.1768462,26.7442582,0
          </coordinates>
        </Point>
      </Placemark>
      <Placemark>
        <name>辺戸蔡温松並木保全公園トイレ</name>
        <styleUrl>#icon-1899-DB4436-nodesc</styleUrl>
        <Point>
          <coordinates>
            128.2625717,26.8568743,0
          </coordinates>
        </Point>
      </Placemark>
      <Placemark>
        <name>安波共同店</name>
        <styleUrl>#icon-1899-DB4436-nodesc</styleUrl>
        <Point>
          <coordinates>
            128.2863301,26.7160101,0
          </coordinates>
        </Point>
      </Placemark>
      <Placemark>
        <name>Lawson 名護邊野古店</name>
        <styleUrl>#icon-1899-DB4436-nodesc</styleUrl>
        <Point>
          <coordinates>
            128.0225088,26.5238019,0
          </coordinates>
        </Point>
      </Placemark>
      <Placemark>
        <name>ASBO STAY HOTEL</name>
        <styleUrl>#icon-1899-DB4436-nodesc</styleUrl>
        <Point>
          <coordinates>
            127.9450094,26.4600176,0
          </coordinates>
        </Point>
      </Placemark>
    </Folder>
    <Folder>
      <name>第四天路線(10/14)</name>
      <Placemark>
        <name>第四天路線(10/14)</name>
        <styleUrl>#line-1267FF-5000-nodesc</styleUrl>
        <LineString>
          <tessellate>1</tessellate>
          <coordinates>
            127.94501,26.46002,0
            127.94497,26.45995,0
            127.9446,26.45967,0
            127.9441,26.46017,0
            127.94405,26.46023,0
            127.944,26.46028,0
            127.94399,26.46028,0
            127.94399,26.46029,0
            127.94397,26.46029,0
            127.94396,26.4603,0
            127.94382,26.46031,0
            127.94382,26.46063,0
            127.94379,26.4608,0
            127.94374,26.46096,0
            127.94366,26.46115,0
            127.94348,26.4614,0
            127.94278,26.4621,0
            127.94272,26.46218,0
            127.9427,26.4622,0
            127.94261,26.46235,0
            127.94258,26.46239,0
            127.94254,26.46248,0
            127.94253,26.46252,0
            127.94251,26.46255,0
            127.94245,26.46272,0
            127.94242,26.46285,0
            127.94241,26.46286,0
            127.94233,26.46317,0
            127.94233,26.46321,0
            127.94228,26.46353,0
            127.94227,26.46411,0
            127.94226,26.46417,0
            127.94221,26.46435,0
            127.94218,26.46439,0
            127.94218,26.4644,0
            127.94214,26.46447,0
            127.94212,26.46448,0
            127.94203,26.46458,0
            127.94137,26.465,0
            127.94123,26.4651,0
            127.94121,26.46511,0
            127.94081,26.4654,0
            127.94078,26.46543,0
            127.9407,26.46548,0
            127.94057,26.46554,0
            127.94048,26.46557,0
            127.94041,26.46558,0
            127.94035,26.46558,0
            127.93997,26.46552,0
            127.93946,26.46546,0
            127.93919,26.46546,0
            127.93877,26.46548,0
            127.93857,26.46551,0
            127.93852,26.46551,0
            127.93841,26.46556,0
            127.93831,26.46558,0
            127.93828,26.4656,0
            127.93814,26.46566,0
            127.93809,26.46569,0
            127.93793,26.46575,0
            127.93785,26.46583,0
            127.93762,26.46596,0
            127.93746,26.46607,0
            127.93734,26.46614,0
            127.93724,26.46617,0
            127.9371,26.46595,0
            127.93697,26.46577,0
            127.93691,26.46563,0
            127.93669,26.46525,0
            127.93658,26.46501,0
            127.93657,26.46496,0
            127.93646,26.46458,0
            127.93646,26.46457,0
            127.93642,26.46444,0
            127.93637,26.46422,0
            127.93637,26.46419,0
            127.93635,26.46411,0
            127.93628,26.46371,0
            127.93608,26.46275,0
            127.93607,26.46274,0
            127.93601,26.46238,0
            127.93564,26.46053,0
            127.93552,26.45925,0
            127.93552,26.45916,0
            127.93573,26.45725,0
            127.93594,26.45611,0
            127.93606,26.45518,0
            127.93606,26.45515,0
            127.93621,26.45408,0
            127.93618,26.45325,0
            127.93596,26.45256,0
            127.93568,26.45218,0
            127.93555,26.45202,0
            127.93546,26.45189,0
            127.93475,26.45132,0
            127.93466,26.45128,0
            127.93285,26.45025,0
            127.93284,26.45025,0
            127.93249,26.45006,0
            127.93199,26.44976,0
            127.93189,26.44971,0
            127.93142,26.44944,0
            127.93128,26.44937,0
            127.93077,26.44908,0
            127.93009,26.44873,0
            127.92959,26.4485,0
            127.92902,26.4483,0
            127.92853,26.44816,0
            127.92822,26.44809,0
            127.92816,26.44807,0
            127.92772,26.44796,0
            127.92758,26.44794,0
            127.92739,26.4479,0
            127.92647,26.44777,0
            127.92643,26.44777,0
            127.92637,26.44776,0
            127.92626,26.44776,0
            127.92621,26.44775,0
            127.92608,26.44774,0
            127.926,26.44774,0
            127.92588,26.44773,0
            127.92566,26.44773,0
            127.92557,26.44772,0
            127.92523,26.44772,0
            127.92512,26.44771,0
            127.92493,26.44772,0
            127.92473,26.44772,0
            127.92434,26.44775,0
            127.92395,26.44775,0
            127.92358,26.44777,0
            127.92241,26.44779,0
            127.91826,26.44776,0
            127.91815,26.44775,0
            127.91783,26.44776,0
            127.91714,26.44775,0
            127.9167,26.44777,0
            127.91668,26.44778,0
            127.91313,26.44807,0
            127.9131,26.44808,0
            127.91232,26.44821,0
            127.91213,26.44826,0
            127.91206,26.44827,0
            127.912,26.44829,0
            127.91175,26.44834,0
            127.91174,26.44835,0
            127.91163,26.44837,0
            127.91152,26.44838,0
            127.91151,26.44839,0
            127.9113,26.44844,0
            127.91118,26.44846,0
            127.91089,26.44853,0
            127.91071,26.44856,0
            127.91069,26.44857,0
            127.91068,26.44857,0
            127.91039,26.44863,0
            127.91032,26.44865,0
            127.9103,26.44865,0
            127.90942,26.44882,0
            127.90877,26.44898,0
            127.90868,26.44901,0
            127.90835,26.44909,0
            127.90824,26.44909,0
            127.90818,26.44911,0
            127.90812,26.44912,0
            127.90807,26.44915,0
            127.90805,26.44915,0
            127.90803,26.44916,0
            127.90796,26.44921,0
            127.90793,26.44924,0
            127.9079,26.44926,0
            127.9079,26.44927,0
            127.90784,26.44931,0
            127.9078,26.44935,0
            127.90779,26.44935,0
            127.90778,26.44936,0
            127.90769,26.4494,0
            127.90767,26.4494,0
            127.90765,26.44941,0
            127.90758,26.44941,0
            127.90748,26.44945,0
            127.90739,26.44945,0
            127.90733,26.44946,0
            127.9073,26.44946,0
            127.90726,26.44947,0
            127.9072,26.44947,0
            127.90718,26.44948,0
            127.90715,26.44948,0
            127.90709,26.4495,0
            127.90703,26.44951,0
            127.90675,26.4496,0
            127.90654,26.44968,0
            127.90618,26.44977,0
            127.90613,26.44977,0
            127.90606,26.44978,0
            127.90602,26.44979,0
            127.90588,26.44979,0
            127.90577,26.4498,0
            127.90557,26.4498,0
            127.90538,26.44979,0
            127.90463,26.44979,0
            127.90439,26.44978,0
            127.90395,26.44971,0
            127.90363,26.44963,0
            127.90329,26.44953,0
            127.90312,26.44947,0
            127.90274,26.44939,0
            127.90239,26.44935,0
            127.90215,26.44935,0
            127.90185,26.44938,0
            127.90158,26.44943,0
            127.90134,26.44949,0
            127.90057,26.44963,0
            127.89982,26.44981,0
            127.89881,26.45014,0
            127.89835,26.45035,0
            127.89807,26.45046,0
            127.89801,26.45049,0
            127.89727,26.4508,0
            127.89694,26.45096,0
            127.89642,26.45125,0
            127.89597,26.45153,0
            127.89551,26.45187,0
            127.89539,26.45197,0
            127.89446,26.45264,0
            127.89444,26.45266,0
            127.89253,26.45394,0
            127.89218,26.45424,0
            127.89213,26.4543,0
            127.89206,26.45436,0
            127.89184,26.45463,0
            127.89177,26.4547,0
            127.89124,26.45535,0
            127.89105,26.45554,0
            127.89089,26.45567,0
            127.89077,26.45575,0
            127.89061,26.45584,0
            127.89032,26.45596,0
            127.89015,26.456,0
            127.8901,26.45602,0
            127.88994,26.45605,0
            127.88988,26.45605,0
            127.8897,26.45607,0
            127.88928,26.45607,0
            127.88895,26.45605,0
            127.88862,26.45605,0
            127.88853,26.45606,0
            127.88844,26.45606,0
            127.88832,26.45607,0
            127.88808,26.45612,0
            127.888,26.45615,0
            127.88794,26.45616,0
            127.88787,26.45619,0
            127.88778,26.45622,0
            127.88775,26.45624,0
            127.8876,26.45631,0
            127.8874,26.45642,0
            127.88728,26.45651,0
            127.88727,26.45651,0
            127.88717,26.45659,0
            127.88715,26.4566,0
            127.88538,26.45789,0
            127.88521,26.45799,0
            127.885,26.45808,0
            127.88488,26.45812,0
            127.8847,26.45816,0
            127.88455,26.45818,0
            127.88421,26.45818,0
            127.88389,26.45812,0
            127.88384,26.4581,0
            127.8837,26.45806,0
            127.88348,26.45795,0
            127.88326,26.45781,0
            127.88317,26.45773,0
            127.88311,26.45769,0
            127.88306,26.45764,0
            127.88275,26.45737,0
            127.88261,26.45727,0
            127.88249,26.4572,0
            127.88233,26.45712,0
            127.88217,26.45706,0
            127.88102,26.4568,0
            127.8802,26.45659,0
            127.88014,26.45658,0
            127.88003,26.45655,0
            127.87976,26.4565,0
            127.8793,26.45637,0
            127.8792,26.45635,0
            127.87896,26.45626,0
            127.87684,26.45565,0
            127.87628,26.45553,0
            127.8761,26.45551,0
            127.87604,26.45549,0
            127.87582,26.45547,0
            127.8756,26.45547,0
            127.8755,26.45548,0
            127.87546,26.45548,0
            127.87513,26.45554,0
            127.87504,26.45557,0
            127.87478,26.45568,0
            127.87472,26.45572,0
            127.87469,26.45573,0
            127.87451,26.45583,0
            127.87246,26.45711,0
            127.8724,26.45716,0
            127.87152,26.45771,0
            127.8713,26.45783,0
            127.87116,26.45789,0
            127.87093,26.45797,0
            127.87082,26.458,0
            127.87055,26.45805,0
            127.87049,26.45805,0
            127.87041,26.45806,0
            127.87016,26.45806,0
            127.8701,26.45805,0
            127.87001,26.45805,0
            127.86977,26.45801,0
            127.86945,26.45793,0
            127.86943,26.45792,0
            127.86871,26.45771,0
            127.86866,26.4577,0
            127.86846,26.45763,0
            127.86398,26.45626,0
            127.86387,26.45622,0
            127.86386,26.45622,0
            127.86385,26.45621,0
            127.86377,26.45619,0
            127.86355,26.45611,0
            127.86348,26.45609,0
            127.86348,26.45608,0
            127.86298,26.45591,0
            127.86295,26.45589,0
            127.86222,26.45562,0
            127.86222,26.45561,0
            127.86221,26.45561,0
            127.85767,26.45394,0
            127.8575,26.45386,0
            127.85712,26.45364,0
            127.85672,26.45338,0
            127.85671,26.45338,0
            127.8565,26.45325,0
            127.85596,26.45298,0
            127.8558,26.45292,0
            127.85551,26.45283,0
            127.85475,26.45254,0
            127.85393,26.45228,0
            127.85315,26.45201,0
            127.85274,26.45183,0
            127.8524,26.45166,0
            127.85239,26.45165,0
            127.8522,26.45154,0
            127.85198,26.45139,0
            127.85185,26.45129,0
            127.85166,26.45112,0
            127.85156,26.45102,0
            127.8515,26.45094,0
            127.85134,26.45076,0
            127.85124,26.45062,0
            127.85121,26.4506,0
            127.85108,26.45043,0
            127.85101,26.45035,0
            127.85095,26.45027,0
            127.85087,26.45018,0
            127.85084,26.45013,0
            127.85079,26.45007,0
            127.85075,26.45001,0
            127.85072,26.44998,0
            127.85058,26.44988,0
            127.84973,26.44884,0
            127.84964,26.44871,0
            127.84959,26.44854,0
            127.84953,26.44843,0
            127.8483,26.44543,0
            127.8483,26.44542,0
            127.84779,26.44415,0
            127.84773,26.44403,0
            127.84773,26.44402,0
            127.84759,26.44369,0
            127.84751,26.44346,0
            127.84684,26.44183,0
            127.84682,26.44177,0
            127.8467,26.44155,0
            127.84663,26.44145,0
            127.84646,26.44125,0
            127.84629,26.44109,0
            127.84609,26.44095,0
            127.84603,26.44092,0
            127.84597,26.44088,0
            127.84493,26.44038,0
            127.84474,26.44027,0
            127.84464,26.4402,0
            127.84439,26.44,0
            127.84415,26.43975,0
            127.84153,26.4364,0
            127.84149,26.4363,0
            127.84147,26.43627,0
            127.84145,26.43625,0
            127.84103,26.43572,0
            127.84085,26.43547,0
            127.8407,26.43531,0
            127.84045,26.43509,0
            127.84022,26.43492,0
            127.84014,26.43488,0
            127.84011,26.43486,0
            127.83974,26.43469,0
            127.83923,26.4345,0
            127.83898,26.43444,0
            127.83849,26.43439,0
            127.83835,26.43439,0
            127.83806,26.43441,0
            127.83774,26.43446,0
            127.83676,26.4347,0
            127.83642,26.43475,0
            127.83613,26.43473,0
            127.83588,26.43469,0
            127.83565,26.43463,0
            127.83552,26.43458,0
            127.83537,26.43451,0
            127.83478,26.43418,0
            127.8342,26.4338,0
            127.83348,26.43339,0
            127.83292,26.43316,0
            127.83247,26.43307,0
            127.83237,26.43306,0
            127.83224,26.43306,0
            127.83183,26.43303,0
            127.83171,26.43304,0
            127.83168,26.43301,0
            127.83166,26.433,0
            127.83156,26.433,0
            127.8315,26.43299,0
            127.83147,26.43299,0
            127.8314,26.43297,0
            127.83135,26.43295,0
            127.83132,26.43292,0
            127.83128,26.43289,0
            127.83124,26.43284,0
            127.8312,26.43282,0
            127.83117,26.43274,0
            127.83112,26.43272,0
            127.83106,26.43262,0
            127.83089,26.43243,0
            127.83073,26.43229,0
            127.83031,26.43189,0
            127.83044,26.43176,0
            127.83045,26.43174,0
            127.83051,26.43168,0
            127.83053,26.43163,0
            127.83055,26.43161,0
            127.83056,26.43159,0
            127.83058,26.43152,0
            127.83059,26.4315,0
            127.83059,26.43135,0
            127.83058,26.43134,0
            127.83057,26.43131,0
            127.83057,26.4313,0
            127.83055,26.43127,0
            127.83054,26.43124,0
            127.83022,26.43081,0
            127.82997,26.43044,0
            127.82993,26.43035,0
            127.82987,26.43026,0
            127.82955,26.42953,0
            127.82939,26.4292,0
            127.82912,26.42857,0
            127.829,26.42835,0
            127.82883,26.4281,0
            127.82795,26.427,0
            127.82755,26.42717,0
            127.82698,26.42605,0
            127.8267,26.42554,0
            127.82639,26.42448,0
            127.82637,26.42428,0
            127.82634,26.42415,0
            127.82629,26.42404,0
            127.82617,26.42393,0
            127.8261,26.42385,0
            127.82586,26.42249,0
            127.82583,26.42236,0
            127.82612,26.42227,0
            127.82621,26.42223,0
            127.82654,26.42202,0
            127.82671,26.42184,0
            127.82681,26.42167,0
            127.82684,26.42163,0
            127.82691,26.42149,0
            127.82739,26.42065,0
            127.82755,26.42045,0
            127.82784,26.42021,0
            127.82787,26.42017,0
            127.8284,26.41976,0
            127.82852,26.41962,0
            127.82862,26.41946,0
            127.82887,26.41893,0
            127.82904,26.41866,0
            127.82917,26.41852,0
            127.82948,26.41826,0
            127.82953,26.41821,0
            127.82978,26.41803,0
            127.83002,26.41794,0
            127.8301,26.41792,0
            127.83041,26.41789,0
            127.8308,26.41787,0
            127.83084,26.41786,0
            127.83088,26.41786,0
            127.8311,26.41779,0
            127.83113,26.41777,0
            127.8313,26.41769,0
            127.83159,26.41744,0
            127.83161,26.41743,0
            127.83175,26.4173,0
            127.83184,26.41723,0
            127.83194,26.41717,0
            127.83205,26.41712,0
            127.83246,26.41688,0
            127.83254,26.41682,0
            127.83276,26.41663,0
            127.83364,26.41579,0
            127.8337,26.41574,0
            127.83386,26.41557,0
            127.83432,26.41514,0
            127.83466,26.41475,0
            127.83479,26.41457,0
            127.83482,26.41455,0
            127.83523,26.41401,0
            127.83528,26.41392,0
            127.83529,26.41387,0
            127.83532,26.41379,0
            127.83533,26.41366,0
            127.83532,26.41354,0
            127.83529,26.41342,0
            127.83526,26.41334,0
            127.83524,26.41331,0
            127.83521,26.41321,0
            127.8352,26.41309,0
            127.83521,26.41302,0
            127.83554,26.41203,0
            127.83557,26.4119,0
            127.83561,26.41161,0
            127.83561,26.41143,0
            127.83558,26.41134,0
            127.83554,26.41125,0
            127.8355,26.41119,0
            127.83518,26.41095,0
            127.83511,26.41089,0
            127.83505,26.41081,0
            127.83498,26.4107,0
            127.83494,26.4106,0
            127.83492,26.4105,0
            127.83487,26.41009,0
            127.83485,26.40971,0
            127.83482,26.40954,0
            127.83481,26.40953,0
            127.83476,26.4094,0
            127.83463,26.40919,0
            127.83462,26.40916,0
            127.83461,26.4091,0
            127.83472,26.40911,0
            127.83486,26.40911,0
            127.835,26.4091,0
            127.83525,26.40906,0
            127.83536,26.40903,0
            127.83567,26.40892,0
            127.83582,26.40884,0
            127.83603,26.4087,0
            127.83732,26.40771,0
            127.83746,26.40757,0
            127.83762,26.40738,0
            127.8377,26.40727,0
            127.83781,26.40708,0
            127.83838,26.40579,0
            127.83855,26.40548,0
            127.83871,26.40526,0
            127.83875,26.40522,0
            127.83881,26.40514,0
            127.83893,26.40504,0
            127.83901,26.40496,0
            127.83919,26.40483,0
            127.8393,26.40476,0
            127.83958,26.40462,0
            127.83967,26.40459,0
            127.83976,26.40455,0
            127.84015,26.40446,0
            127.84048,26.40443,0
            127.84073,26.40443,0
            127.84115,26.40446,0
            127.84125,26.40448,0
            127.84136,26.40449,0
            127.84159,26.40455,0
            127.84173,26.4046,0
            127.84187,26.40466,0
            127.84217,26.40482,0
            127.84239,26.40495,0
            127.84265,26.40513,0
            127.84289,26.40527,0
            127.84298,26.40531,0
            127.84321,26.40537,0
            127.84344,26.40537,0
            127.84354,26.40535,0
            127.84357,26.40535,0
            127.84364,26.40534,0
            127.84385,26.40525,0
            127.84402,26.40513,0
            127.84418,26.40497,0
            127.84436,26.40464,0
            127.8444,26.40455,0
            127.84444,26.40448,0
            127.8446,26.40415,0
            127.84461,26.40411,0
            127.84538,26.40246,0
            127.84553,26.40224,0
            127.84572,26.40203,0
            127.84608,26.40168,0
            127.84621,26.40153,0
            127.8464,26.40126,0
            127.84647,26.40113,0
            127.84663,26.40068,0
            127.84666,26.40052,0
            127.84666,26.40048,0
            127.84671,26.40011,0
            127.84679,26.39982,0
            127.84693,26.39948,0
            127.847,26.39936,0
            127.8471,26.39921,0
            127.84727,26.399,0
            127.84744,26.39883,0
            127.84837,26.39802,0
            127.84863,26.39782,0
            127.84879,26.39772,0
            127.84891,26.39766,0
            127.84926,26.39746,0
            127.84967,26.39726,0
            127.84981,26.3972,0
            127.8499,26.39715,0
            127.85006,26.39703,0
            127.8501,26.39699,0
            127.85016,26.39694,0
            127.85049,26.3966,0
            127.85336,26.39331,0
            127.85338,26.39328,0
            127.85371,26.39293,0
            127.85421,26.39244,0
            127.85427,26.39239,0
            127.85431,26.39234,0
            127.8556,26.3911,0
            127.85573,26.39099,0
            127.85611,26.39062,0
            127.85628,26.39049,0
            127.85706,26.38998,0
            127.85709,26.38995,0
            127.85718,26.3899,0
            127.85741,26.38971,0
            127.85755,26.38956,0
            127.85756,26.38954,0
            127.85773,26.38935,0
            127.85778,26.38927,0
            127.85798,26.38882,0
            127.85801,26.38877,0
            127.85848,26.38767,0
            127.85858,26.38736,0
            127.85863,26.38716,0
            127.85866,26.38699,0
            127.85868,26.38681,0
            127.85878,26.3863,0
            127.85882,26.38616,0
            127.85889,26.38597,0
            127.85894,26.3858,0
            127.85897,26.38574,0
            127.85897,26.38572,0
            127.85916,26.38512,0
            127.85918,26.38509,0
            127.85922,26.38494,0
            127.85927,26.38468,0
            127.85928,26.38441,0
            127.8592,26.38401,0
            127.85911,26.38379,0
            127.85878,26.38323,0
            127.8619,26.38148,0
            127.86204,26.38141,0
            127.86403,26.38029,0
            127.8641,26.38026,0
            127.86478,26.37987,0
            127.86486,26.37981,0
            127.86497,26.37971,0
            127.8652,26.37944,0
            127.86533,26.37923,0
            127.86536,26.37919,0
            127.8654,26.37906,0
            127.86542,26.37902,0
            127.86567,26.3784,0
            127.86573,26.37823,0
            127.86583,26.378,0
            127.86592,26.37782,0
            127.86596,26.37776,0
            127.866,26.37765,0
            127.86604,26.37757,0
            127.86616,26.3774,0
            127.86628,26.37728,0
            127.86751,26.37626,0
            127.86763,26.37615,0
            127.86814,26.37575,0
            127.86825,26.37565,0
            127.8691,26.37496,0
            127.86928,26.3748,0
            127.86936,26.37474,0
            127.86946,26.37465,0
            127.86956,26.37454,0
            127.86975,26.37427,0
            127.86988,26.37406,0
            127.86999,26.37392,0
            127.87011,26.3738,0
            127.87017,26.37373,0
            127.87025,26.37366,0
            127.87047,26.37351,0
            127.87065,26.37342,0
            127.87076,26.37338,0
            127.87081,26.37335,0
            127.87098,26.37329,0
            127.87113,26.37325,0
            127.87121,26.37324,0
            127.87123,26.37323,0
            127.87138,26.3732,0
            127.87117,26.37284,0
            127.8711,26.37269,0
            127.86892,26.36698,0
            127.86886,26.36688,0
            127.86883,26.36685,0
            127.86879,26.3668,0
            127.86866,26.36672,0
            127.86866,26.36671,0
            127.86861,26.36669,0
            127.86852,26.36664,0
            127.8679,26.36648,0
            127.86733,26.3663,0
            127.86832,26.36447,0
            127.8687,26.3637,0
            127.86882,26.36342,0
            127.86897,26.36314,0
            127.869,26.36303,0
            127.86912,26.36244,0
            127.86925,26.36244,0
            127.8693,26.36242,0
            127.86931,26.36242,0
            127.86933,26.36241,0
            127.86934,26.3624,0
            127.86937,26.36238,0
            127.86939,26.36236,0
            127.86951,26.36218,0
            127.86988,26.36148,0
            127.87006,26.36118,0
            127.87029,26.36074,0
            127.87032,26.3607,0
            127.87107,26.35937,0
            127.87116,26.35927,0
            127.87122,26.35922,0
            127.87145,26.35907,0
            127.87146,26.35907,0
            127.87201,26.35878,0
            127.87217,26.35868,0
            127.8724,26.35847,0
            127.87253,26.35829,0
            127.87268,26.35802,0
            127.8727,26.35797,0
            127.87283,26.35775,0
            127.87294,26.35759,0
            127.87305,26.35745,0
            127.87323,26.35727,0
            127.8735,26.35703,0
            127.87444,26.35604,0
            127.87457,26.35593,0
            127.87459,26.35592,0
            127.87531,26.35533,0
            127.87538,26.35528,0
            127.87618,26.35461,0
            127.87699,26.35385,0
            127.87753,26.35338,0
            127.87822,26.35273,0
            127.87826,26.3527,0
            127.87891,26.35208,0
            127.87891,26.35207,0
            127.87961,26.35138,0
            127.87969,26.35129,0
            127.8797,26.35127,0
            127.87972,26.35125,0
            127.8798,26.35113,0
            127.87981,26.35112,0
            127.87986,26.35104,0
            127.88026,26.35026,0
            127.88069,26.3495,0
            127.88075,26.34942,0
            127.88095,26.34911,0
            127.88097,26.34909,0
            127.881,26.34904,0
            127.88124,26.34871,0
            127.8814,26.34852,0
            127.882,26.34766,0
            127.88223,26.34737,0
            127.88248,26.34709,0
            127.88388,26.34575,0
            127.88392,26.34572,0
            127.88431,26.34534,0
            127.88452,26.3451,0
            127.88459,26.34503,0
            127.88504,26.34438,0
            127.88548,26.34366,0
            127.88558,26.34352,0
            127.88566,26.34338,0
            127.88574,26.34327,0
            127.88582,26.34313,0
            127.8859,26.34301,0
            127.88599,26.34285,0
            127.88634,26.34233,0
            127.88645,26.34215,0
            127.88682,26.34163,0
            127.88697,26.34145,0
            127.88737,26.34091,0
            127.88754,26.34071,0
            127.88762,26.34063,0
            127.88863,26.3398,0
            127.88875,26.33972,0
            127.88894,26.33956,0
            127.88905,26.33948,0
            127.88928,26.33936,0
            127.88938,26.33932,0
            127.89056,26.33895,0
            127.89097,26.33879,0
            127.89119,26.33865,0
            127.89122,26.33864,0
            127.89138,26.33854,0
            127.89139,26.33853,0
            127.89248,26.3378,0
            127.89301,26.3374,0
            127.89357,26.33689,0
            127.89546,26.33509,0
            127.8955,26.33506,0
            127.8963,26.3343,0
            127.89658,26.33406,0
            127.8968,26.33389,0
            127.89702,26.33374,0
            127.89742,26.3335,0
            127.89974,26.33219,0
            127.90009,26.33203,0
            127.90041,26.33191,0
            127.90087,26.33178,0
            127.90149,26.33169,0
            127.90208,26.33169,0
            127.90279,26.33175,0
            127.9035,26.33179,0
            127.90359,26.33178,0
            127.90374,26.33178,0
            127.90389,26.33176,0
            127.90414,26.33171,0
            127.90439,26.33162,0
            127.9046,26.33152,0
            127.90486,26.33135,0
            127.90489,26.33132,0
            127.90536,26.33097,0
            127.90555,26.33105,0
            127.90559,26.33106,0
            127.90571,26.33112,0
            127.90643,26.33137,0
            127.90702,26.33152,0
            127.90773,26.33164,0
            127.90822,26.33168,0
            127.90849,26.33169,0
            127.90859,26.3317,0
            127.92372,26.33166,0
            127.92392,26.33167,0
            127.92479,26.33167,0
            127.92478,26.33186,0
            127.9284,26.33186,0
            127.9284,26.33194,0
            127.92841,26.33198,0
            127.92843,26.33202,0
            127.92846,26.33206,0
            127.92851,26.33211,0
            127.92855,26.33213,0
            127.92858,26.33215,0
            127.92866,26.33217,0
            127.92878,26.33218,0
            127.92881,26.33219,0
            127.92895,26.3322,0
            127.92908,26.3322,0
            127.92911,26.33218,0
            127.92916,26.33216,0
            127.92919,26.33211,0
            127.9292,26.33207,0
            127.92921,26.33199,0
            127.92921,26.33173,0
            127.92996,26.33173,0
            127.92998,26.33172,0
            127.93005,26.3317,0
            127.93011,26.33167,0
            127.93014,26.33164,0
            127.93108,26.33167,0
            127.93113,26.33168,0
            127.93174,26.33173,0
            127.93249,26.33186,0
            127.9335,26.33211,0
            127.93401,26.33228,0
            127.93473,26.33255,0
            127.93474,26.33255,0
            127.93491,26.33264,0
            127.93503,26.33269,0
            127.93549,26.33292,0
            127.93604,26.33322,0
            127.93647,26.3335,0
            127.94007,26.33616,0
            127.94009,26.33618,0
            127.94275,26.33818,0
            127.94327,26.33854,0
            127.94353,26.3387,0
            127.94375,26.33886,0
            127.94417,26.33911,0
            127.94456,26.33931,0
            127.94518,26.33959,0
            127.94573,26.33978,0
            127.9463,26.33994,0
            127.9463,26.33995,0
            127.94711,26.34013,0
            127.94717,26.34015,0
            127.94775,26.34024,0
            127.94868,26.34033,0
            127.95126,26.3403,0
            127.9521,26.34031,0
            127.9537,26.34026,0
            127.95492,26.34025,0
            127.95501,26.34021,0
            127.95561,26.34019,0
            127.95575,26.34017,0
            127.95579,26.34017,0
            127.9561,26.3401,0
            127.95634,26.3405,0
            127.95565,26.34085,0
            127.95542,26.34044,0
            127.9554,26.34036,0
            127.95539,26.3402,0
            127.95501,26.34021,0
            127.95497,26.34019,0
            127.95496,26.34019,0
            127.95492,26.34018,0
            127.95263,26.34017,0
            127.95212,26.34022,0
            127.94884,26.34024,0
            127.94841,26.34021,0
            127.94784,26.34015,0
            127.9472,26.34006,0
            127.94682,26.33999,0
            127.94643,26.33989,0
            127.94577,26.33969,0
            127.94545,26.33958,0
            127.94463,26.33925,0
            127.94437,26.33913,0
            127.94392,26.33889,0
            127.9435,26.33864,0
            127.94325,26.33847,0
            127.94315,26.33841,0
            127.94283,26.33818,0
            127.94243,26.33783,0
            127.93699,26.33377,0
            127.93624,26.33325,0
            127.93599,26.3331,0
            127.93512,26.33264,0
            127.93447,26.33236,0
            127.93423,26.33227,0
            127.93404,26.33221,0
            127.93386,26.33214,0
            127.93377,26.33212,0
            127.9335,26.33203,0
            127.93348,26.33202,0
            127.93257,26.3318,0
            127.93202,26.3317,0
            127.9315,26.33163,0
            127.93054,26.33157,0
            127.91472,26.3316,0
            127.91469,26.33159,0
            127.91429,26.33159,0
            127.91408,26.3316,0
            127.91228,26.33161,0
            127.91209,26.33162,0
            127.90949,26.33163,0
            127.90835,26.33161,0
            127.90767,26.33155,0
            127.90713,26.33146,0
            127.90667,26.33135,0
            127.90598,26.33113,0
            127.90562,26.33099,0
            127.90534,26.33086,0
            127.90525,26.3308,0
            127.90514,26.33075,0
            127.90444,26.33036,0
            127.90428,26.3303,0
            127.90424,26.33028,0
            127.90383,26.33003,0
            127.9035,26.32981,0
            127.90342,26.32977,0
            127.90244,26.32907,0
            127.9018,26.32853,0
            127.9017,26.32843,0
            127.90164,26.32836,0
            127.90154,26.32827,0
            127.90131,26.32802,0
            127.9007,26.32751,0
            127.90033,26.32727,0
            127.90004,26.32712,0
            127.89979,26.32702,0
            127.89972,26.327,0
            127.8997,26.32699,0
            127.89933,26.32688,0
            127.89906,26.32684,0
            127.89877,26.32682,0
            127.89834,26.32682,0
            127.89821,26.32683,0
            127.898,26.32686,0
            127.8978,26.3269,0
            127.8973,26.32706,0
            127.89706,26.32717,0
            127.89645,26.32753,0
            127.89615,26.32777,0
            127.8959,26.32793,0
            127.89583,26.32796,0
            127.89577,26.328,0
            127.89521,26.32824,0
            127.89502,26.32831,0
            127.89462,26.3284,0
            127.89408,26.32844,0
            127.89376,26.32843,0
            127.89303,26.32838,0
            127.89283,26.32839,0
            127.89257,26.32842,0
            127.89225,26.3285,0
            127.8921,26.32855,0
            127.89207,26.32857,0
            127.89157,26.32881,0
            127.8914,26.32891,0
            127.89109,26.32906,0
            127.891,26.32912,0
            127.88899,26.33017,0
            127.88846,26.33043,0
            127.88827,26.3305,0
            127.88803,26.33057,0
            127.88764,26.33065,0
            127.88735,26.33068,0
            127.88704,26.33069,0
            127.88684,26.33068,0
            127.88655,26.33064,0
            127.88388,26.33016,0
            127.8838,26.33064,0
            127.88371,26.33263,0
            127.88369,26.3328,0
            127.88368,26.33297,0
            127.88358,26.33341,0
            127.88351,26.33361,0
            127.88333,26.33405,0
            127.8832,26.33429,0
            127.88278,26.33487,0
            127.88259,26.33509,0
            127.88233,26.33543,0
            127.88213,26.33565,0
            127.88188,26.33603,0
            127.88182,26.33607,0
            127.88168,26.33622,0
            127.88163,26.33629,0
            127.88156,26.33637,0
            127.88152,26.33644,0
            127.88131,26.33674,0
            127.88104,26.33717,0
            127.88102,26.33722,0
            127.88069,26.33787,0
            127.88066,26.33792,0
            127.88049,26.33828,0
            127.88042,26.33841,0
            127.87859,26.34222,0
            127.87841,26.3425,0
            127.87824,26.34271,0
            127.87799,26.34298,0
            127.87767,26.34321,0
            127.87747,26.34333,0
            127.87728,26.34343,0
            127.87689,26.34359,0
            127.87564,26.34402,0
            127.87522,26.34418,0
            127.875,26.34425,0
            127.87426,26.34452,0
            127.87389,26.34464,0
            127.8736,26.34472,0
            127.87204,26.34528,0
            127.87194,26.3453,0
            127.87193,26.34531,0
            127.87188,26.34533,0
            127.87178,26.34536,0
            127.87162,26.34543,0
            127.87133,26.34561,0
            127.87105,26.34586,0
            127.87084,26.3461,0
            127.87076,26.34622,0
            127.87027,26.34622,0
            127.87005,26.34623,0
            127.86988,26.34625,0
            127.86955,26.34632,0
            127.86938,26.34638,0
            127.8693,26.34642,0
            127.86927,26.34643,0
            127.86923,26.34646,0
            127.86917,26.34649,0
            127.86902,26.34658,0
            127.86891,26.34666,0
            127.86869,26.34686,0
            127.86841,26.34718,0
            127.86799,26.34772,0
            127.8678,26.34789,0
            127.86767,26.34799,0
            127.86766,26.34799,0
            127.86749,26.34809,0
            127.86714,26.34826,0
            127.86711,26.34828,0
            127.86513,26.34921,0
            127.86462,26.34939,0
            127.8644,26.34943,0
            127.86403,26.34946,0
            127.8639,26.34946,0
            127.86349,26.34939,0
            127.86336,26.34934,0
            127.86321,26.3493,0
            127.86315,26.34926,0
            127.863,26.34918,0
            127.86273,26.34899,0
            127.86259,26.34887,0
            127.86256,26.34885,0
            127.86245,26.34873,0
            127.86234,26.34859,0
            127.86209,26.34817,0
            127.86113,26.34625,0
            127.86112,26.34624,0
            127.86112,26.34623,0
            127.86098,26.34597,0
            127.86093,26.34591,0
            127.86092,26.34588,0
            127.86079,26.34569,0
            127.86053,26.34539,0
            127.8603,26.34517,0
            127.86011,26.34504,0
            127.85985,26.34489,0
            127.8594,26.34468,0
            127.85919,26.3446,0
            127.8576,26.34409,0
            127.85727,26.34397,0
            127.85725,26.34397,0
            127.85673,26.34383,0
            127.85627,26.34368,0
            127.85615,26.34363,0
            127.85555,26.34344,0
            127.85539,26.34337,0
            127.85517,26.3433,0
            127.85475,26.34312,0
            127.85403,26.34266,0
            127.85402,26.34265,0
            127.84902,26.33926,0
            127.84853,26.33895,0
            127.84451,26.33616,0
            127.84067,26.33356,0
            127.8406,26.33352,0
            127.83998,26.33309,0
            127.83989,26.33302,0
            127.83961,26.33284,0
            127.8392,26.33252,0
            127.8383,26.33175,0
            127.83819,26.33164,0
            127.83813,26.33159,0
            127.83771,26.33116,0
            127.83708,26.33046,0
            127.83683,26.33014,0
            127.8364,26.32952,0
            127.83568,26.32839,0
            127.83524,26.32756,0
            127.83434,26.3255,0
            127.83428,26.32532,0
            127.83387,26.32432,0
            127.83357,26.32364,0
            127.83342,26.32334,0
            127.83134,26.31842,0
            127.83129,26.31832,0
            127.83088,26.31734,0
            127.83083,26.31724,0
            127.83046,26.31631,0
            127.83016,26.31566,0
            127.82983,26.31488,0
            127.82978,26.31478,0
            127.82968,26.31453,0
            127.82954,26.31422,0
            127.82951,26.31414,0
            127.8295,26.31408,0
            127.82941,26.31389,0
            127.82927,26.31355,0
            127.82919,26.3134,0
            127.82875,26.31238,0
            127.82862,26.31205,0
            127.82802,26.31068,0
            127.8279,26.31045,0
            127.82774,26.31019,0
            127.82724,26.30952,0
            127.82693,26.30917,0
            127.82659,26.30884,0
            127.82617,26.30849,0
            127.82592,26.30831,0
            127.82545,26.30801,0
            127.825,26.30776,0
            127.82469,26.30762,0
            127.82406,26.30738,0
            127.82371,26.30727,0
            127.82331,26.30717,0
            127.82295,26.3071,0
            127.82209,26.307,0
            127.82141,26.30689,0
            127.82073,26.30681,0
            127.81946,26.30661,0
            127.81926,26.30657,0
            127.81922,26.30657,0
            127.81765,26.30635,0
            127.81758,26.30635,0
            127.81754,26.30634,0
            127.81744,26.30633,0
            127.81727,26.30628,0
            127.81722,26.30627,0
            127.81715,26.30624,0
            127.81706,26.30621,0
            127.81696,26.30615,0
            127.81695,26.30614,0
            127.81684,26.30609,0
            127.81667,26.30598,0
            127.8164,26.30576,0
            127.81639,26.30574,0
            127.81636,26.30572,0
            127.81633,26.30569,0
            127.81626,26.3056,0
            127.81606,26.30528,0
            127.81508,26.30342,0
            127.81497,26.30319,0
            127.81495,26.30316,0
            127.81476,26.30278,0
            127.81444,26.30221,0
            127.81444,26.3022,0
            127.81441,26.30215,0
            127.81413,26.30182,0
            127.81406,26.30175,0
            127.81387,26.3016,0
            127.81382,26.30157,0
            127.81378,26.30154,0
            127.81376,26.30153,0
            127.81372,26.3015,0
            127.81364,26.30146,0
            127.81361,26.30145,0
            127.8136,26.30144,0
            127.81345,26.30137,0
            127.81314,26.30127,0
            127.81285,26.30122,0
            127.81271,26.30121,0
            127.81254,26.30121,0
            127.81245,26.30122,0
            127.81236,26.30122,0
            127.81226,26.30124,0
            127.81217,26.30125,0
            127.81206,26.30128,0
            127.81195,26.3013,0
            127.81149,26.30148,0
            127.81135,26.30156,0
            127.81128,26.30161,0
            127.8112,26.30165,0
            127.8107,26.30196,0
            127.8106,26.302,0
            127.81059,26.30201,0
            127.8102,26.30224,0
            127.8099,26.30244,0
            127.80983,26.30242,0
            127.80973,26.30242,0
            127.80972,26.30241,0
            127.80969,26.30241,0
            127.80967,26.3024,0
            127.80966,26.30239,0
            127.80964,26.30239,0
            127.80951,26.30237,0
            127.80947,26.30228,0
            127.8092,26.30148,0
            127.80917,26.30142,0
            127.80913,26.30132,0
            127.80909,26.30124,0
            127.80906,26.30116,0
            127.80905,26.30111,0
            127.80897,26.3009,0
            127.8089,26.30067,0
            127.80889,26.30062,0
            127.80887,26.30057,0
            127.80885,26.3005,0
            127.80876,26.3,0
            127.80874,26.2998,0
            127.80873,26.29978,0
            127.80872,26.29961,0
            127.80872,26.29931,0
            127.80871,26.29916,0
            127.80873,26.29893,0
            127.80877,26.29879,0
            127.80879,26.29869,0
            127.80893,26.29817,0
            127.80895,26.29801,0
            127.80895,26.29776,0
            127.80886,26.29669,0
            127.80886,26.29658,0
            127.80894,26.29601,0
            127.80897,26.29588,0
            127.809,26.29567,0
            127.80924,26.29446,0
            127.8093,26.29422,0
            127.80941,26.29398,0
            127.80972,26.29341,0
            127.80981,26.29327,0
            127.81027,26.2924,0
            127.81049,26.29205,0
            127.81091,26.29155,0
            127.81145,26.29102,0
            127.81245,26.29009,0
            127.81257,26.28993,0
            127.81265,26.28985,0
            127.81334,26.28905,0
            127.81343,26.28896,0
            127.81349,26.28887,0
            127.81383,26.28846,0
            127.81391,26.28834,0
            127.81398,26.28825,0
            127.81411,26.28806,0
            127.81415,26.28799,0
            127.81421,26.28791,0
            127.8143,26.28777,0
            127.8145,26.28742,0
            127.81466,26.28711,0
            127.81478,26.28685,0
            127.81488,26.2866,0
            127.81506,26.28606,0
            127.81524,26.28534,0
            127.81526,26.28522,0
            127.81548,26.28425,0
            127.81551,26.28404,0
            127.81551,26.28399,0
            127.81553,26.28377,0
            127.81553,26.28336,0
            127.81551,26.28324,0
            127.8155,26.28311,0
            127.81544,26.2827,0
            127.81538,26.28245,0
            127.81537,26.28243,0
            127.81532,26.28224,0
            127.81524,26.28205,0
            127.81512,26.2818,0
            127.81499,26.28159,0
            127.8149,26.28147,0
            127.81486,26.28143,0
            127.81484,26.28139,0
            127.81472,26.28125,0
            127.81464,26.28118,0
            127.81434,26.28087,0
            127.81429,26.28083,0
            127.81423,26.28077,0
            127.81418,26.28071,0
            127.81399,26.28054,0
            127.81354,26.2801,0
            127.81329,26.27989,0
            127.81317,26.2798,0
            127.81315,26.27978,0
            127.81308,26.27973,0
            127.81277,26.27954,0
            127.81205,26.27914,0
            127.81201,26.27913,0
            127.81201,26.27912,0
            127.81155,26.2789,0
            127.81126,26.27878,0
            127.81118,26.27874,0
            127.81084,26.27861,0
            127.80985,26.27818,0
            127.80855,26.27765,0
            127.80815,26.27747,0
            127.80763,26.27726,0
            127.80758,26.27725,0
            127.80753,26.27723,0
            127.80718,26.27716,0
            127.80691,26.27716,0
            127.80688,26.27717,0
            127.80683,26.27717,0
            127.80664,26.27721,0
            127.8066,26.27723,0
            127.80654,26.27724,0
            127.8063,26.27734,0
            127.80542,26.27787,0
            127.80516,26.278,0
            127.80489,26.2781,0
            127.80481,26.27812,0
            127.80474,26.27815,0
            127.80434,26.27824,0
            127.8038,26.2783,0
            127.80347,26.27832,0
            127.80322,26.27832,0
            127.80282,26.27828,0
            127.80271,26.27826,0
            127.80237,26.27816,0
            127.80226,26.27811,0
            127.8022,26.27809,0
            127.80218,26.27807,0
            127.80212,26.27805,0
            127.802,26.27799,0
            127.80192,26.27794,0
            127.8018,26.27788,0
            127.80131,26.27757,0
            127.80112,26.27747,0
            127.80081,26.27728,0
            127.8008,26.27727,0
            127.80024,26.27692,0
            127.80006,26.27678,0
            127.79996,26.27672,0
            127.79976,26.27654,0
            127.79968,26.27643,0
            127.79745,26.27382,0
            127.79742,26.2738,0
            127.79715,26.2735,0
            127.79689,26.27326,0
            127.79636,26.27286,0
            127.79604,26.27266,0
            127.79574,26.27252,0
            127.79558,26.27247,0
            127.79555,26.27245,0
            127.79548,26.27243,0
            127.79453,26.27209,0
            127.79436,26.27202,0
            127.79415,26.27196,0
            127.7936,26.27176,0
            127.7935,26.27173,0
            127.79349,26.27173,0
            127.79348,26.27172,0
            127.79263,26.27143,0
            127.79253,26.27138,0
            127.79227,26.27122,0
            127.79216,26.27114,0
            127.79207,26.27105,0
            127.79206,26.27103,0
            127.79189,26.27085,0
            127.79181,26.27073,0
            127.79179,26.27071,0
            127.79178,26.27069,0
            127.79178,26.27068,0
            127.79176,26.27065,0
            127.79175,26.27062,0
            127.79173,26.2706,0
            127.7917,26.27054,0
            127.7917,26.27052,0
            127.79164,26.27039,0
            127.7916,26.27024,0
            127.79155,26.27011,0
            127.79124,26.26915,0
            127.79121,26.26908,0
            127.79106,26.26858,0
            127.79088,26.26806,0
            127.79074,26.2676,0
            127.79069,26.26748,0
            127.7902,26.26598,0
            127.79005,26.26547,0
            127.78982,26.2648,0
            127.78963,26.26435,0
            127.78951,26.2641,0
            127.78915,26.26349,0
            127.78896,26.2632,0
            127.78886,26.26302,0
            127.78875,26.26286,0
            127.78821,26.262,0
            127.78816,26.26193,0
            127.78813,26.26187,0
            127.78801,26.26169,0
            127.78796,26.2616,0
            127.78793,26.26157,0
            127.78733,26.26059,0
            127.78542,26.25703,0
            127.78534,26.25684,0
            127.78529,26.25674,0
            127.78524,26.25659,0
            127.78521,26.25654,0
            127.78511,26.25624,0
            127.78508,26.25612,0
            127.78506,26.25607,0
            127.78497,26.25574,0
            127.78493,26.25563,0
            127.78488,26.25543,0
            127.78483,26.25529,0
            127.78463,26.25459,0
            127.7843,26.25377,0
            127.78311,26.25128,0
            127.78274,26.25044,0
            127.78269,26.2503,0
            127.78266,26.25024,0
            127.78252,26.24983,0
            127.78223,26.24869,0
            127.78219,26.24847,0
            127.78169,26.24632,0
            127.78143,26.24544,0
            127.78134,26.24522,0
            127.78125,26.24505,0
            127.78123,26.245,0
            127.78108,26.24474,0
            127.78081,26.24437,0
            127.78074,26.24429,0
            127.77946,26.24256,0
            127.77936,26.24238,0
            127.77906,26.24199,0
            127.77898,26.24191,0
            127.777,26.2392,0
            127.77693,26.23912,0
            127.77668,26.23879,0
            127.77653,26.23861,0
            127.77619,26.23826,0
            127.7761,26.23819,0
            127.77571,26.23793,0
            127.77541,26.23776,0
            127.77515,26.23765,0
            127.7747,26.23751,0
            127.77459,26.2375,0
            127.77371,26.23736,0
            127.77367,26.23735,0
            127.77214,26.23712,0
            127.77194,26.23708,0
            127.77176,26.23706,0
            127.77172,26.23705,0
            127.77158,26.23703,0
            127.77155,26.23703,0
            127.77147,26.23701,0
            127.77146,26.23701,0
            127.77126,26.23697,0
            127.77117,26.23696,0
            127.7708,26.23688,0
            127.77067,26.23684,0
            127.77058,26.2368,0
            127.77051,26.23678,0
            127.77037,26.23671,0
            127.77015,26.23656,0
            127.7701,26.23652,0
            127.76997,26.23639,0
            127.76993,26.23634,0
            127.76986,26.23627,0
            127.76973,26.23607,0
            127.76967,26.23594,0
            127.76962,26.23579,0
            127.76961,26.23573,0
            127.7696,26.23571,0
            127.76958,26.23562,0
            127.76958,26.23557,0
            127.76957,26.23555,0
            127.76957,26.23519,0
            127.76968,26.2339,0
            127.76968,26.23353,0
            127.76966,26.23334,0
            127.76966,26.23329,0
            127.7696,26.23292,0
            127.76956,26.23276,0
            127.76946,26.23249,0
            127.76896,26.23127,0
            127.76876,26.23089,0
            127.76851,26.23037,0
            127.76848,26.23033,0
            127.76817,26.22972,0
            127.76815,26.22966,0
            127.76802,26.22941,0
            127.76799,26.22937,0
            127.76697,26.22732,0
            127.76695,26.22729,0
            127.76662,26.2266,0
            127.76633,26.22608,0
            127.76619,26.22575,0
            127.76614,26.22556,0
            127.7661,26.22545,0
            127.76609,26.22538,0
            127.76605,26.22524,0
            127.7659,26.22424,0
            127.76588,26.22404,0
            127.76579,26.22341,0
            127.76578,26.22325,0
            127.7656,26.22194,0
            127.76562,26.22179,0
            127.76561,26.22166,0
            127.76553,26.22122,0
            127.76552,26.22112,0
            127.76551,26.22108,0
            127.76551,26.22103,0
            127.76549,26.22093,0
            127.76548,26.22082,0
            127.76545,26.22064,0
            127.76541,26.22059,0
            127.76537,26.2203,0
            127.76532,26.22012,0
            127.76522,26.21989,0
            127.76505,26.2196,0
            127.76502,26.21956,0
            127.76443,26.21853,0
            127.76439,26.21844,0
            127.76437,26.21841,0
            127.76403,26.21776,0
            127.76392,26.21752,0
            127.76387,26.21738,0
            127.76385,26.2173,0
            127.76383,26.21725,0
            127.76383,26.21721,0
            127.76381,26.21714,0
            127.76379,26.21702,0
            127.76377,26.21658,0
            127.76374,26.21639,0
            127.76372,26.21633,0
            127.76361,26.21609,0
            127.76355,26.216,0
            127.76329,26.21572,0
            127.76325,26.21569,0
            127.76252,26.21496,0
            127.76241,26.21486,0
            127.76181,26.21424,0
            127.76167,26.21407,0
            127.76089,26.2129,0
            127.76084,26.21284,0
            127.76042,26.21221,0
            127.76032,26.2121,0
            127.76046,26.21202,0
            127.76147,26.21183,0
            127.76173,26.21173,0
            127.76189,26.21165,0
            127.76214,26.21148,0
            127.76218,26.21144,0
            127.76235,26.21131,0
            127.76248,26.21123,0
            127.76261,26.21117,0
            127.76276,26.21112,0
            127.76322,26.21101,0
            127.76339,26.21099,0
            127.76444,26.21103,0
            127.76445,26.21084,0
            127.76447,26.21078,0
            127.76449,26.21045,0
            127.76448,26.21043,0
            127.76448,26.21024,0
            127.76446,26.21,0
            127.76443,26.20983,0
            127.76437,26.20966,0
            127.76435,26.20962,0
            127.76432,26.20952,0
            127.76429,26.20947,0
            127.76419,26.20919,0
            127.76271,26.20656,0
            127.76258,26.2063,0
            127.76252,26.20621,0
            127.76215,26.20553,0
            127.76214,26.20552,0
            127.76203,26.20533,0
            127.76195,26.20517,0
            127.76162,26.2046,0
            127.76161,26.20457,0
            127.7613,26.20402,0
            127.76122,26.20385,0
            127.76076,26.20302,0
            127.76066,26.20279,0
            127.76063,26.2027,0
            127.76062,26.20268,0
            127.76058,26.20253,0
            127.76055,26.20237,0
            127.76055,26.20235,0
            127.76053,26.20222,0
            127.76053,26.2022,0
            127.76052,26.20219,0
            127.76052,26.20182,0
            127.76051,26.20169,0
            127.76052,26.20046,0
            127.76051,26.20003,0
            127.7608,26.20003,0
            127.76092,26.20002,0
            127.76119,26.20002,0
            127.7613,26.2,0
            127.76317,26.19997,0
            127.7636,26.19995,0
            127.7637,26.19993,0
            127.76379,26.19992,0
            127.76416,26.19982,0
            127.76439,26.19973,0
            127.76452,26.19967,0
            127.76459,26.19963,0
            127.7646,26.19963,0
            127.76483,26.19949,0
            127.76498,26.19938,0
            127.76503,26.19933,0
            127.76509,26.19929,0
            127.766,26.1984,0
            127.76588,26.1983,0
            127.76585,26.19829,0
            127.76553,26.19813,0
            127.7655,26.19811,0
            127.76533,26.19802,0
            127.76563,26.19778,0
            127.76564,26.19778,0
            127.76564,26.19777,0
            127.76571,26.19773,0
            127.76575,26.1977,0
            127.76577,26.19769,0
            127.76579,26.19769,0
            127.76579,26.1977,0
            127.76581,26.1977,0
            127.76635,26.19806,0
            127.76663,26.19779,0
            127.76685,26.19756,0
            127.76687,26.19755,0
            127.76729,26.19714,0
            127.76741,26.19701,0
            127.76753,26.1969,0
            127.7677,26.19668,0
            127.76771,26.19666,0
            127.76777,26.19658,0
            127.76782,26.1965,0
            127.76793,26.19628,0
            127.76802,26.19604,0
            127.7681,26.19568,0
            127.76811,26.19553,0
            127.7681,26.19508,0
            127.76801,26.19392,0
            127.76801,26.19378,0
            127.76803,26.19357,0
            127.76804,26.19354,0
            127.76804,26.19351,0
            127.76816,26.19315,0
            127.76828,26.19294,0
            127.76843,26.19274,0
            127.76886,26.19227,0
            127.77022,26.19086,0
            127.77024,26.19083,0
            127.77112,26.18993,0
            127.77112,26.18992,0
            127.7713,26.18975,0
            127.77142,26.1896,0
            127.77159,26.18941,0
            127.77359,26.18673,0
            127.77364,26.18664,0
            127.77366,26.18659,0
            127.77372,26.18648,0
            127.77381,26.18623,0
            127.77392,26.18582,0
            127.77398,26.18517,0
            127.774,26.18508,0
            127.77403,26.18488,0
            127.7741,26.18472,0
            127.77418,26.18447,0
            127.77422,26.18429,0
            127.77427,26.18399,0
            127.77428,26.18396,0
            127.77431,26.18376,0
            127.77432,26.18373,0
            127.77432,26.18369,0
            127.77437,26.18347,0
            127.77444,26.18327,0
            127.7746,26.18296,0
            127.77465,26.18288,0
            127.77481,26.18267,0
            127.77483,26.18263,0
            127.77496,26.18245,0
            127.77506,26.18226,0
            127.77512,26.18211,0
            127.77515,26.182,0
            127.77516,26.18198,0
            127.77516,26.18194,0
            127.77518,26.18184,0
            127.77518,26.18179,0
            127.77519,26.18175,0
            127.77519,26.18151,0
            127.77518,26.18148,0
            127.77518,26.18143,0
            127.77515,26.18129,0
            127.77504,26.18097,0
            127.77491,26.18064,0
            127.77471,26.18019,0
            127.77458,26.17982,0
            127.77456,26.17978,0
            127.77453,26.17965,0
            127.77447,26.17947,0
            127.77437,26.1791,0
            127.77435,26.17905,0
            127.77426,26.17865,0
            127.77396,26.17756,0
            127.7738,26.1769,0
            127.77376,26.17662,0
            127.77376,26.17638,0
            127.77377,26.17618,0
            127.77376,26.17483,0
            127.77377,26.17471,0
            127.77383,26.1745,0
            127.7739,26.17435,0
            127.77396,26.17425,0
            127.77403,26.17415,0
            127.77408,26.1741,0
            127.77412,26.17405,0
            127.77425,26.17393,0
            127.7743,26.1739,0
            127.77436,26.17385,0
            127.77523,26.17322,0
            127.77554,26.17301,0
            127.77577,26.17283,0
            127.77629,26.17249,0
            127.77695,26.17212,0
            127.78087,26.17023,0
            127.78094,26.17019,0
            127.78148,26.16993,0
            127.78151,26.16992,0
            127.78231,26.16953,0
            127.78248,26.16946,0
            127.78252,26.16943,0
            127.78498,26.16825,0
            127.78528,26.16815,0
            127.78572,26.16804,0
            127.78584,26.16802,0
            127.78798,26.1678,0
            127.78804,26.1678,0
            127.7881,26.16779,0
            127.78813,26.16778,0
            127.79044,26.16755,0
            127.79088,26.16753,0
            127.79139,26.16756,0
            127.79166,26.16761,0
            127.79201,26.16769,0
            127.79209,26.16772,0
            127.79226,26.16777,0
            127.79259,26.1679,0
            127.79631,26.16956,0
            127.79687,26.16983,0
            127.79808,26.17037,0
            127.7985,26.17061,0
            127.79871,26.17075,0
            127.79892,26.17091,0
            127.79912,26.17109,0
            127.79926,26.17119,0
            127.7994,26.17135,0
            127.79944,26.17138,0
            127.7995,26.17144,0
            127.79952,26.17148,0
            127.7997,26.17172,0
            127.79976,26.17179,0
            127.79983,26.1719,0
            127.79984,26.1719,0
            127.80001,26.17221,0
            127.80006,26.17233,0
            127.80013,26.17246,0
            127.80024,26.17273,0
            127.80029,26.1729,0
            127.80037,26.17328,0
            127.80041,26.17363,0
            127.80042,26.1739,0
            127.80041,26.17413,0
            127.80039,26.17432,0
            127.80039,26.17437,0
            127.80033,26.17471,0
            127.80017,26.17525,0
            127.80013,26.17535,0
            127.7999,26.17607,0
            127.79986,26.17617,0
            127.79982,26.17635,0
            127.79981,26.17637,0
            127.79975,26.17659,0
            127.79934,26.17787,0
            127.79927,26.17814,0
            127.79909,26.17866,0
            127.79881,26.17957,0
            127.79867,26.17995,0
            127.79858,26.18031,0
            127.79856,26.18052,0
            127.79856,26.18062,0
            127.79859,26.18084,0
            127.79867,26.18113,0
            127.7988,26.18138,0
            127.79889,26.18152,0
            127.79895,26.1816,0
            127.79919,26.18184,0
            127.80165,26.18409,0
            127.80203,26.1844,0
            127.80236,26.18465,0
            127.80255,26.18478,0
            127.80302,26.18507,0
            127.8032,26.18517,0
            127.80333,26.18526,0
            127.80553,26.18655,0
            127.80559,26.1866,0
            127.80763,26.18779,0
            127.8077,26.18784,0
            127.8084,26.18824,0
            127.80863,26.18836,0
            127.80912,26.18856,0
            127.80921,26.18859,0
            127.8093,26.18861,0
            127.80941,26.18865,0
            127.81103,26.18902,0
            127.81111,26.18903,0
            127.8122,26.18927,0
            127.81238,26.18932,0
            127.81315,26.18945,0
            127.81349,26.18948,0
            127.81365,26.18948,0
            127.81382,26.18949,0
            127.81435,26.18947,0
            127.81479,26.18942,0
            127.81528,26.18933,0
            127.81647,26.18903,0
            127.81655,26.189,0
            127.81727,26.18879,0
            127.81757,26.18869,0
            127.81763,26.18866,0
            127.81774,26.18863,0
            127.81802,26.18851,0
            127.81864,26.18818,0
            127.81873,26.18811,0
            127.81875,26.18809,0
            127.81876,26.18809,0
            127.81878,26.18806,0
            127.81883,26.18802,0
            127.81887,26.18797,0
            127.81888,26.18795,0
            127.81891,26.18791,0
            127.81894,26.18786,0
            127.81898,26.18775,0
            127.81901,26.18769,0
            127.81901,26.18766,0
            127.81902,26.18761,0
            127.81902,26.18709,0
            127.81897,26.18591,0
            127.81892,26.18524,0
            127.81877,26.18382,0
            127.81877,26.18373,0
            127.8188,26.18355,0
            127.81885,26.18339,0
            127.81885,26.18336,0
            127.81897,26.18303,0
            127.819,26.1829,0
            127.81918,26.1823,0
            127.81921,26.18222,0
            127.81951,26.18069,0
            127.81953,26.18055,0
            127.8196,26.18027,0
            127.81965,26.18011,0
            127.81968,26.18005,0
            127.81969,26.18002,0
            127.81977,26.17988,0
            127.81978,26.17984,0
            127.81985,26.17972,0
            127.82071,26.1784,0
            127.82086,26.17821,0
            127.82096,26.17811,0
            127.82103,26.17805,0
            127.8211,26.178,0
            127.82121,26.17794,0
            127.82134,26.17789,0
            127.82136,26.17789,0
            127.82143,26.17787,0
            127.82149,26.17786,0
            127.82153,26.17786,0
            127.82156,26.17785,0
            127.8217,26.17785,0
            127.82173,26.17786,0
            127.82176,26.17786,0
            127.82191,26.17789,0
            127.82257,26.17817,0
            127.82264,26.17821,0
            127.82272,26.17824,0
            127.82287,26.17831,0
            127.82326,26.17841,0
            127.82348,26.17844,0
            127.82354,26.17844,0
            127.82361,26.17845,0
            127.82386,26.17845,0
            127.82413,26.17843,0
            127.82417,26.17842,0
            127.82432,26.1784,0
            127.82445,26.17835,0
            127.82449,26.17834,0
            127.82456,26.17831,0
            127.82469,26.17824,0
            127.82473,26.17823,0
            127.82482,26.17819,0
            127.82487,26.17818,0
            127.82492,26.17816,0
            127.82494,26.17816,0
            127.82498,26.17814,0
            127.82525,26.17809,0
            127.82539,26.17809,0
            127.82546,26.17808,0
            127.82556,26.17808,0
            127.82564,26.17807,0
            127.8257,26.17805,0
            127.82582,26.17803,0
            127.82603,26.17796,0
            127.82708,26.17743,0
            127.8272,26.17735,0
            127.82727,26.17728,0
            127.82728,26.17726,0
            127.82733,26.17719,0
            127.82736,26.17712,0
            127.8274,26.177,0
            127.82741,26.17698,0
            127.82743,26.17689,0
            127.82752,26.17666,0
            127.82756,26.1766,0
            127.82757,26.17659,0
            127.82759,26.17654,0
            127.82762,26.1765,0
            127.82763,26.1765,0
            127.82775,26.17636,0
            127.82779,26.17633,0
            127.82802,26.1761,0
            127.82802,26.17609,0
            127.82809,26.17602,0
            127.82823,26.17584,0
            127.82827,26.17578,0
            127.82839,26.17556,0
            127.82848,26.17533,0
            127.82849,26.17528,0
            127.82851,26.17523,0
            127.82854,26.17511,0
            127.82854,26.17509,0
            127.82857,26.17494,0
            127.82857,26.17492,0
            127.82858,26.17487,0
            127.82858,26.1747,0
            127.82859,26.17465,0
            127.82859,26.1746,0
            127.8286,26.17455,0
            127.8286,26.17451,0
            127.82861,26.17445,0
            127.82865,26.17431,0
            127.82868,26.17423,0
            127.8288,26.17398,0
            127.82889,26.17383,0
            127.8289,26.1738,0
            127.82892,26.17377,0
            127.82894,26.1737,0
            127.82894,26.17368,0
            127.82895,26.17366,0
            127.82896,26.17362,0
            127.82896,26.17344,0
            127.82891,26.17323,0
            127.82873,26.17294,0
            127.82869,26.17289,0
            127.82865,26.17282,0
            127.82849,26.17258,0
            127.82842,26.17251,0
            127.82832,26.17239,0
            127.82807,26.17215,0
            127.82805,26.17212,0
            127.82802,26.17209,0
            127.82795,26.17199,0
            127.82791,26.17189,0
            127.8279,26.17184,0
            127.82788,26.1718,0
            127.82788,26.17178,0
            127.82787,26.17174,0
            127.82787,26.17168,0
            127.82784,26.17155,0
            127.82782,26.1715,0
            127.82776,26.17139,0
            127.8275,26.171,0
            127.8275,26.17099,0
            127.82739,26.17084,0
            127.82732,26.17077,0
            127.82728,26.17074,0
            127.82726,26.17072,0
            127.82717,26.17066,0
            127.82716,26.17066,0
            127.82714,26.17064,0
            127.82695,26.17055,0
            127.82692,26.17053,0
            127.82691,26.17053,0
            127.82688,26.17051,0
            127.82684,26.17049,0
            127.8268,26.17046,0
            127.82677,26.17043,0
            127.82673,26.1704,0
            127.82671,26.17037,0
            127.82667,26.17033,0
            127.82663,26.17027,0
            127.82661,26.17023,0
            127.82659,26.1702,0
            127.82659,26.17018,0
            127.8265,26.16996,0
            127.82647,26.16984,0
            127.82647,26.16964,0
            127.82648,26.16961,0
            127.82649,26.16956,0
            127.82649,26.16936,0
            127.82647,26.16931,0
            127.82647,26.1693,0
            127.82645,26.16924,0
            127.82643,26.16922,0
            127.82638,26.16914,0
            127.82636,26.16913,0
            127.8263,26.16908,0
            127.82626,26.16906,0
            127.82622,26.16903,0
            127.82617,26.16901,0
            127.82612,26.169,0
            127.82609,26.16899,0
            127.82606,26.16899,0
            127.82603,26.16898,0
            127.82598,26.16898,0
            127.8259,26.16899,0
            127.82585,26.16899,0
            127.82527,26.16911,0
            127.82515,26.16915,0
            127.82463,26.16928,0
            127.82457,26.16928,0
            127.82452,26.16927,0
            127.82448,26.16927,0
            127.82441,26.16925,0
            127.82415,26.16911,0
            127.8241,26.16909,0
            127.824,26.16906,0
            127.82392,26.16906,0
            127.8239,26.16905,0
            127.82387,26.16906,0
            127.8238,26.16906,0
            127.82372,26.16908,0
            127.8237,26.16908,0
            127.82366,26.1691,0
            127.82363,26.16911,0
            127.82348,26.1692,0
            127.82325,26.16938,0
            127.82298,26.16957,0
            127.82285,26.16968,0
            127.82283,26.16969,0
            127.82276,26.16974,0
            127.8227,26.16977,0
            127.82266,26.16978,0
            127.82261,26.1698,0
            127.82244,26.1698,0
            127.82241,26.16979,0
            127.82235,26.16978,0
            127.82217,26.16973,0
            127.82195,26.16963,0
            127.82194,26.16962,0
            127.82191,26.16961,0
            127.8218,26.16956,0
            127.82176,26.16955,0
            127.82175,26.16954,0
            127.82171,26.16953,0
            127.82167,26.16953,0
            127.82154,26.16951,0
            127.8215,26.16951,0
            127.82148,26.16952,0
            127.82143,26.16952,0
            127.82085,26.16967,0
            127.82078,26.1697,0
            127.82067,26.16973,0
            127.81948,26.17017,0
            127.81938,26.17017,0
            127.81931,26.17016,0
            127.81927,26.17016,0
            127.81916,26.17012,0
            127.8191,26.17009,0
            127.81906,26.17006,0
            127.81898,26.16998,0
            127.81892,26.16991,0
            127.81884,26.16985,0
            127.81851,26.16951,0
            127.81851,26.1695,0
            127.81849,26.16949,0
            127.81809,26.16904,0
            127.81802,26.16895,0
            127.81794,26.16881,0
            127.81792,26.16874,0
            127.81792,26.16864,0
            127.81793,26.16855,0
            127.81798,26.16828,0
            127.81805,26.16804,0
            127.81834,26.16739,0
            127.81834,26.16738,0
            127.81843,26.16718,0
            127.81845,26.16715,0
            127.81846,26.1671,0
            127.81848,26.16704,0
            127.81851,26.16684,0
            127.81851,26.16675,0
            127.81849,26.16658,0
            127.81849,26.16653,0
            127.81844,26.16601,0
            127.81843,26.16573,0
            127.81844,26.16486,0
            127.81846,26.16466,0
            127.81848,26.16457,0
            127.8185,26.16441,0
            127.81859,26.16408,0
            127.81862,26.1639,0
            127.81862,26.16377,0
            127.81858,26.16364,0
            127.81856,26.16361,0
            127.81854,26.16357,0
            127.81851,26.16353,0
            127.81797,26.16302,0
            127.81793,26.16299,0
            127.8179,26.16295,0
            127.81787,26.16292,0
            127.81785,26.16289,0
            127.81783,26.16287,0
            127.8178,26.16283,0
            127.81777,26.16278,0
            127.81774,26.16274,0
            127.81765,26.16259,0
            127.81762,26.16253,0
            127.81746,26.16226,0
            127.81738,26.16218,0
            127.81736,26.16215,0
            127.81733,26.16212,0
            127.81729,26.1621,0
            127.81723,26.16206,0
            127.81647,26.16164,0
            127.81645,26.16162,0
            127.81641,26.1616,0
            127.81637,26.16159,0
            127.81632,26.16156,0
            127.8161,26.1615,0
            127.81608,26.1615,0
            127.81598,26.16148,0
            127.81588,26.16145,0
            127.81582,26.16144,0
            127.81569,26.16139,0
            127.81563,26.16136,0
            127.81537,26.16115,0
            127.81526,26.16108,0
            127.8152,26.16105,0
            127.81503,26.16099,0
            127.81497,26.16095,0
            127.81493,26.16093,0
            127.81489,26.1609,0
            127.81475,26.16073,0
            127.81466,26.16064,0
            127.81456,26.16058,0
            127.8145,26.16053,0
            127.81438,26.16041,0
            127.81422,26.16022,0
            127.81416,26.16012,0
            127.81413,26.16004,0
            127.81412,26.15995,0
            127.81409,26.15982,0
            127.81406,26.15973,0
            127.81402,26.15965,0
            127.81394,26.15955,0
            127.81393,26.15953,0
            127.81383,26.15941,0
            127.8135,26.15909,0
            127.81331,26.15893,0
            127.81319,26.15885,0
            127.81312,26.15879,0
            127.813,26.15871,0
            127.81285,26.15864,0
            127.81278,26.15864,0
            127.81273,26.15863,0
            127.81258,26.15865,0
            127.8125,26.15867,0
            127.81235,26.15869,0
            127.8122,26.15869,0
            127.81205,26.15866,0
            127.81195,26.15862,0
            127.81193,26.15862,0
            127.81178,26.15856,0
            127.81173,26.15855,0
            127.81168,26.15853,0
            127.81149,26.15852,0
            127.81101,26.15853,0
            127.81093,26.15852,0
            127.81089,26.15852,0
            127.81062,26.15845,0
            127.81043,26.15835,0
            127.81029,26.15826,0
            127.8102,26.15818,0
            127.80998,26.15794,0
            127.80993,26.15786,0
            127.80992,26.15781,0
            127.80992,26.15776,0
            127.80993,26.1577,0
            127.81,26.15759,0
            127.81004,26.15755,0
            127.8101,26.15747,0
            127.81024,26.15731,0
            127.81031,26.15717,0
            127.81034,26.15699,0
            127.81034,26.15688,0
            127.81032,26.1568,0
            127.8103,26.15676,0
            127.81029,26.15673,0
            127.81027,26.1567,0
            127.81024,26.15667,0
            127.8102,26.15662,0
            127.81014,26.15657,0
            127.81002,26.15649,0
            127.80977,26.15629,0
            127.80966,26.15619,0
            127.80955,26.15607,0
            127.80945,26.15592,0
            127.80941,26.15587,0
            127.80935,26.15581,0
            127.80925,26.15575,0
            127.80919,26.15573,0
            127.80916,26.15573,0
            127.80912,26.15572,0
            127.80902,26.15572,0
            127.80895,26.15573,0
            127.80882,26.15576,0
            127.8088,26.15576,0
            127.80876,26.15577,0
            127.80874,26.15578,0
            127.80865,26.15579,0
            127.80858,26.15579,0
            127.80851,26.15578,0
            127.80846,26.15576,0
            127.80823,26.1557,0
            127.80804,26.15563,0
            127.80781,26.15557,0
            127.8078,26.15557,0
            127.80773,26.15555,0
            127.80761,26.15553,0
            127.80749,26.15552,0
            127.80724,26.15552,0
            127.80721,26.15553,0
            127.80716,26.15553,0
            127.80704,26.15556,0
            127.80697,26.1556,0
            127.8069,26.15565,0
            127.80682,26.15575,0
            127.80679,26.1559,0
            127.80679,26.15617,0
            127.80678,26.15622,0
            127.80678,26.15624,0
            127.80677,26.15628,0
            127.80675,26.15633,0
            127.80672,26.15637,0
            127.80668,26.15641,0
            127.80657,26.15648,0
            127.80654,26.15649,0
            127.80652,26.15649,0
            127.80648,26.1565,0
            127.80634,26.1565,0
            127.80623,26.15646,0
            127.80617,26.15643,0
            127.80605,26.15633,0
            127.80598,26.15626,0
            127.80592,26.15619,0
            127.80586,26.15606,0
            127.8058,26.15583,0
            127.80577,26.15575,0
            127.80574,26.1557,0
            127.80572,26.15564,0
            127.80567,26.15557,0
            127.80558,26.15547,0
            127.80531,26.15513,0
            127.80524,26.15507,0
            127.80521,26.15503,0
            127.80515,26.15499,0
            127.80495,26.15482,0
            127.80475,26.15462,0
            127.80429,26.15423,0
            127.80415,26.15415,0
            127.80406,26.15411,0
            127.80397,26.15408,0
            127.80345,26.15394,0
            127.80309,26.15379,0
            127.80302,26.15375,0
            127.80301,26.15374,0
            127.80296,26.15371,0
            127.80293,26.15368,0
            127.8029,26.15366,0
            127.80288,26.15363,0
            127.80285,26.1536,0
            127.80282,26.15356,0
            127.80278,26.15352,0
            127.80261,26.1533,0
            127.80245,26.15313,0
            127.80243,26.1531,0
            127.8024,26.15308,0
            127.80232,26.15305,0
            127.80226,26.15301,0
            127.80217,26.15296,0
            127.80209,26.15294,0
            127.80202,26.15291,0
            127.8019,26.15288,0
            127.80157,26.15287,0
            127.80123,26.15284,0
            127.80099,26.15276,0
            127.79968,26.152,0
            127.79923,26.1517,0
            127.7988,26.15146,0
            127.79876,26.15143,0
            127.79873,26.1514,0
            127.7987,26.15138,0
            127.79867,26.15135,0
            127.79864,26.15131,0
            127.79861,26.15128,0
            127.79854,26.15119,0
            127.79846,26.15102,0
            127.79842,26.15082,0
            127.79842,26.15064,0
            127.79843,26.15062,0
            127.79843,26.15056,0
            127.79854,26.15007,0
            127.79854,26.15006,0
            127.79855,26.15003,0
            127.79856,26.14998,0
            127.79856,26.14991,0
            127.79857,26.14988,0
            127.79856,26.14985,0
            127.79856,26.14973,0
            127.79853,26.14961,0
            127.79844,26.14941,0
            127.79833,26.14922,0
            127.79832,26.14921,0
            127.79828,26.14915,0
            127.79806,26.14891,0
            127.79805,26.14889,0
            127.79802,26.14886,0
            127.79798,26.1488,0
            127.79796,26.14875,0
            127.7979,26.14865,0
            127.79789,26.14862,0
            127.79788,26.14861,0
            127.79787,26.14857,0
            127.79785,26.14853,0
            127.79778,26.14843,0
            127.79775,26.1484,0
            127.79774,26.14838,0
            127.79762,26.14826,0
            127.79756,26.14822,0
            127.79738,26.14807,0
            127.79732,26.14801,0
            127.79726,26.14796,0
            127.79721,26.1479,0
            127.79701,26.14772,0
            127.79698,26.1477,0
            127.79672,26.14747,0
            127.79671,26.14747,0
            127.79625,26.14707,0
            127.79623,26.14704,0
            127.79614,26.14697,0
            127.79607,26.1469,0
            127.79605,26.14689,0
            127.79596,26.1468,0
            127.79559,26.14652,0
            127.79555,26.14648,0
            127.79551,26.14645,0
            127.79545,26.14639,0
            127.7954,26.14635,0
            127.79524,26.14616,0
            127.7951,26.14595,0
            127.79508,26.14591,0
            127.79507,26.14588,0
            127.79504,26.14583,0
            127.795,26.1457,0
            127.79499,26.14568,0
            127.79497,26.14562,0
            127.79495,26.14553,0
            127.79495,26.14549,0
            127.79494,26.14544,0
            127.79494,26.14523,0
            127.79495,26.14518,0
            127.79496,26.14507,0
            127.79502,26.14486,0
            127.79527,26.14423,0
            127.79533,26.14405,0
            127.79535,26.14401,0
            127.79536,26.14398,0
            127.7954,26.1438,0
            127.79542,26.14375,0
            127.79542,26.14372,0
            127.79543,26.1437,0
            127.79544,26.14365,0
            127.79546,26.14345,0
            127.79546,26.14341,0
            127.79547,26.14336,0
            127.79546,26.14325,0
            127.79546,26.14318,0
            127.79544,26.14301,0
            127.79543,26.14297,0
            127.79542,26.1429,0
            127.79541,26.14286,0
            127.79541,26.14283,0
            127.79539,26.14277,0
            127.79537,26.14268,0
            127.79532,26.14257,0
            127.79532,26.14255,0
            127.79527,26.14244,0
            127.79513,26.14218,0
            127.7949,26.14188,0
            127.79486,26.14185,0
            127.79474,26.14173,0
            127.79469,26.14169,0
            127.79466,26.14166,0
            127.79463,26.14164,0
            127.7946,26.14161,0
            127.79441,26.14147,0
            127.7942,26.14135,0
            127.79267,26.14056,0
            127.79248,26.14045,0
            127.79237,26.14037,0
            127.7923,26.14033,0
            127.79224,26.14028,0
            127.79217,26.14021,0
            127.79212,26.14017,0
            127.79209,26.14014,0
            127.79208,26.14014,0
            127.79206,26.14011,0
            127.792,26.14005,0
            127.79197,26.14001,0
            127.7919,26.13994,0
            127.79187,26.13989,0
            127.7917,26.13965,0
            127.79155,26.13937,0
            127.79118,26.13883,0
            127.79112,26.13877,0
            127.79108,26.13872,0
            127.791,26.13864,0
            127.79087,26.13853,0
            127.79082,26.13848,0
            127.79069,26.13839,0
            127.7905,26.13828,0
            127.79045,26.13826,0
            127.79038,26.13822,0
            127.79028,26.13818,0
            127.79022,26.13815,0
            127.79,26.13807,0
            127.78994,26.13806,0
            127.78985,26.13803,0
            127.7898,26.13802,0
            127.78974,26.138,0
            127.78938,26.13795,0
            127.78896,26.13792,0
            127.78743,26.13791,0
            127.78629,26.13794,0
            127.78624,26.13795,0
            127.78617,26.13795,0
            127.7861,26.13797,0
            127.78602,26.13798,0
            127.78578,26.13803,0
            127.7857,26.13806,0
            127.78556,26.1381,0
            127.7853,26.13823,0
            127.78527,26.13824,0
            127.78492,26.13846,0
            127.78484,26.13854,0
            127.78479,26.13858,0
            127.7847,26.13864,0
            127.78467,26.13867,0
            127.78463,26.1387,0
            127.78455,26.13878,0
            127.78441,26.13894,0
            127.78393,26.13956,0
            127.78377,26.13975,0
            127.78369,26.13983,0
            127.78365,26.13986,0
            127.78358,26.13993,0
            127.78345,26.14004,0
            127.7834,26.14007,0
            127.78335,26.14011,0
            127.7832,26.14018,0
            127.78315,26.14021,0
            127.78307,26.14024,0
            127.78303,26.14026,0
            127.78298,26.14027,0
            127.7829,26.1403,0
            127.78261,26.14036,0
            127.78245,26.14037,0
            127.78221,26.14035,0
            127.78202,26.14032,0
            127.78147,26.14018,0
            127.78067,26.13995,0
            127.78044,26.13991,0
            127.78011,26.13987,0
            127.77986,26.13986,0
            127.77944,26.13989,0
            127.77925,26.13992,0
            127.77846,26.14009,0
            127.77845,26.1401,0
            127.7778,26.14024,0
            127.77773,26.14026,0
            127.77748,26.14031,0
            127.77741,26.14033,0
            127.7774,26.14033,0
            127.77656,26.14049,0
            127.77636,26.1405,0
            127.77612,26.14048,0
            127.77592,26.14044,0
            127.77571,26.14038,0
            127.77555,26.14032,0
            127.77515,26.1401,0
            127.77512,26.14009,0
            127.77432,26.13955,0
            127.77415,26.13945,0
            127.7741,26.13943,0
            127.77398,26.13936,0
            127.77379,26.13929,0
            127.77375,26.13928,0
            127.77368,26.13925,0
            127.7736,26.13924,0
            127.77351,26.13924,0
            127.77326,26.13926,0
            127.77294,26.13934,0
            127.77282,26.13938,0
            127.77226,26.13965,0
            127.77209,26.13975,0
            127.77141,26.1401,0
            127.7714,26.14011,0
            127.77088,26.14033,0
            127.77058,26.14042,0
            127.77047,26.14044,0
            127.77045,26.14045,0
            127.77022,26.14049,0
            127.76988,26.14051,0
            127.76958,26.14048,0
            127.76944,26.14045,0
            127.76931,26.14041,0
            127.76929,26.1404,0
            127.76915,26.14036,0
            127.76886,26.14022,0
            127.76839,26.13989,0
            127.76833,26.13983,0
            127.76823,26.13975,0
            127.76804,26.13956,0
            127.76749,26.13892,0
            127.76735,26.13877,0
            127.76632,26.13755,0
            127.76628,26.13749,0
            127.76625,26.13742,0
            127.76623,26.13735,0
            127.76622,26.13727,0
            127.76622,26.1372,0
            127.76629,26.13673,0
            127.76639,26.13623,0
            127.76639,26.1362,0
            127.7664,26.13615,0
            127.7664,26.13609,0
            127.76639,26.13604,0
            127.76635,26.13595,0
            127.76631,26.13588,0
            127.76625,26.13582,0
            127.76619,26.13577,0
            127.76607,26.13569,0
            127.76606,26.13569,0
            127.7659,26.13558,0
            127.76588,26.13558,0
            127.76577,26.13552,0
            127.76572,26.13551,0
            127.76556,26.13551,0
            127.76546,26.13553,0
            127.76532,26.13558,0
            127.76527,26.13559,0
            127.76514,26.13563,0
            127.76501,26.13565,0
            127.76487,26.13563,0
            127.76479,26.1356,0
            127.76471,26.13556,0
            127.76404,26.13509,0
            127.76358,26.13473,0
            127.76347,26.13462,0
            127.76342,26.13456,0
            127.76336,26.13447,0
            127.76328,26.13437,0
            127.76319,26.13424,0
            127.7631,26.13407,0
            127.76297,26.13374,0
            127.76297,26.13373,0
            127.76294,26.13362,0
            127.76294,26.1336,0
            127.7629,26.13338,0
            127.76289,26.13326,0
            127.7629,26.13288,0
            127.76297,26.13234,0
            127.76298,26.13189,0
            127.76294,26.13163,0
            127.76293,26.13161,0
            127.7629,26.13147,0
            127.7629,26.13145,0
            127.76285,26.13131,0
            127.76279,26.13118,0
            127.76249,26.13068,0
            127.76244,26.13065,0
            127.76217,26.13038,0
            127.7618,26.13013,0
            127.7601,26.1292,0
            127.76006,26.12917,0
            127.75907,26.12861,0
            127.75851,26.12832,0
            127.75771,26.12799,0
            127.75685,26.12773,0
            127.75651,26.12766,0
            127.75636,26.12764,0
            127.75458,26.12765,0
            127.75458,26.1274,0
            127.75451,26.12585,0
            127.75452,26.1258,0
            127.7546,26.12573,0
            127.75477,26.12562,0
            127.75514,26.12541,0
            127.75534,26.12528,0
            127.75539,26.12526,0
            127.75552,26.12515,0
            127.75564,26.12519,0
            127.75573,26.12521,0
            127.75581,26.12524,0
            127.75603,26.12536,0
            127.75606,26.12537,0
            127.75616,26.12545,0
            127.75618,26.12548,0
            127.75635,26.12564,0
            127.7564,26.12567,0
            127.75643,26.12568,0
            127.75644,26.12569,0
          </coordinates>
        </LineString>
      </Placemark>
      <Placemark>
        <name>ASBO STAY HOTEL</name>
        <styleUrl>#icon-1899-DB4436-nodesc</styleUrl>
        <Point>
          <coordinates>
            127.9450094,26.4600176,0
          </coordinates>
        </Point>
      </Placemark>
      <Placemark>
        <name>海中道路沙灘</name>
        <styleUrl>#icon-1899-DB4436-nodesc</styleUrl>
        <Point>
          <coordinates>
            127.925351,26.3318633,0
          </coordinates>
        </Point>
      </Placemark>
      <Placemark>
        <name>Lawson 與那城海中道路前店</name>
        <styleUrl>#icon-1899-DB4436-nodesc</styleUrl>
        <Point>
          <coordinates>
            127.9547707,26.3402501,0
          </coordinates>
        </Point>
      </Placemark>
      <Placemark>
        <name>MINATOGAWA STAY OKINAWA</name>
        <styleUrl>#icon-1899-DB4436-nodesc</styleUrl>
        <Point>
          <coordinates>
            127.7564401,26.1256856,0
          </coordinates>
        </Point>
      </Placemark>
    </Folder>
    <Folder>
      <name>第五天路線(10/15)</name>
      <Placemark>
        <name>第五天路線(10/15)</name>
        <styleUrl>#line-1267FF-5000-nodesc</styleUrl>
        <LineString>
          <tessellate>1</tessellate>
          <coordinates>
            127.75644,26.12569,0
            127.75643,26.12568,0
            127.7564,26.12567,0
            127.75635,26.12564,0
            127.75618,26.12548,0
            127.75616,26.12545,0
            127.75606,26.12537,0
            127.75603,26.12536,0
            127.75581,26.12524,0
            127.75573,26.12521,0
            127.75564,26.12519,0
            127.75552,26.12515,0
            127.75539,26.12526,0
            127.75534,26.12528,0
            127.75514,26.12541,0
            127.75477,26.12562,0
            127.7546,26.12573,0
            127.75452,26.1258,0
            127.75451,26.12585,0
            127.75458,26.1274,0
            127.75458,26.12765,0
            127.75358,26.12769,0
            127.75343,26.12768,0
            127.75331,26.12768,0
            127.75317,26.12767,0
            127.75243,26.1277,0
            127.75197,26.1277,0
            127.75072,26.12774,0
            127.75061,26.12775,0
            127.75045,26.12775,0
            127.75011,26.12772,0
            127.75001,26.1277,0
            127.74989,26.12766,0
            127.7497,26.12756,0
            127.74963,26.12753,0
            127.74956,26.12749,0
            127.74932,26.12728,0
            127.74917,26.12717,0
            127.74888,26.12693,0
            127.74872,26.12677,0
            127.7486,26.12659,0
            127.74857,26.12653,0
            127.74855,26.12647,0
            127.74853,26.12643,0
            127.74845,26.12612,0
            127.74833,26.12543,0
            127.74833,26.1254,0
            127.74828,26.12507,0
            127.74828,26.12502,0
            127.74829,26.12498,0
            127.74829,26.12493,0
            127.7483,26.1249,0
            127.7483,26.12487,0
            127.74843,26.12442,0
            127.74845,26.12433,0
            127.74847,26.12427,0
            127.74847,26.12422,0
            127.74848,26.12416,0
            127.74847,26.1241,0
            127.74847,26.12404,0
            127.74846,26.12399,0
            127.74846,26.12396,0
            127.74843,26.12387,0
            127.74837,26.12374,0
            127.74819,26.12347,0
            127.74814,26.12342,0
            127.74813,26.1234,0
            127.7481,26.12337,0
            127.74808,26.12336,0
            127.74807,26.12335,0
            127.74804,26.12334,0
            127.74794,26.12329,0
            127.74788,26.12327,0
            127.74775,26.12324,0
            127.74763,26.12323,0
            127.74741,26.12323,0
            127.74736,26.12324,0
            127.74696,26.12324,0
            127.74681,26.12326,0
            127.74668,26.12326,0
            127.74498,26.12337,0
            127.74476,26.12337,0
            127.7447,26.12336,0
            127.74452,26.1233,0
            127.74447,26.12327,0
            127.74432,26.12314,0
            127.74423,26.12303,0
            127.74396,26.12266,0
            127.74386,26.12254,0
            127.7435,26.12202,0
            127.7434,26.12184,0
            127.74329,26.12168,0
            127.74322,26.12162,0
            127.74317,26.12156,0
            127.74299,26.12141,0
            127.74273,26.12122,0
            127.74241,26.12105,0
            127.74238,26.12103,0
            127.7421,26.12089,0
            127.74137,26.12057,0
            127.74133,26.12054,0
            127.74109,26.1204,0
            127.74092,26.12025,0
            127.74085,26.1202,0
            127.73966,26.11918,0
            127.73946,26.11903,0
            127.73927,26.11891,0
            127.73917,26.11887,0
            127.73907,26.11882,0
            127.73862,26.11863,0
            127.7385,26.11857,0
            127.73792,26.11833,0
            127.7379,26.11833,0
            127.7378,26.11827,0
            127.73755,26.11817,0
            127.73729,26.11809,0
            127.73708,26.11805,0
            127.73691,26.11803,0
            127.73612,26.118,0
            127.73563,26.11794,0
            127.73512,26.11783,0
            127.73359,26.1174,0
            127.73332,26.11731,0
            127.73325,26.11727,0
            127.73314,26.11723,0
            127.73292,26.11709,0
            127.73278,26.11698,0
            127.73262,26.11679,0
            127.73251,26.11664,0
            127.73248,26.11656,0
            127.73243,26.11647,0
            127.73236,26.11628,0
            127.73232,26.1162,0
            127.73229,26.11609,0
            127.73226,26.11604,0
            127.73222,26.11592,0
            127.7321,26.11569,0
            127.73199,26.11553,0
            127.73186,26.1154,0
            127.73048,26.11423,0
            127.72918,26.1133,0
            127.72901,26.1132,0
            127.72863,26.11293,0
            127.72855,26.11289,0
            127.72846,26.11283,0
            127.72825,26.11272,0
            127.72779,26.11252,0
            127.72769,26.11245,0
            127.72745,26.11232,0
            127.72733,26.11223,0
            127.72725,26.11216,0
            127.72703,26.11192,0
            127.72658,26.11131,0
            127.72648,26.11119,0
            127.72639,26.11109,0
            127.72608,26.11079,0
            127.72524,26.11003,0
            127.72505,26.10982,0
            127.7249,26.1096,0
            127.72479,26.10939,0
            127.72459,26.10889,0
            127.7245,26.1087,0
            127.72436,26.10851,0
            127.72423,26.10839,0
            127.72419,26.10836,0
            127.72407,26.10829,0
            127.72373,26.10815,0
            127.72278,26.10783,0
            127.7227,26.10778,0
            127.72264,26.10776,0
            127.72253,26.10771,0
            127.72247,26.10769,0
            127.72226,26.10758,0
            127.72205,26.10743,0
            127.72196,26.10734,0
            127.72194,26.1073,0
            127.72182,26.10713,0
            127.72177,26.10704,0
            127.72174,26.10694,0
            127.72172,26.1069,0
            127.72172,26.10686,0
            127.7217,26.10677,0
            127.7217,26.10664,0
            127.72174,26.10643,0
            127.72174,26.10642,0
            127.72183,26.10617,0
            127.72188,26.10609,0
            127.72189,26.10606,0
            127.72228,26.10539,0
            127.72232,26.10526,0
            127.72232,26.10524,0
            127.72234,26.10518,0
            127.72237,26.105,0
            127.72236,26.10452,0
            127.72226,26.10287,0
            127.72225,26.10225,0
            127.72222,26.10167,0
            127.72222,26.10149,0
            127.72216,26.10034,0
            127.72211,26.0999,0
            127.72204,26.0996,0
            127.72191,26.09927,0
            127.72189,26.09924,0
            127.72196,26.09922,0
            127.72201,26.09919,0
            127.72213,26.09914,0
            127.72218,26.09909,0
            127.72219,26.09907,0
            127.72219,26.09898,0
            127.72218,26.0989,0
            127.72202,26.09812,0
            127.72173,26.09719,0
            127.72285,26.0969,0
            127.7228,26.09672,0
            127.7228,26.09671,0
            127.7225,26.09583,0
            127.72249,26.09581,0
            127.7225,26.09583,0
            127.7228,26.09671,0
            127.7228,26.09672,0
            127.72285,26.0969,0
            127.72137,26.09729,0
            127.72131,26.0973,0
            127.72128,26.09732,0
            127.72121,26.09734,0
            127.72109,26.09739,0
            127.72089,26.09751,0
            127.72085,26.09755,0
            127.72073,26.09765,0
            127.72068,26.0977,0
            127.72064,26.09773,0
            127.72059,26.09778,0
            127.71965,26.09696,0
            127.71962,26.09694,0
            127.71934,26.09668,0
            127.71919,26.09656,0
            127.71905,26.09643,0
            127.7189,26.09631,0
            127.71855,26.09599,0
            127.71846,26.09592,0
            127.71751,26.0951,0
            127.71748,26.09506,0
            127.7173,26.09491,0
            127.71718,26.09479,0
            127.71657,26.09436,0
            127.71645,26.0943,0
            127.71604,26.09413,0
            127.71571,26.09404,0
            127.7153,26.09397,0
            127.71476,26.09396,0
            127.71447,26.09399,0
            127.71401,26.09406,0
            127.71395,26.09406,0
            127.71377,26.09409,0
            127.71359,26.0941,0
            127.71344,26.09412,0
            127.71318,26.09412,0
            127.71311,26.09411,0
            127.71303,26.09411,0
            127.71284,26.09409,0
            127.71261,26.09405,0
            127.71245,26.09401,0
            127.71212,26.09395,0
            127.71206,26.09393,0
            127.71183,26.0939,0
            127.71155,26.0939,0
            127.71153,26.09391,0
            127.7115,26.09391,0
            127.71133,26.09394,0
            127.71131,26.09395,0
            127.7112,26.09398,0
            127.71114,26.09399,0
            127.71045,26.0942,0
            127.71043,26.0942,0
            127.71024,26.09428,0
            127.71015,26.09433,0
            127.71009,26.09438,0
            127.71008,26.09438,0
            127.71,26.09443,0
            127.70985,26.09456,0
            127.70947,26.09498,0
            127.70927,26.09516,0
            127.70923,26.09519,0
            127.70914,26.09524,0
            127.70909,26.09528,0
            127.70902,26.09532,0
            127.70891,26.09536,0
            127.70885,26.09539,0
            127.70872,26.09543,0
            127.70855,26.09547,0
            127.70827,26.09552,0
            127.70795,26.09555,0
            127.7078,26.09555,0
            127.70752,26.09553,0
            127.70735,26.09553,0
            127.70725,26.09555,0
            127.70718,26.09557,0
            127.70713,26.09559,0
            127.70706,26.09561,0
            127.70703,26.09563,0
            127.70699,26.09564,0
            127.70696,26.09566,0
            127.70691,26.09568,0
            127.70687,26.09572,0
            127.70677,26.09578,0
            127.70673,26.09581,0
            127.70669,26.09583,0
            127.70665,26.09586,0
            127.70656,26.0959,0
            127.70633,26.09596,0
            127.70626,26.09597,0
            127.70609,26.09597,0
            127.70602,26.09596,0
            127.70582,26.09595,0
            127.70566,26.09593,0
            127.70558,26.09593,0
            127.70551,26.09592,0
            127.70546,26.09592,0
            127.70542,26.09593,0
            127.70534,26.09593,0
            127.70525,26.09595,0
            127.70521,26.09595,0
            127.7048,26.09605,0
            127.70474,26.09607,0
            127.70458,26.0961,0
            127.70454,26.0961,0
            127.70451,26.09611,0
            127.70447,26.09611,0
            127.70443,26.09612,0
            127.70419,26.09612,0
            127.70351,26.09609,0
            127.70325,26.09609,0
            127.70318,26.09608,0
            127.70298,26.09607,0
            127.70272,26.09607,0
            127.7027,26.09606,0
            127.70255,26.09606,0
            127.70227,26.09602,0
            127.70226,26.09601,0
            127.70223,26.09601,0
            127.70219,26.09599,0
            127.70214,26.09598,0
            127.70201,26.09592,0
            127.70197,26.09589,0
            127.70193,26.09587,0
            127.70184,26.09581,0
            127.70148,26.09553,0
            127.70139,26.09547,0
            127.70133,26.09544,0
            127.70129,26.09541,0
            127.70124,26.09538,0
            127.70098,26.09528,0
            127.69992,26.09494,0
            127.69989,26.09492,0
            127.69946,26.09479,0
            127.69923,26.09476,0
            127.6989,26.09474,0
            127.69876,26.09474,0
            127.69866,26.09473,0
            127.69804,26.09473,0
            127.69681,26.09469,0
            127.69671,26.09468,0
            127.69571,26.09468,0
            127.69532,26.0947,0
            127.69527,26.09471,0
            127.69519,26.09471,0
            127.69291,26.09517,0
            127.6926,26.09526,0
            127.69247,26.09529,0
            127.69168,26.09553,0
            127.69141,26.09558,0
            127.69063,26.09581,0
            127.6906,26.09581,0
            127.69054,26.09582,0
            127.69048,26.09584,0
            127.69038,26.09584,0
            127.69033,26.09585,0
            127.69028,26.09584,0
            127.69023,26.09584,0
            127.68829,26.09544,0
            127.68809,26.09539,0
            127.68801,26.09538,0
            127.68796,26.09536,0
            127.68783,26.09533,0
            127.68759,26.09525,0
            127.68755,26.09523,0
            127.68751,26.09522,0
            127.68711,26.09505,0
            127.68708,26.09503,0
            127.68682,26.09491,0
            127.68666,26.09485,0
            127.68655,26.0948,0
            127.68644,26.09477,0
            127.68642,26.09477,0
            127.68631,26.09474,0
            127.68628,26.09474,0
            127.68623,26.09473,0
            127.686,26.09473,0
            127.6857,26.09475,0
            127.68509,26.09485,0
            127.68398,26.09511,0
            127.68374,26.09519,0
            127.68369,26.09522,0
            127.68358,26.09527,0
            127.6835,26.09532,0
            127.68345,26.09534,0
            127.68328,26.09546,0
            127.6831,26.09555,0
            127.683,26.09559,0
            127.68295,26.0956,0
            127.68289,26.09562,0
            127.68178,26.09582,0
            127.68168,26.09585,0
            127.68159,26.09586,0
            127.68152,26.09588,0
            127.68148,26.0959,0
            127.68124,26.09597,0
            127.68035,26.09628,0
            127.68034,26.09628,0
            127.67996,26.09641,0
            127.67988,26.09645,0
            127.67977,26.09649,0
            127.67961,26.09657,0
            127.67951,26.09663,0
            127.67946,26.09667,0
            127.67941,26.0967,0
            127.67924,26.09683,0
            127.67915,26.09692,0
            127.67908,26.09698,0
            127.67897,26.0971,0
            127.67863,26.09751,0
            127.67839,26.09777,0
            127.67804,26.09818,0
            127.67796,26.09831,0
            127.67788,26.0984,0
            127.6777,26.09867,0
            127.67757,26.09893,0
            127.67744,26.09922,0
            127.67736,26.09957,0
            127.67734,26.09972,0
            127.67733,26.10006,0
            127.67738,26.10047,0
            127.67746,26.10075,0
            127.67753,26.10094,0
            127.67802,26.10186,0
            127.67817,26.10222,0
            127.67822,26.10238,0
            127.67826,26.10256,0
            127.67827,26.10263,0
            127.67827,26.10274,0
            127.67828,26.10283,0
            127.67828,26.10295,0
            127.67827,26.10299,0
            127.67827,26.10308,0
            127.67825,26.10317,0
            127.67825,26.1032,0
            127.67823,26.10332,0
            127.6782,26.10341,0
            127.67818,26.1035,0
            127.67809,26.10373,0
            127.67791,26.10405,0
            127.67772,26.10429,0
            127.67758,26.10442,0
            127.67753,26.10448,0
            127.67743,26.10455,0
            127.67736,26.10461,0
            127.67714,26.10475,0
            127.67706,26.10481,0
            127.67609,26.10529,0
            127.67549,26.10562,0
            127.67508,26.10587,0
            127.67425,26.10644,0
            127.67387,26.10674,0
            127.67308,26.10741,0
            127.67273,26.10774,0
            127.67055,26.10967,0
            127.67042,26.10981,0
            127.67036,26.10985,0
            127.6691,26.11097,0
            127.66904,26.11099,0
            127.669,26.11103,0
            127.66889,26.11112,0
            127.66877,26.11124,0
            127.66874,26.11128,0
            127.66865,26.11138,0
            127.66859,26.11146,0
            127.66856,26.11151,0
            127.66845,26.11166,0
            127.66834,26.1119,0
            127.66833,26.11194,0
            127.6683,26.11202,0
            127.66823,26.11226,0
            127.66821,26.11239,0
            127.66819,26.11268,0
            127.6682,26.11313,0
            127.66842,26.11548,0
            127.66843,26.11554,0
            127.66848,26.11629,0
            127.6685,26.11635,0
            127.66853,26.11695,0
            127.6685,26.11724,0
            127.6685,26.11752,0
            127.66843,26.11821,0
            127.66839,26.11847,0
            127.66826,26.11906,0
            127.66806,26.11972,0
            127.66771,26.12099,0
            127.66767,26.1211,0
            127.6676,26.12137,0
            127.66758,26.12142,0
            127.66757,26.12147,0
            127.66749,26.12174,0
            127.66748,26.12179,0
            127.66685,26.12399,0
            127.66668,26.12465,0
            127.66654,26.12506,0
            127.66652,26.12516,0
            127.66585,26.12749,0
            127.66585,26.1275,0
            127.66526,26.12956,0
            127.66526,26.12958,0
            127.66334,26.13633,0
            127.66323,26.13667,0
            127.66246,26.13942,0
            127.66245,26.13947,0
            127.6623,26.14,0
            127.66224,26.14017,0
            127.66137,26.14318,0
            127.66133,26.14329,0
            127.66111,26.14404,0
            127.66102,26.1444,0
            127.661,26.14445,0
            127.66098,26.14455,0
            127.66087,26.14489,0
            127.6608,26.14515,0
            127.66077,26.14523,0
            127.66044,26.14638,0
            127.66042,26.14642,0
            127.6603,26.14687,0
            127.65996,26.14799,0
            127.65995,26.14805,0
            127.65994,26.14808,0
            127.65992,26.14812,0
            127.6599,26.14821,0
            127.65988,26.14826,0
            127.65859,26.15266,0
            127.65847,26.15303,0
            127.65836,26.15343,0
            127.65811,26.15422,0
            127.65809,26.15426,0
            127.658,26.15456,0
            127.658,26.15457,0
            127.65769,26.15539,0
            127.65754,26.15575,0
            127.65751,26.15581,0
            127.6574,26.15608,0
            127.65725,26.1564,0
            127.65692,26.15703,0
            127.65676,26.1573,0
            127.65656,26.1576,0
            127.65656,26.15761,0
            127.65647,26.15776,0
            127.65646,26.15777,0
            127.65625,26.15808,0
            127.65605,26.15835,0
            127.65593,26.15853,0
            127.65512,26.15955,0
            127.65499,26.1597,0
            127.65495,26.15976,0
            127.65486,26.15985,0
            127.6548,26.15993,0
            127.65423,26.16059,0
            127.65408,26.16078,0
            127.65399,26.16087,0
            127.65315,26.16187,0
            127.65281,26.16231,0
            127.65249,26.16278,0
            127.65235,26.16301,0
            127.65233,26.16306,0
            127.65217,26.16334,0
            127.65216,26.16335,0
            127.65204,26.16361,0
            127.65202,26.16363,0
            127.65188,26.16397,0
            127.65161,26.16475,0
            127.6515,26.16529,0
            127.65148,26.16544,0
            127.65147,26.16548,0
            127.65144,26.16569,0
            127.65142,26.16593,0
            127.65142,26.16603,0
            127.65141,26.16612,0
            127.65141,26.1662,0
            127.6514,26.16629,0
            127.65141,26.16682,0
            127.65144,26.16722,0
            127.6515,26.16776,0
            127.6517,26.16921,0
            127.6517,26.16924,0
            127.65171,26.16932,0
            127.65172,26.16933,0
            127.65172,26.16939,0
            127.65176,26.16963,0
            127.65176,26.16967,0
            127.65196,26.17116,0
            127.65219,26.17252,0
            127.6522,26.17253,0
            127.65224,26.17277,0
            127.65227,26.17287,0
            127.65232,26.17309,0
            127.65234,26.17323,0
            127.65237,26.17332,0
            127.65251,26.17396,0
            127.65255,26.17409,0
            127.65279,26.1751,0
            127.65277,26.17515,0
            127.65276,26.17516,0
            127.65275,26.17525,0
            127.65273,26.17531,0
            127.65268,26.17534,0
            127.65265,26.17535,0
            127.65262,26.17535,0
            127.65257,26.17538,0
            127.65231,26.17537,0
            127.65213,26.1754,0
            127.64966,26.17523,0
            127.64957,26.17523,0
            127.64907,26.1752,0
            127.64732,26.17517,0
            127.64561,26.17502,0
            127.64514,26.17501,0
            127.64514,26.17455,0
            127.64508,26.17434,0
            127.645,26.17422,0
            127.64491,26.17413,0
            127.64487,26.1741,0
            127.64463,26.17399,0
            127.64385,26.17376,0
            127.64346,26.17363,0
            127.64326,26.17358,0
            127.64307,26.17352,0
            127.64297,26.17351,0
            127.64282,26.17352,0
            127.64277,26.17353,0
            127.64275,26.17354,0
            127.64273,26.17354,0
            127.64256,26.17361,0
            127.64249,26.17366,0
            127.64238,26.17377,0
            127.6423,26.17388,0
            127.6423,26.17389,0
            127.64168,26.17488,0
            127.64163,26.17498,0
            127.64143,26.17529,0
            127.64139,26.17533,0
            127.64137,26.17536,0
            127.6413,26.17543,0
            127.64113,26.17556,0
            127.64117,26.17563,0
            127.64119,26.17568,0
            127.6412,26.17578,0
            127.64119,26.17581,0
            127.64119,26.17584,0
            127.64118,26.17586,0
            127.64118,26.17588,0
            127.64113,26.17595,0
            127.64072,26.17637,0
            127.64069,26.17641,0
            127.64068,26.17644,0
            127.64067,26.17651,0
            127.64068,26.17653,0
            127.64068,26.17655,0
            127.64073,26.17662,0
            127.64075,26.17664,0
            127.64079,26.17667,0
            127.6408,26.17667,0
            127.64088,26.17673,0
            127.64094,26.17676,0
            127.64098,26.17677,0
            127.64099,26.17678,0
            127.64107,26.17678,0
            127.64115,26.17676,0
            127.64116,26.17676,0
            127.64122,26.17673,0
            127.6413,26.17668,0
            127.64133,26.17667,0
            127.64146,26.17657,0
            127.64162,26.1765,0
            127.64166,26.17647,0
            127.64177,26.17641,0
            127.64246,26.17579,0
            127.64269,26.17555,0
            127.64281,26.17536,0
            127.64289,26.17521,0
            127.64295,26.17512,0
            127.64303,26.17496,0
            127.64305,26.17489,0
            127.64308,26.17484,0
            127.64312,26.17479,0
            127.6432,26.17472,0
            127.64351,26.17451,0
            127.64356,26.17449,0
            127.64359,26.17446,0
            127.64367,26.17443,0
            127.64371,26.17441,0
            127.64374,26.1744,0
            127.64382,26.1744,0
            127.64387,26.17442,0
            127.64389,26.17442,0
            127.6439,26.17444,0
            127.64392,26.17445,0
            127.64394,26.17447,0
            127.64394,26.17449,0
            127.64396,26.17451,0
            127.64396,26.17461,0
            127.64395,26.17462,0
            127.64395,26.17465,0
            127.64394,26.17466,0
            127.64393,26.17468,0
            127.64392,26.17469,0
            127.64391,26.17471,0
            127.64387,26.17475,0
            127.64387,26.17476,0
            127.64348,26.17515,0
            127.64345,26.17519,0
            127.64342,26.17524,0
            127.64341,26.17525,0
            127.64341,26.17526,0
            127.64339,26.1753,0
            127.64338,26.17531,0
            127.64338,26.17533,0
            127.64337,26.17534,0
            127.64337,26.17536,0
            127.64336,26.17538,0
            127.64336,26.17544,0
            127.64337,26.17546,0
            127.64337,26.17548,0
            127.64338,26.17551,0
            127.64338,26.17552,0
            127.64339,26.17554,0
            127.6434,26.17555,0
            127.64342,26.17559,0
            127.64352,26.17568,0
            127.64359,26.17573,0
            127.64388,26.17542,0
            127.64391,26.17538,0
            127.64396,26.17534,0
            127.64401,26.17529,0
            127.64413,26.17521,0
            127.64414,26.17521,0
            127.6442,26.17517,0
            127.64424,26.17515,0
            127.64427,26.17513,0
            127.64432,26.17512,0
            127.64435,26.1751,0
            127.64441,26.17508,0
            127.64473,26.17502,0
            127.64503,26.17502,0
            127.64514,26.17501,0
            127.64561,26.17502,0
            127.64732,26.17517,0
            127.64907,26.1752,0
            127.64957,26.17523,0
            127.64966,26.17523,0
            127.65213,26.1754,0
            127.6522,26.17542,0
            127.65289,26.17549,0
            127.65316,26.17655,0
            127.65318,26.17661,0
            127.65321,26.17679,0
            127.65326,26.17695,0
            127.65341,26.17732,0
            127.6535,26.17758,0
            127.65381,26.17833,0
            127.65392,26.17853,0
            127.65397,26.17859,0
            127.65412,26.17873,0
            127.65418,26.1788,0
            127.65432,26.17901,0
            127.65463,26.17955,0
            127.65478,26.17986,0
            127.65493,26.18024,0
            127.65503,26.1806,0
            127.65511,26.181,0
            127.65519,26.18155,0
            127.65571,26.18455,0
            127.65576,26.1849,0
            127.65576,26.18493,0
            127.6559,26.18586,0
            127.65601,26.18633,0
            127.65608,26.18651,0
            127.65611,26.18661,0
            127.65623,26.18692,0
            127.65629,26.18704,0
            127.65631,26.18715,0
            127.65638,26.18729,0
            127.65672,26.18785,0
            127.65711,26.18834,0
            127.65737,26.18863,0
            127.6574,26.18867,0
            127.65818,26.18951,0
            127.65844,26.18983,0
            127.6586,26.19007,0
            127.65864,26.19014,0
            127.65869,26.19021,0
            127.65888,26.1906,0
            127.65903,26.19099,0
            127.65914,26.19137,0
            127.65919,26.19162,0
            127.65924,26.1921,0
            127.65924,26.19221,0
            127.65925,26.19229,0
            127.65925,26.19241,0
            127.65924,26.19248,0
            127.65924,26.1926,0
            127.65922,26.19269,0
            127.65921,26.19282,0
            127.65915,26.19317,0
            127.659,26.19386,0
            127.65898,26.19391,0
            127.65895,26.19403,0
            127.6589,26.19438,0
            127.6589,26.19443,0
            127.65889,26.1945,0
            127.65889,26.19457,0
            127.6589,26.19464,0
            127.6589,26.19475,0
            127.65891,26.19482,0
            127.65891,26.1949,0
            127.65892,26.19493,0
            127.65896,26.19517,0
            127.659,26.19533,0
            127.65913,26.19566,0
            127.65931,26.19598,0
            127.65951,26.19627,0
            127.65998,26.19687,0
            127.66045,26.19738,0
            127.66061,26.19758,0
            127.66069,26.1977,0
            127.66097,26.19806,0
            127.66104,26.19818,0
            127.66109,26.19825,0
            127.66115,26.19835,0
            127.66116,26.19836,0
            127.66125,26.19851,0
            127.66142,26.19884,0
            127.66142,26.19885,0
            127.66146,26.19893,0
            127.66155,26.19916,0
            127.66169,26.19962,0
            127.66174,26.19986,0
            127.66174,26.19988,0
            127.66181,26.20035,0
            127.66185,26.20092,0
            127.66186,26.20096,0
            127.66189,26.20147,0
            127.66195,26.20197,0
            127.66195,26.20202,0
            127.66196,26.20205,0
            127.66201,26.20244,0
            127.66206,26.20269,0
            127.66227,26.20337,0
            127.66253,26.20404,0
            127.66272,26.2044,0
            127.66296,26.20477,0
            127.66307,26.20492,0
            127.66327,26.20513,0
            127.66332,26.20519,0
            127.66338,26.20525,0
            127.66359,26.20542,0
            127.66366,26.20546,0
            127.66373,26.20551,0
            127.66379,26.20554,0
            127.6638,26.20555,0
            127.66383,26.20557,0
            127.66394,26.20562,0
            127.66403,26.20567,0
            127.66413,26.20571,0
            127.6642,26.20573,0
            127.66438,26.2058,0
            127.6644,26.2058,0
            127.6645,26.20583,0
            127.66452,26.20584,0
            127.66461,26.20586,0
            127.66497,26.20591,0
            127.66505,26.20591,0
            127.66512,26.20592,0
            127.66525,26.20592,0
            127.66529,26.20591,0
            127.66541,26.20591,0
            127.66572,26.20587,0
            127.66604,26.20579,0
            127.66636,26.20567,0
            127.66714,26.2053,0
            127.66728,26.20522,0
            127.66759,26.20508,0
            127.66772,26.20501,0
            127.6685,26.20464,0
            127.66854,26.20463,0
            127.66861,26.20463,0
            127.66892,26.20452,0
            127.66906,26.20448,0
            127.66908,26.20447,0
            127.66971,26.20433,0
            127.67011,26.20429,0
            127.67065,26.2043,0
            127.67081,26.20432,0
            127.67123,26.20441,0
            127.67151,26.20449,0
            127.67152,26.2045,0
            127.67163,26.20453,0
            127.67184,26.20461,0
            127.67193,26.20466,0
            127.67213,26.20475,0
            127.6722,26.20479,0
            127.67221,26.2048,0
            127.67222,26.2048,0
            127.67241,26.20491,0
            127.67262,26.20505,0
            127.67282,26.20521,0
            127.6731,26.20547,0
            127.67329,26.20568,0
            127.67353,26.20599,0
            127.67373,26.20631,0
            127.67379,26.20643,0
            127.67385,26.20653,0
            127.67391,26.20668,0
            127.67407,26.20701,0
            127.67413,26.20717,0
            127.67419,26.20737,0
            127.67422,26.20745,0
            127.67427,26.20765,0
            127.67432,26.20781,0
            127.67441,26.2082,0
            127.67445,26.20834,0
            127.67449,26.20855,0
            127.67466,26.20927,0
            127.67478,26.20996,0
            127.67506,26.21116,0
            127.67512,26.21137,0
            127.67514,26.2115,0
            127.6753,26.21221,0
            127.67547,26.21281,0
            127.67558,26.21309,0
            127.67575,26.2134,0
            127.67589,26.21361,0
            127.67598,26.21371,0
            127.67611,26.21366,0
            127.67624,26.21364,0
            127.67748,26.21333,0
            127.67753,26.21348,0
          </coordinates>
        </LineString>
      </Placemark>
      <Placemark>
        <name>MINATOGAWA STAY OKINAWA</name>
        <styleUrl>#icon-1899-DB4436-nodesc</styleUrl>
        <Point>
          <coordinates>
            127.7564401,26.1256856,0
          </coordinates>
        </Point>
      </Placemark>
      <Placemark>
        <name>沖繩戰跡國定公園</name>
        <styleUrl>#icon-1899-DB4436-nodesc</styleUrl>
        <Point>
          <coordinates>
            127.7224903,26.0958095,0
          </coordinates>
        </Point>
      </Placemark>
      <Placemark>
        <name>瀨長島</name>
        <styleUrl>#icon-1899-DB4436-nodesc</styleUrl>
        <Point>
          <coordinates>
            127.6406836,26.1765498,0
          </coordinates>
        </Point>
      </Placemark>
      <Placemark>
        <name>Comfort Hotel Naha Prefectural Office</name>
        <styleUrl>#icon-1899-DB4436-nodesc</styleUrl>
        <Point>
          <coordinates>
            127.6775267,26.2134804,0
          </coordinates>
        </Point>
      </Placemark>
    </Folder>
  </Document>
</kml>
